,CHROMOSOME,pos,mut,is_ok,approved_ratio
0,chr18,1597,G/A,True,0.9
1,chr22,1792,G/G,True,0.9
2,chr1,1694,G/A,True,0.9
3,chr6,1360,A/A,True,0.9
4,chr16,100,G/T,True,0.9
5,chr6,1031,T/T,True,0.9
6,chr7,430,G/T,True,0.9
7,chr1,8,G/T,True,0.9
8,chr20,1273,C/G,True,0.9
9,chr8,1426,C/T,True,0.9
10,chr13,511,C/T,True,0.9
11,chr4,972,G/C,True,0.9
12,chr11,677,T/T,True,0.9
13,chr13,1823,A/C,True,0.9
14,chr15,1987,T/A,True,0.9
15,chrY,852,C/T,True,0.9
16,chrY,1261,A/C,True,0.9
17,chr22,1804,G/C,True,0.9
18,chr14,215,A/T,True,0.9
19,chr3,200,G/A,True,0.9
20,chr21,324,C/A,True,0.9
21,chr19,1840,G/G,True,0.9
22,chr7,103,C/C,True,0.9
23,chr4,1203,A/G,True,0.9
24,chr11,1642,T/C,True,0.9
25,chr11,814,G/T,True,0.9
26,chr6,1710,C/A,True,0.9
27,chr11,1201,G/C,True,0.9
28,chr10,1448,T/T,True,0.9
29,chr21,1523,G/C,True,0.9
30,chr10,609,A/T,True,0.9
31,chr13,945,T/A,True,0.9
32,chr11,609,G/T,True,0.9
33,chr14,1496,A/T,True,0.9
34,chrY,1420,A/C,True,0.9
35,chr9,1227,T/G,True,0.9
36,chr20,626,G/C,True,0.9
37,chr11,1971,C/T,True,0.9
38,chrY,123,G/C,True,0.9
39,chr4,1554,T/C,True,0.9
40,chrX,991,C/A,True,0.9
41,chr9,233,C/G,True,0.9
42,chr2,1618,C/C,True,0.9
43,chr19,1203,A/C,True,0.9
44,chr12,966,T/T,True,0.9
45,chrY,588,A/C,True,0.9
46,chr16,905,G/A,True,0.9
47,chr12,1039,A/G,True,0.9
48,chr22,1874,A/A,True,0.9
49,chr16,1246,T/C,True,0.9
50,chr22,201,T/G,True,0.9
51,chr22,1350,C/C,True,0.9
52,chr1,26,A/A,True,0.9
53,chr6,227,A/A,True,0.9
54,chr19,1433,G/G,True,0.9
55,chr5,938,T/C,True,0.9
56,chr12,1247,A/G,True,0.9
57,chrX,362,G/A,True,0.9
58,chr22,1798,G/T,True,0.9
59,chr20,1885,C/C,True,0.9
60,chr7,916,G/T,True,0.9
61,chr6,193,T/T,True,0.9
62,chr22,536,T/T,True,0.9
63,chr7,1854,C/A,True,0.9
64,chr4,1514,C/T,True,0.9
65,chr16,1766,C/T,True,0.9
66,chr12,1214,A/C,True,0.9
67,chr10,881,C/T,True,0.9
68,chr4,487,A/G,True,0.9
69,chr15,143,A/C,True,0.9
70,chr7,896,C/G,True,0.9
71,chr6,365,G/T,True,0.9
72,chr8,1532,A/G,True,0.9
73,chr4,1314,A/G,True,0.9
74,chr3,830,C/A,True,0.9
75,chr6,589,T/C,True,0.9
76,chr20,1677,A/T,True,0.9
77,chr16,585,A/C,True,0.9
78,chr14,224,T/C,True,0.9
79,chrX,1954,T/A,True,0.9
80,chr5,1965,G/A,True,0.9
81,chrX,1594,G/G,True,0.9
82,chr12,442,C/G,True,0.9
83,chr1,1914,G/T,True,0.9
84,chr6,1012,A/T,True,0.9
85,chr6,1270,A/G,True,0.9
86,chr22,1263,T/T,True,0.9
87,chr20,147,T/T,True,0.9
88,chr9,1187,A/T,True,0.9
89,chr12,900,A/A,True,0.9
90,chr12,1692,C/G,True,0.9
91,chr14,130,T/T,True,0.9
92,chr5,668,A/T,True,0.9
93,chr8,1502,A/T,True,0.9
94,chr22,406,G/C,True,0.9
95,chr19,1537,G/A,True,0.9
96,chr13,709,A/A,True,0.9
97,chr20,1768,G/G,True,0.9
98,chr6,565,T/G,True,0.9
99,chr13,1508,G/A,True,0.9
100,chr7,240,A/G,True,0.9
101,chr16,893,T/T,True,0.9
102,chr5,771,G/A,True,0.9
103,chr2,1833,A/A,True,0.9
104,chrX,1417,G/T,True,0.9
105,chr14,829,A/G,True,0.9
106,chr15,385,C/T,True,0.9
107,chr21,628,A/A,True,0.9
108,chr11,744,A/A,True,0.9
109,chr22,1204,T/A,True,0.9
110,chr2,308,G/G,True,0.9
111,chr11,1711,C/C,True,0.9
112,chr11,57,C/G,True,0.9
113,chr22,1291,T/G,True,0.9
114,chr9,1133,C/C,True,0.9
115,chr16,577,T/T,True,0.9
116,chr18,121,C/G,True,0.9
117,chr6,279,T/C,True,0.9
118,chr7,1718,A/A,True,0.9
119,chr14,1831,A/T,True,0.9
120,chr3,1923,T/A,True,0.9
121,chr9,1849,A/G,True,0.9
122,chr12,1840,C/T,True,0.9
123,chr11,1346,G/G,True,0.9
124,chr7,1550,C/G,True,0.9
125,chr13,1781,A/A,True,0.9
126,chr15,108,T/G,True,0.9
127,chr12,876,C/G,True,0.9
128,chr5,910,C/A,True,0.9
129,chr13,1620,G/C,True,0.9
130,chr11,1404,A/A,True,0.9
131,chr11,1002,G/A,True,0.9
132,chr10,1404,C/G,True,0.9
133,chr1,394,T/C,True,0.9
134,chr7,746,C/G,True,0.9
135,chr7,658,C/G,True,0.9
136,chr1,832,C/T,True,0.9
137,chr2,503,C/C,True,0.9
138,chr8,1712,C/G,True,0.9
139,chr21,1454,G/C,True,0.9
140,chr11,1380,A/G,True,0.9
141,chr10,79,T/G,True,0.9
142,chr10,1722,A/C,True,0.9
143,chr21,104,A/A,True,0.9
144,chr20,369,A/C,True,0.9
145,chr11,1716,T/T,True,0.9
146,chr12,1539,A/T,True,0.9
147,chr21,497,T/A,True,0.9
148,chr4,1399,A/T,True,0.9
149,chr5,644,C/G,True,0.9
150,chr8,1719,A/A,True,0.9
151,chr19,1646,T/A,True,0.9
152,chr8,525,A/C,True,0.9
153,chr5,1551,C/G,True,0.9
154,chr11,384,C/A,True,0.9
155,chr11,1335,T/G,True,0.9
156,chr7,580,G/T,True,0.9
157,chr16,1605,A/C,True,0.9
158,chr15,1215,G/A,True,0.9
159,chr15,800,A/A,True,0.9
160,chr2,104,C/C,True,0.9
161,chr9,721,A/C,True,0.9
162,chr22,653,C/T,True,0.9
163,chr2,385,G/T,True,0.9
164,chr8,1447,G/G,True,0.9
165,chr16,1179,A/G,True,0.9
166,chr13,1795,G/T,True,0.9
167,chr21,773,C/C,True,0.9
168,chr18,371,G/G,True,0.9
169,chr21,1169,T/A,True,0.9
170,chr20,1442,C/G,True,0.9
171,chr13,653,A/C,True,0.9
172,chr21,679,G/C,True,0.9
173,chr6,500,G/G,True,0.9
174,chr14,1956,G/T,True,0.9
175,chr3,1249,T/C,True,0.9
176,chr16,1503,T/G,True,0.9
177,chr19,257,C/A,True,0.9
178,chr21,432,T/T,True,0.9
179,chr9,1962,T/C,True,0.9
180,chr8,698,G/G,True,0.9
181,chr15,341,A/G,True,0.9
182,chr19,1174,G/A,True,0.9
183,chr4,1854,G/A,True,0.9
184,chr18,1703,T/A,True,0.9
185,chr7,620,C/G,True,0.9
186,chr13,754,T/T,True,0.9
187,chr17,301,T/G,True,0.9
188,chr22,1861,A/C,True,0.9
189,chr20,1292,A/C,True,0.9
190,chr8,1725,T/T,True,0.9
191,chr8,735,G/T,True,0.9
192,chr9,778,T/C,True,0.9
193,chr7,37,C/G,True,0.9
194,chrY,1149,C/A,True,0.9
195,chr22,1199,G/A,True,0.9
196,chr1,1891,C/A,True,0.9
197,chr9,219,T/A,True,0.9
198,chr2,495,A/G,True,0.9
199,chr13,1056,T/C,True,0.9
200,chr1,326,A/G,True,0.9
201,chr6,115,C/C,True,0.9
202,chr8,1284,T/A,True,0.9
203,chrX,1409,T/T,True,0.9
204,chr7,1672,C/T,True,0.9
205,chr15,1435,C/T,True,0.9
206,chr4,1550,C/C,True,0.9
207,chr2,459,C/G,True,0.9
208,chr4,1703,G/A,True,0.9
209,chr5,1841,G/G,True,0.9
210,chr4,1699,A/C,True,0.9
211,chr16,387,C/C,True,0.9
212,chr12,352,T/T,True,0.9
213,chr2,1039,G/G,True,0.9
214,chr7,12,C/C,True,0.9
215,chr4,962,T/G,True,0.9
216,chr17,837,C/G,True,0.9
217,chr18,129,T/T,True,0.9
218,chr7,805,G/A,True,0.9
219,chr1,1113,A/G,True,0.9
220,chr8,1040,G/C,True,0.9
221,chr21,1869,G/G,True,0.9
222,chr13,1202,A/A,True,0.9
223,chr9,1112,A/C,True,0.9
224,chr18,1524,G/G,True,0.9
225,chr7,1864,T/A,True,0.9
226,chr2,371,T/C,True,0.9
227,chr10,1584,T/T,True,0.9
228,chr4,734,G/C,True,0.9
229,chr17,646,A/A,True,0.9
230,chrX,214,C/C,True,0.9
231,chr17,734,C/A,True,0.9
232,chr20,1836,T/T,True,0.9
233,chr13,411,G/T,True,0.9
234,chrX,576,T/C,True,0.9
235,chr20,405,A/A,True,0.9
236,chr1,788,A/T,True,0.9
237,chr3,1508,A/G,True,0.9
238,chr17,71,C/T,True,0.9
239,chr4,1875,C/T,True,0.9
240,chr16,795,C/A,True,0.9
241,chr10,932,G/G,True,0.9
242,chr6,1588,A/G,True,0.9
243,chr15,1275,A/C,True,0.9
244,chr4,1768,C/T,True,0.9
245,chr13,1523,G/A,True,0.9
246,chr7,1856,G/T,True,0.9
247,chrY,465,A/A,True,0.9
248,chr9,1098,A/A,True,0.9
249,chr16,1182,A/T,True,0.9
250,chrY,276,T/C,True,0.9
251,chr2,1357,G/A,True,0.9
252,chr8,1204,T/C,True,0.9
253,chrY,1687,T/T,True,0.9
254,chr7,1671,T/A,True,0.9
255,chr8,1940,T/C,True,0.9
256,chr22,393,T/T,True,0.9
257,chr19,307,T/A,True,0.9
258,chr5,225,T/C,True,0.9
259,chr13,107,T/A,True,0.9
260,chr20,206,T/A,True,0.9
261,chr4,1022,C/T,True,0.9
262,chr5,17,A/T,True,0.9
263,chrY,552,A/G,True,0.9
264,chr20,1484,C/A,True,0.9
265,chr14,1418,G/A,True,0.9
266,chr15,1444,C/T,True,0.9
267,chr19,1945,C/A,True,0.9
268,chr3,627,G/C,True,0.9
269,chr5,1229,G/C,True,0.9
270,chr16,726,G/T,True,0.9
271,chr7,1586,A/C,True,0.9
272,chr14,1041,G/C,True,0.9
273,chr15,1745,A/T,True,0.9
274,chr21,1599,G/T,True,0.9
275,chrX,749,C/A,True,0.9
276,chr9,776,A/G,True,0.9
277,chr19,1148,C/G,True,0.9
278,chr13,1209,G/T,True,0.9
279,chrX,514,T/A,True,0.9
280,chr7,399,A/C,True,0.9
281,chr9,1793,C/C,True,0.9
282,chr16,287,C/G,True,0.9
283,chr2,731,C/C,True,0.9
284,chr14,1582,C/G,True,0.9
285,chr4,939,G/G,True,0.9
286,chr8,1879,T/T,True,0.9
287,chr19,1098,T/A,True,0.9
288,chr1,392,G/C,True,0.9
289,chr8,1126,T/C,True,0.9
290,chr7,292,G/G,True,0.9
291,chr9,568,G/T,True,0.9
292,chr12,1669,T/A,True,0.9
293,chr4,902,T/G,True,0.9
294,chr12,103,A/G,True,0.9
295,chr3,532,T/C,True,0.9
296,chr2,342,C/A,True,0.9
297,chr1,1233,C/T,True,0.9
298,chr10,1900,G/G,True,0.9
299,chrY,784,T/A,True,0.9
300,chr13,308,A/C,True,0.9
301,chr7,1447,A/G,True,0.9
302,chr5,1883,C/T,True,0.9
303,chr8,230,C/A,True,0.9
304,chr9,329,A/A,True,0.9
305,chr11,1316,A/C,True,0.9
306,chrY,1475,G/C,True,0.9
307,chrX,324,A/A,True,0.9
308,chr21,806,A/G,True,0.9
309,chr7,1555,C/A,True,0.9
310,chr10,471,T/C,True,0.9
311,chr20,140,T/G,True,0.9
312,chr13,1449,A/A,True,0.9
313,chrX,1658,G/A,True,0.9
314,chr6,1401,A/G,True,0.9
315,chr14,1035,A/A,True,0.9
316,chr3,259,C/T,True,0.9
317,chr14,205,G/T,True,0.9
318,chr17,1704,A/C,True,0.9
319,chr12,1572,A/T,True,0.9
320,chr19,1889,G/C,True,0.9
321,chr22,165,T/C,True,0.9
322,chrX,1473,A/T,True,0.9
323,chr10,1297,C/A,True,0.9
324,chrY,458,T/A,True,0.9
325,chr16,35,A/T,True,0.9
326,chr10,411,A/G,True,0.9
327,chr18,1669,G/A,True,0.9
328,chr10,147,A/G,True,0.9
329,chr18,1735,T/T,True,0.9
330,chr2,1981,C/G,True,0.9
331,chr11,1163,A/A,True,0.9
332,chr12,762,A/T,True,0.9
333,chr19,919,T/A,True,0.9
334,chr4,1056,C/C,True,0.9
335,chr14,1474,T/G,True,0.9
336,chrX,1026,C/T,True,0.9
337,chr6,392,A/C,True,0.9
338,chr7,1683,G/G,True,0.9
339,chr13,956,T/G,True,0.9
340,chr3,913,G/A,True,0.9
341,chr12,284,G/T,True,0.9
342,chr21,1486,A/C,True,0.9
343,chr14,1227,C/C,True,0.9
344,chr6,1067,C/C,True,0.9
345,chr17,737,A/A,True,0.9
346,chr4,1151,T/C,True,0.9
347,chr1,262,C/A,True,0.9
348,chr11,827,A/A,True,0.9
349,chr2,1155,C/T,True,0.9
350,chr2,1604,G/G,True,0.9
351,chr10,782,G/T,True,0.9
352,chr18,878,T/A,True,0.9
353,chr19,1801,C/A,True,0.9
354,chr20,122,T/T,True,0.9
355,chrY,1672,A/T,True,0.9
356,chr10,1389,G/G,True,0.9
357,chr19,1251,A/T,True,0.9
358,chr3,770,G/C,True,0.9
359,chr20,1512,C/A,True,0.9
360,chr8,1693,C/A,True,0.9
361,chr1,1495,A/A,True,0.9
362,chr21,242,G/G,True,0.9
363,chr14,300,A/T,True,0.9
364,chr22,1261,T/A,True,0.9
365,chr15,375,G/C,True,0.9
366,chr3,351,A/C,True,0.9
367,chr3,165,G/G,True,0.9
368,chrX,1701,C/C,True,0.9
369,chr18,181,T/A,True,0.9
370,chr20,129,T/G,True,0.9
371,chr19,1981,A/G,True,0.9
372,chr20,942,T/G,True,0.9
373,chr11,525,T/A,True,0.9
374,chr21,1518,G/G,True,0.9
375,chr10,1557,G/G,True,0.9
376,chr7,694,C/A,True,0.9
377,chr2,540,G/T,True,0.9
378,chr16,520,G/A,True,0.9
379,chr7,1556,A/G,True,0.9
380,chrX,1951,T/G,True,0.9
381,chr8,948,C/T,True,0.9
382,chr12,928,G/G,True,0.9
383,chr6,1896,A/T,True,0.9
384,chr16,495,A/C,True,0.9
385,chr17,1599,T/T,True,0.9
386,chr7,1407,C/A,True,0.9
387,chr8,771,C/G,True,0.9
388,chr16,76,G/C,True,0.9
389,chr19,264,A/C,True,0.9
390,chr2,1399,T/G,True,0.9
391,chr13,246,A/A,True,0.9
392,chr8,908,C/A,True,0.9
393,chr2,1889,G/C,True,0.9
394,chr4,1059,A/G,True,0.9
395,chrY,1430,T/A,True,0.9
396,chr3,1639,G/A,True,0.9
397,chr19,1253,C/T,True,0.9
398,chr11,1621,C/C,True,0.9
399,chr17,158,C/T,True,0.9
400,chr16,421,C/G,True,0.9
401,chr16,1053,G/A,True,0.9
402,chr21,387,A/T,True,0.9
403,chrY,1680,A/C,True,0.9
404,chr15,636,C/G,True,0.9
405,chr20,1731,A/G,True,0.9
406,chr2,367,A/T,True,0.9
407,chr19,934,A/T,True,0.9
408,chr19,1458,G/G,True,0.9
409,chr5,1841,T/G,True,0.9
410,chr10,1914,A/A,True,0.9
411,chr12,333,T/G,True,0.9
412,chr11,815,A/G,True,0.9
413,chr8,1684,C/T,True,0.9
414,chr16,241,G/C,True,0.9
415,chr1,1271,G/A,True,0.9
416,chr9,135,T/G,True,0.9
417,chr14,1523,A/C,True,0.9
418,chr19,767,A/T,True,0.9
419,chr7,784,A/T,True,0.9
420,chrX,1991,C/G,True,0.9
421,chr17,1160,T/C,True,0.9
422,chr13,701,T/G,True,0.9
423,chr7,1849,T/C,True,0.9
424,chr14,1896,A/G,True,0.9
425,chrY,498,G/G,True,0.9
426,chr7,955,T/A,True,0.9
427,chr10,755,T/T,True,0.9
428,chr17,1871,C/A,True,0.9
429,chr10,1620,C/C,True,0.9
430,chrY,1275,A/A,True,0.9
431,chr18,1831,A/A,True,0.9
432,chr7,275,T/G,True,0.9
433,chr14,746,A/T,True,0.9
434,chrY,39,A/C,True,0.9
435,chr22,581,G/A,True,0.9
436,chr1,249,A/C,True,0.9
437,chr19,1249,A/T,True,0.9
438,chr15,587,G/T,True,0.9
439,chr1,1727,A/C,True,0.9
440,chr16,31,C/T,True,0.9
441,chr12,1095,C/T,True,0.9
442,chrY,1062,G/T,True,0.9
443,chr13,1113,C/C,True,0.9
444,chr19,515,T/C,True,0.9
445,chr3,1252,G/T,True,0.9
446,chr8,1822,A/C,True,0.9
447,chr17,1235,T/A,True,0.9
448,chr1,570,A/T,True,0.9
449,chr8,1106,T/A,True,0.9
450,chr18,110,G/C,True,0.9
451,chr6,228,G/A,True,0.9
452,chr19,380,G/A,True,0.9
453,chr17,1710,G/T,True,0.9
454,chr20,304,T/A,True,0.9
455,chr2,1348,C/T,True,0.9
456,chr2,1036,A/G,True,0.9
457,chr9,1828,T/C,True,0.9
458,chrY,1909,T/A,True,0.9
459,chr20,765,A/G,True,0.9
460,chr16,527,C/G,True,0.9
461,chr6,1346,C/C,True,0.9
462,chrX,1892,C/A,True,0.9
463,chr4,1994,C/A,True,0.9
464,chr18,1776,G/T,True,0.9
465,chr13,1663,G/A,True,0.9
466,chr22,394,A/T,True,0.9
467,chr12,361,G/A,True,0.9
468,chr22,1554,G/C,True,0.9
469,chrY,176,G/G,True,0.9
470,chrX,1744,T/A,True,0.9
471,chr11,408,T/T,True,0.9
472,chrX,1535,A/T,True,0.9
473,chr3,70,C/G,True,0.9
474,chr12,1401,G/T,True,0.9
475,chr13,1111,T/T,True,0.9
476,chr16,338,C/C,True,0.9
477,chr22,235,T/C,True,0.9
478,chr7,1411,C/C,True,0.9
479,chr1,1723,C/T,True,0.9
480,chr4,1527,C/A,True,0.9
481,chr6,614,T/A,True,0.9
482,chrY,448,A/T,True,0.9
483,chr2,98,G/C,True,0.9
484,chr7,1566,C/C,True,0.9
485,chr2,1755,T/G,True,0.9
486,chr14,1088,G/C,True,0.9
487,chr17,971,G/G,True,0.9
488,chr17,1685,A/C,True,0.9
489,chr20,637,T/C,True,0.9
490,chr2,1074,C/T,True,0.9
491,chr3,1481,T/A,True,0.9
492,chr21,706,C/C,True,0.9
493,chr20,1064,T/C,True,0.9
494,chr4,1437,A/C,True,0.9
495,chr1,1172,T/C,True,0.9
496,chr20,685,A/C,True,0.9
497,chr15,1804,A/A,True,0.9
498,chr7,1767,T/T,True,0.9
499,chr16,1217,T/G,True,0.9
500,chr8,239,G/G,True,0.9
501,chrY,1065,A/C,True,0.9
502,chr20,850,A/A,True,0.9
503,chr5,836,C/A,True,0.9
504,chr13,201,G/C,True,0.9
505,chr20,13,A/T,True,0.9
506,chr6,1829,C/G,True,0.9
507,chr8,1059,C/C,True,0.9
508,chr10,1300,G/T,True,0.9
509,chr13,1088,G/C,True,0.9
510,chrY,1762,G/T,True,0.9
511,chr17,1697,A/C,True,0.9
512,chr14,327,T/A,True,0.9
513,chr9,977,G/G,True,0.9
514,chr20,216,C/A,True,0.9
515,chr10,915,C/T,True,0.9
516,chr13,734,C/T,True,0.9
517,chr11,728,A/C,True,0.9
518,chr3,502,A/A,True,0.9
519,chr22,1590,A/C,True,0.9
520,chr2,128,C/C,True,0.9
521,chrX,1228,C/G,True,0.9
522,chr14,341,T/G,True,0.9
523,chr5,1414,G/T,True,0.9
524,chr8,1276,A/T,True,0.9
525,chr6,1612,A/A,True,0.9
526,chr21,1602,G/C,True,0.9
527,chr6,1289,C/A,True,0.9
528,chr8,815,T/G,True,0.9
529,chr12,778,A/A,True,0.9
530,chr15,670,T/T,True,0.9
531,chr15,392,G/C,True,0.9
