,CHROMOSOME,pos,mut,is_ok,approved_ratio
0,chr18,1597,G/A,True,0.9
1,chr10,409,C/C,True,0.9
2,chrX,1095,T/G,True,0.9
3,chr19,1330,A/C,True,0.9
4,chr11,1748,C/A,True,0.9
5,chr6,1031,T/T,True,0.9
6,chr7,430,G/T,True,0.9
7,chr18,624,G/T,True,0.9
8,chr8,1426,C/T,True,0.9
9,chr4,1796,A/C,True,0.9
10,chr11,677,T/T,True,0.9
11,chr7,1632,T/C,True,0.9
12,chr6,1137,G/C,True,0.9
13,chr14,1900,C/C,True,0.9
14,chr17,238,G/A,True,0.9
15,chr16,1572,G/A,True,0.9
16,chr16,1750,A/C,True,0.9
17,chr7,1400,C/T,True,0.9
18,chr7,1540,G/G,True,0.9
19,chr19,1840,G/G,True,0.9
20,chr22,1533,A/G,True,0.9
21,chr22,1985,G/G,True,0.9
22,chr15,1846,C/G,True,0.9
23,chr10,1176,C/G,True,0.9
24,chr10,1448,T/T,True,0.9
25,chrY,650,T/T,True,0.9
26,chr14,819,A/G,True,0.9
27,chr14,212,C/T,True,0.9
28,chr20,398,C/C,True,0.9
29,chr4,1506,A/G,True,0.9
30,chr16,1883,C/C,True,0.9
31,chr7,1849,A/T,True,0.9
32,chr20,626,G/C,True,0.9
33,chr11,1971,C/T,True,0.9
34,chr15,737,T/G,True,0.9
35,chrX,991,C/A,True,0.9
36,chr3,468,T/C,True,0.9
37,chr9,233,C/G,True,0.9
38,chr11,1799,A/A,True,0.9
39,chr20,1300,C/T,True,0.9
40,chr16,905,G/A,True,0.9
41,chr22,1874,A/A,True,0.9
42,chrY,1638,A/A,True,0.9
43,chr8,1697,G/A,True,0.9
44,chrY,509,T/T,True,0.9
45,chr1,26,A/A,True,0.9
46,chr6,1313,C/C,True,0.9
47,chr9,1786,G/A,True,0.9
48,chr19,1433,G/G,True,0.9
49,chr12,1247,A/G,True,0.9
50,chr6,1620,C/C,True,0.9
51,chr9,1341,A/G,True,0.9
52,chr10,554,G/C,True,0.9
53,chr10,1942,G/T,True,0.9
54,chr13,1629,G/A,True,0.9
55,chrX,1106,A/G,True,0.9
56,chr5,666,T/G,True,0.9
57,chr7,916,G/T,True,0.9
58,chr1,1023,T/A,True,0.9
59,chr22,1153,A/G,True,0.9
60,chr6,193,T/T,True,0.9
61,chr16,1766,C/T,True,0.9
62,chr16,1372,G/A,True,0.9
63,chr1,986,C/T,True,0.9
64,chr1,1298,A/A,True,0.9
65,chr19,420,G/T,True,0.9
66,chr10,37,A/T,True,0.9
67,chr7,896,C/G,True,0.9
68,chr12,509,T/T,True,0.9
69,chr10,334,G/C,True,0.9
70,chr6,365,G/T,True,0.9
71,chr5,590,T/A,True,0.9
72,chr2,1440,G/G,True,0.9
73,chr4,303,A/C,True,0.9
74,chr10,1898,G/T,True,0.9
75,chr15,818,C/T,True,0.9
76,chr16,585,A/C,True,0.9
77,chr9,124,T/A,True,0.9
78,chr12,690,T/T,True,0.9
79,chr18,99,G/C,True,0.9
80,chr5,1965,G/A,True,0.9
81,chr1,1429,T/C,True,0.9
82,chr22,1000,C/C,True,0.9
83,chrX,1594,G/G,True,0.9
84,chr1,256,A/A,True,0.9
85,chr1,1914,G/T,True,0.9
86,chr5,1522,G/C,True,0.9
87,chr11,141,C/A,True,0.9
88,chr2,1108,C/C,True,0.9
89,chr12,900,A/A,True,0.9
90,chr12,1692,C/G,True,0.9
91,chr14,130,T/T,True,0.9
92,chr3,750,C/A,True,0.9
93,chr5,668,A/T,True,0.9
94,chr22,406,G/C,True,0.9
95,chr13,709,A/A,True,0.9
96,chr22,897,C/A,True,0.9
97,chr9,654,A/T,True,0.9
98,chr15,838,C/G,True,0.9
99,chr13,1582,G/C,True,0.9
100,chr6,1794,C/T,True,0.9
101,chr14,814,T/C,True,0.9
102,chrX,1767,G/A,True,0.9
103,chr11,1081,C/G,True,0.9
104,chr1,1633,G/G,True,0.9
105,chr16,922,A/C,True,0.9
106,chr16,893,T/T,True,0.9
107,chr17,60,C/A,True,0.9
108,chr4,1945,A/C,True,0.9
109,chr18,812,C/T,True,0.9
110,chr21,1034,A/T,True,0.9
111,chr3,304,C/A,True,0.9
112,chr11,744,A/A,True,0.9
113,chr16,187,G/G,True,0.9
114,chr12,130,G/G,True,0.9
115,chr3,520,A/A,True,0.9
116,chr2,308,G/G,True,0.9
117,chr19,1138,C/G,True,0.9
118,chr6,272,T/A,True,0.9
119,chr16,1437,G/C,True,0.9
120,chr15,1986,A/C,True,0.9
121,chr22,1291,T/G,True,0.9
122,chr16,577,T/T,True,0.9
123,chr13,1924,C/T,True,0.9
124,chr2,699,G/G,True,0.9
125,chr18,1453,A/A,True,0.9
126,chr8,499,G/G,True,0.9
127,chr21,471,C/A,True,0.9
128,chr6,279,T/C,True,0.9
129,chr17,1887,C/C,True,0.9
130,chr8,1843,A/G,True,0.9
131,chr7,1718,A/A,True,0.9
132,chr14,1831,A/T,True,0.9
133,chr3,1923,T/A,True,0.9
134,chr5,1587,T/T,True,0.9
135,chr6,1810,G/G,True,0.9
136,chr10,311,T/C,True,0.9
137,chr12,1840,C/T,True,0.9
138,chr2,506,G/A,True,0.9
139,chr11,1119,A/G,True,0.9
140,chr2,1786,C/A,True,0.9
141,chr13,406,C/C,True,0.9
142,chr6,1493,G/C,True,0.9
143,chr13,1620,G/C,True,0.9
144,chr14,1609,C/G,True,0.9
145,chr11,1404,A/A,True,0.9
146,chr3,1797,C/A,True,0.9
147,chr6,1008,A/G,True,0.9
148,chr1,394,T/C,True,0.9
149,chr7,658,C/G,True,0.9
150,chr18,1697,T/G,True,0.9
151,chr17,566,C/C,True,0.9
152,chr2,503,C/C,True,0.9
153,chr8,1712,C/G,True,0.9
154,chrX,403,T/A,True,0.9
155,chr21,104,A/A,True,0.9
156,chr20,369,A/C,True,0.9
157,chr5,1985,C/T,True,0.9
158,chr2,429,A/G,True,0.9
159,chr16,1685,A/G,True,0.9
160,chr17,110,G/C,True,0.9
161,chr14,1378,G/A,True,0.9
162,chr21,497,T/A,True,0.9
163,chr14,1054,G/C,True,0.9
164,chr1,525,A/G,True,0.9
165,chr5,644,C/G,True,0.9
166,chr19,1646,T/A,True,0.9
167,chr6,350,C/A,True,0.9
168,chr7,630,A/C,True,0.9
169,chr5,1551,C/G,True,0.9
170,chr11,384,C/A,True,0.9
171,chr11,1335,T/G,True,0.9
172,chr6,683,C/G,True,0.9
173,chr11,1661,T/A,True,0.9
174,chr3,1934,A/G,True,0.9
175,chr22,413,G/C,True,0.9
176,chr13,1407,T/G,True,0.9
177,chr20,489,C/T,True,0.9
178,chr19,152,C/C,True,0.9
179,chr22,653,C/T,True,0.9
180,chr3,280,G/C,True,0.9
181,chr16,1293,A/G,True,0.9
182,chr2,658,G/A,True,0.9
183,chr13,1795,G/T,True,0.9
184,chr16,1879,A/G,True,0.9
185,chr20,1442,C/G,True,0.9
186,chr11,510,T/G,True,0.9
187,chr21,1742,C/C,True,0.9
188,chr7,1146,T/T,True,0.9
189,chr14,1956,G/T,True,0.9
190,chr9,1962,T/C,True,0.9
191,chr8,698,G/G,True,0.9
192,chr6,543,A/A,True,0.9
193,chr14,1117,A/T,True,0.9
194,chr21,300,G/G,True,0.9
195,chr16,619,T/C,True,0.9
196,chr18,1703,T/A,True,0.9
197,chr4,825,A/A,True,0.9
198,chr8,1416,C/G,True,0.9
199,chr19,12,A/C,True,0.9
200,chr15,1360,A/G,True,0.9
201,chr22,1861,A/C,True,0.9
202,chr14,233,T/T,True,0.9
203,chr20,1292,A/C,True,0.9
204,chr8,1725,T/T,True,0.9
205,chr8,735,G/T,True,0.9
206,chr9,778,T/C,True,0.9
207,chr7,37,C/G,True,0.9
208,chr22,1239,T/A,True,0.9
209,chr5,1887,G/A,True,0.9
210,chrY,1149,C/A,True,0.9
211,chr22,1199,G/A,True,0.9
212,chr1,1891,C/A,True,0.9
213,chr9,219,T/A,True,0.9
214,chr2,495,A/G,True,0.9
215,chr13,1056,T/C,True,0.9
216,chr1,326,A/G,True,0.9
217,chr6,115,C/C,True,0.9
218,chr2,1630,T/T,True,0.9
219,chr8,1284,T/A,True,0.9
220,chr11,822,A/T,True,0.9
221,chr4,1550,C/C,True,0.9
222,chr5,1841,G/G,True,0.9
223,chr7,337,A/A,True,0.9
224,chr17,540,C/G,True,0.9
225,chr12,352,T/T,True,0.9
226,chr2,1039,G/G,True,0.9
227,chr2,222,C/G,True,0.9
228,chr4,962,T/G,True,0.9
229,chr15,1673,C/G,True,0.9
230,chr19,1423,C/G,True,0.9
231,chr15,1477,C/T,True,0.9
232,chr21,1869,G/G,True,0.9
233,chr21,848,T/C,True,0.9
234,chr11,1763,G/G,True,0.9
235,chr7,1864,T/A,True,0.9
236,chr5,1466,A/G,True,0.9
237,chrX,214,C/C,True,0.9
238,chr13,411,G/T,True,0.9
239,chr2,1651,T/C,True,0.9
240,chr1,788,A/T,True,0.9
241,chr3,1508,A/G,True,0.9
242,chr17,71,C/T,True,0.9
243,chr9,1413,T/G,True,0.9
244,chr4,1875,C/T,True,0.9
245,chr18,204,C/C,True,0.9
246,chr22,258,C/C,True,0.9
247,chr6,1588,A/G,True,0.9
248,chr13,1523,G/A,True,0.9
249,chr19,79,C/G,True,0.9
250,chr3,1340,G/A,True,0.9
251,chr2,1644,C/A,True,0.9
252,chr19,1972,G/T,True,0.9
253,chrY,276,T/C,True,0.9
254,chr19,410,C/G,True,0.9
255,chr2,1357,G/A,True,0.9
256,chr8,1204,T/C,True,0.9
257,chr9,70,A/A,True,0.9
258,chr22,393,T/T,True,0.9
259,chr10,765,G/T,True,0.9
260,chr5,225,T/C,True,0.9
261,chr19,1675,T/A,True,0.9
262,chr22,680,A/A,True,0.9
263,chr15,1626,G/C,True,0.9
264,chr22,1342,G/T,True,0.9
265,chr20,206,T/A,True,0.9
266,chr5,17,A/T,True,0.9
267,chr9,1473,C/A,True,0.9
268,chr21,416,T/C,True,0.9
269,chrY,573,C/G,True,0.9
270,chr3,627,G/C,True,0.9
271,chr5,1229,G/C,True,0.9
272,chr14,1041,G/C,True,0.9
273,chr15,1745,A/T,True,0.9
274,chr22,1172,A/T,True,0.9
275,chrX,749,C/A,True,0.9
276,chr13,1209,G/T,True,0.9
277,chrX,514,T/A,True,0.9
278,chr9,1793,C/C,True,0.9
279,chr14,1582,C/G,True,0.9
280,chr4,939,G/G,True,0.9
281,chr10,1915,T/A,True,0.9
282,chr8,1879,T/T,True,0.9
283,chr9,1714,C/C,True,0.9
284,chr19,1098,T/A,True,0.9
285,chr1,392,G/C,True,0.9
286,chr8,1126,T/C,True,0.9
287,chr5,744,G/G,True,0.9
288,chr20,1194,A/C,True,0.9
289,chr9,568,G/T,True,0.9
290,chr9,1902,A/T,True,0.9
291,chr21,1781,C/G,True,0.9
292,chrY,784,T/A,True,0.9
293,chr1,1947,G/T,True,0.9
294,chr17,1765,C/T,True,0.9
295,chr7,1447,A/G,True,0.9
296,chr13,130,A/G,True,0.9
297,chr5,1883,C/T,True,0.9
298,chr7,732,A/C,True,0.9
299,chr18,1396,T/G,True,0.9
300,chr16,1375,T/A,True,0.9
301,chrY,1475,G/C,True,0.9
302,chrX,324,A/A,True,0.9
303,chr7,1555,C/A,True,0.9
304,chr7,120,A/A,True,0.9
305,chr10,471,T/C,True,0.9
306,chr6,1401,A/G,True,0.9
307,chr14,1035,A/A,True,0.9
308,chrX,395,T/G,True,0.9
309,chr17,1704,A/C,True,0.9
310,chr18,849,T/G,True,0.9
311,chr14,825,A/C,True,0.9
312,chr13,849,G/T,True,0.9
313,chr10,1297,C/A,True,0.9
314,chr8,623,G/A,True,0.9
315,chr5,1267,A/T,True,0.9
316,chr19,449,T/T,True,0.9
317,chrY,458,T/A,True,0.9
318,chr16,35,A/T,True,0.9
319,chr8,1915,C/C,True,0.9
320,chr14,1024,A/T,True,0.9
321,chr10,147,A/G,True,0.9
322,chr18,1735,T/T,True,0.9
323,chr2,1981,C/G,True,0.9
324,chr11,1163,A/A,True,0.9
325,chr10,1527,T/G,True,0.9
326,chr19,919,T/A,True,0.9
327,chr10,823,T/A,True,0.9
328,chr11,1604,T/A,True,0.9
329,chrY,1739,C/A,True,0.9
330,chr6,392,A/C,True,0.9
331,chr20,729,G/T,True,0.9
332,chr2,201,G/A,True,0.9
333,chr7,1683,G/G,True,0.9
334,chr12,76,T/T,True,0.9
335,chr10,1134,C/A,True,0.9
336,chr2,1806,A/G,True,0.9
337,chr12,284,G/T,True,0.9
338,chr14,1227,C/C,True,0.9
339,chr6,1067,C/C,True,0.9
340,chr3,1043,A/G,True,0.9
341,chr6,360,A/T,True,0.9
342,chr11,827,A/A,True,0.9
343,chr8,860,T/G,True,0.9
344,chr7,1771,T/G,True,0.9
345,chr6,333,A/G,True,0.9
346,chr4,873,T/A,True,0.9
347,chr18,878,T/A,True,0.9
348,chr5,708,T/C,True,0.9
349,chr10,1389,G/G,True,0.9
350,chr19,1251,A/T,True,0.9
351,chr8,1693,C/A,True,0.9
352,chr8,1630,T/G,True,0.9
353,chrX,1793,A/G,True,0.9
354,chr14,300,A/T,True,0.9
355,chr15,375,G/C,True,0.9
356,chr3,351,A/C,True,0.9
357,chr3,165,G/G,True,0.9
358,chr18,1163,T/G,True,0.9
359,chr16,105,C/C,True,0.9
360,chr8,480,T/A,True,0.9
361,chrX,1701,C/C,True,0.9
362,chrY,1636,C/T,True,0.9
363,chr17,1660,G/G,True,0.9
364,chr19,1981,A/G,True,0.9
365,chr10,1834,T/C,True,0.9
366,chr20,942,T/G,True,0.9
367,chr11,525,T/A,True,0.9
368,chr21,1518,G/G,True,0.9
369,chr14,497,G/T,True,0.9
370,chr16,520,G/A,True,0.9
371,chr5,976,T/G,True,0.9
372,chr1,1369,G/C,True,0.9
373,chr13,1442,C/C,True,0.9
374,chr18,862,A/T,True,0.9
375,chr3,1625,C/G,True,0.9
376,chr7,1407,C/A,True,0.9
377,chr13,1205,C/A,True,0.9
378,chr8,771,C/G,True,0.9
379,chrX,1014,T/G,True,0.9
380,chr16,76,G/C,True,0.9
381,chr19,264,A/C,True,0.9
382,chr2,1399,T/G,True,0.9
383,chr18,1750,T/A,True,0.9
384,chr3,323,G/C,True,0.9
385,chr15,1414,A/T,True,0.9
386,chr2,1889,G/C,True,0.9
387,chr4,1059,A/G,True,0.9
388,chr2,326,T/G,True,0.9
389,chr18,255,T/G,True,0.9
390,chr11,904,T/T,True,0.9
391,chr2,1848,C/A,True,0.9
392,chr20,1270,A/A,True,0.9
393,chr1,266,A/T,True,0.9
394,chr2,367,A/T,True,0.9
395,chr17,371,G/T,True,0.9
396,chr11,815,A/G,True,0.9
397,chr1,787,C/C,True,0.9
398,chr13,1365,C/C,True,0.9
399,chr8,950,T/C,True,0.9
400,chr4,1381,C/A,True,0.9
401,chr8,1684,C/T,True,0.9
402,chr15,362,G/T,True,0.9
403,chr9,135,T/G,True,0.9
404,chr14,1523,A/C,True,0.9
405,chr16,1607,C/A,True,0.9
406,chr8,1478,G/C,True,0.9
407,chr21,1076,C/G,True,0.9
408,chr2,555,T/G,True,0.9
409,chr22,1007,G/A,True,0.9
410,chr1,1899,C/C,True,0.9
411,chr22,1298,G/G,True,0.9
412,chr9,428,A/T,True,0.9
413,chr5,311,G/C,True,0.9
414,chr3,689,G/G,True,0.9
415,chrY,498,G/G,True,0.9
416,chr10,755,T/T,True,0.9
417,chr17,1871,C/A,True,0.9
418,chr12,230,C/G,True,0.9
419,chr2,1108,A/G,True,0.9
420,chr17,77,T/A,True,0.9
421,chrY,1337,C/T,True,0.9
422,chr3,640,T/G,True,0.9
423,chr12,23,C/C,True,0.9
424,chr19,1249,A/T,True,0.9
425,chr6,1720,C/C,True,0.9
426,chr18,1061,C/C,True,0.9
427,chr13,1019,C/A,True,0.9
428,chr15,587,G/T,True,0.9
429,chr6,1857,G/C,True,0.9
430,chr18,1269,A/G,True,0.9
431,chrY,1062,G/T,True,0.9
432,chr13,1113,C/C,True,0.9
433,chr21,26,T/A,True,0.9
434,chr17,1235,T/A,True,0.9
435,chr16,1395,C/G,True,0.9
436,chrX,234,G/A,True,0.9
437,chr6,1876,C/C,True,0.9
438,chr7,1158,A/A,True,0.9
439,chr3,414,A/C,True,0.9
440,chr7,666,C/G,True,0.9
441,chr10,1231,A/C,True,0.9
442,chr11,1415,A/C,True,0.9
443,chr3,917,A/A,True,0.9
444,chr8,754,A/G,True,0.9
445,chr17,1226,G/C,True,0.9
446,chr1,954,T/G,True,0.9
447,chr3,1238,G/A,True,0.9
448,chr7,479,C/T,True,0.9
449,chr4,1687,A/C,True,0.9
450,chr12,84,A/T,True,0.9
451,chr4,29,T/G,True,0.9
452,chr4,1690,A/G,True,0.9
453,chr21,1910,G/C,True,0.9
454,chr20,765,A/G,True,0.9
455,chr21,1913,C/A,True,0.9
456,chrX,1033,C/T,True,0.9
457,chr5,1143,T/T,True,0.9
458,chr16,527,C/G,True,0.9
459,chr7,1110,T/G,True,0.9
460,chrY,1857,T/T,True,0.9
461,chr13,334,G/C,True,0.9
462,chrY,1854,T/C,True,0.9
463,chr22,394,A/T,True,0.9
464,chr12,361,G/A,True,0.9
465,chrX,1438,T/A,True,0.9
466,chr7,1062,C/G,True,0.9
467,chrY,176,G/G,True,0.9
468,chr12,241,G/A,True,0.9
469,chr10,1836,C/T,True,0.9
470,chrX,1535,A/T,True,0.9
471,chr10,1927,C/G,True,0.9
472,chr12,1401,G/T,True,0.9
473,chr14,1467,C/A,True,0.9
474,chr18,970,T/G,True,0.9
475,chr22,235,T/C,True,0.9
476,chr1,1723,C/T,True,0.9
477,chr4,1527,C/A,True,0.9
478,chr8,1244,A/A,True,0.9
479,chr17,971,G/G,True,0.9
480,chr12,31,A/T,True,0.9
481,chr2,1074,C/T,True,0.9
482,chr1,1676,C/G,True,0.9
483,chr21,706,C/C,True,0.9
484,chr15,1804,A/A,True,0.9
485,chr22,1815,A/C,True,0.9
486,chr5,836,C/A,True,0.9
487,chr22,1553,G/C,True,0.9
488,chr18,527,T/G,True,0.9
489,chr20,13,A/T,True,0.9
490,chr10,1300,G/T,True,0.9
491,chr13,1088,G/C,True,0.9
492,chrX,1549,C/A,True,0.9
493,chr13,189,G/T,True,0.9
494,chr10,915,C/T,True,0.9
495,chr19,1472,G/C,True,0.9
496,chr22,61,G/A,True,0.9
497,chr6,954,T/T,True,0.9
498,chr3,1046,G/A,True,0.9
499,chr3,567,G/G,True,0.9
500,chr19,427,T/T,True,0.9
501,chr10,1080,G/C,True,0.9
502,chr8,1276,A/T,True,0.9
503,chr7,1166,C/G,True,0.9
504,chrY,618,C/C,True,0.9
505,chr11,1987,T/T,True,0.9
506,chr6,1584,C/C,True,0.9
507,chr22,268,T/G,True,0.9
508,chr8,815,T/G,True,0.9
509,chr21,1733,A/C,True,0.9
510,chrY,1971,A/C,True,0.9
