,CHROMOSOME,pos,mut,is_ok,approved_ratio
0,chr18,1597,G/A,True,0.9
1,chr19,29,A/A,True,0.9
2,chr17,1854,G/A,True,0.9
3,chr13,514,C/A,True,0.9
4,chr15,1760,T/G,True,0.9
5,chr11,1682,G/A,True,0.9
6,chr4,1695,A/T,True,0.9
7,chrX,1095,T/G,True,0.9
8,chr10,1253,T/C,True,0.9
9,chr1,8,G/T,True,0.9
10,chr16,308,A/G,True,0.9
11,chr4,972,G/C,True,0.9
12,chrY,852,C/T,True,0.9
13,chrY,809,T/G,True,0.9
14,chr7,401,C/A,True,0.9
15,chr9,142,T/T,True,0.9
16,chr13,1253,C/G,True,0.9
17,chr18,81,G/T,True,0.9
18,chr19,1015,G/A,True,0.9
19,chr3,929,T/C,True,0.9
20,chr6,1346,A/C,True,0.9
21,chrY,1859,T/C,True,0.9
22,chr11,814,G/T,True,0.9
23,chr15,1846,C/G,True,0.9
24,chr6,1710,C/A,True,0.9
25,chr7,1361,C/T,True,0.9
26,chr22,1962,T/G,True,0.9
27,chr11,1201,G/C,True,0.9
28,chr10,609,A/T,True,0.9
29,chr14,212,C/T,True,0.9
30,chr14,1496,A/T,True,0.9
31,chr9,1227,T/G,True,0.9
32,chr15,737,T/G,True,0.9
33,chr4,1554,T/C,True,0.9
34,chr2,1902,C/T,True,0.9
35,chr11,1799,A/A,True,0.9
36,chr12,966,T/T,True,0.9
37,chr13,839,C/T,True,0.9
38,chr11,477,A/C,True,0.9
39,chr18,608,T/C,True,0.9
40,chrY,509,T/T,True,0.9
41,chr1,569,A/C,True,0.9
42,chr6,1313,C/C,True,0.9
43,chrY,1784,T/C,True,0.9
44,chr6,1620,C/C,True,0.9
45,chr13,1608,T/C,True,0.9
46,chr9,1341,A/G,True,0.9
47,chr13,1629,G/A,True,0.9
48,chr11,788,C/A,True,0.9
49,chr19,260,C/A,True,0.9
50,chr20,1885,C/C,True,0.9
51,chr22,536,T/T,True,0.9
52,chr7,1854,C/A,True,0.9
53,chr21,732,G/G,True,0.9
54,chr10,910,C/C,True,0.9
55,chr2,349,T/G,True,0.9
56,chr16,1372,G/A,True,0.9
57,chr1,986,C/T,True,0.9
58,chr15,143,A/C,True,0.9
59,chr2,1802,G/T,True,0.9
60,chr4,1270,A/T,True,0.9
61,chr6,365,G/T,True,0.9
62,chr8,1532,A/G,True,0.9
63,chr5,590,T/A,True,0.9
64,chr12,1673,T/C,True,0.9
65,chr2,1440,G/G,True,0.9
66,chr1,1549,C/G,True,0.9
67,chr15,818,C/T,True,0.9
68,chr16,585,A/C,True,0.9
69,chr8,1114,G/C,True,0.9
70,chrX,1954,T/A,True,0.9
71,chr8,1132,C/T,True,0.9
72,chr14,821,C/G,True,0.9
73,chr1,256,A/A,True,0.9
74,chrX,842,C/T,True,0.9
75,chr6,1270,A/G,True,0.9
76,chr9,1187,A/T,True,0.9
77,chr14,130,T/T,True,0.9
78,chr21,822,A/C,True,0.9
79,chr5,668,A/T,True,0.9
80,chr20,879,G/C,True,0.9
81,chr19,1537,G/A,True,0.9
82,chr18,830,T/A,True,0.9
83,chr22,897,C/A,True,0.9
84,chr6,1794,C/T,True,0.9
85,chr18,915,C/G,True,0.9
86,chr7,1860,G/T,True,0.9
87,chrX,1767,G/A,True,0.9
88,chr1,1633,G/G,True,0.9
89,chr16,922,A/C,True,0.9
90,chr11,165,A/G,True,0.9
91,chr22,35,C/G,True,0.9
92,chr2,1833,A/A,True,0.9
93,chr12,945,A/T,True,0.9
94,chr3,304,C/A,True,0.9
95,chr7,1534,G/T,True,0.9
96,chr21,628,A/A,True,0.9
97,chr15,1520,T/T,True,0.9
98,chr16,187,G/G,True,0.9
99,chr18,623,T/C,True,0.9
100,chr3,520,A/A,True,0.9
101,chr2,1487,G/T,True,0.9
102,chr14,726,C/A,True,0.9
103,chr19,1138,C/G,True,0.9
104,chr6,272,T/A,True,0.9
105,chr21,848,G/A,True,0.9
106,chr11,141,C/C,True,0.9
107,chr15,1986,A/C,True,0.9
108,chr16,577,T/T,True,0.9
109,chr2,699,G/G,True,0.9
110,chr8,499,G/G,True,0.9
111,chr6,279,T/C,True,0.9
112,chr19,1538,A/C,True,0.9
113,chr6,1810,G/G,True,0.9
114,chr10,311,T/C,True,0.9
115,chr12,1840,C/T,True,0.9
116,chr3,462,G/C,True,0.9
117,chr4,1914,G/G,True,0.9
118,chr13,1407,A/T,True,0.9
119,chr3,157,T/C,True,0.9
120,chr13,1781,A/A,True,0.9
121,chr17,629,C/A,True,0.9
122,chr12,876,C/G,True,0.9
123,chr5,910,C/A,True,0.9
124,chr14,1609,C/G,True,0.9
125,chr11,1002,G/A,True,0.9
126,chr3,1797,C/A,True,0.9
127,chr10,1785,A/A,True,0.9
128,chr1,1416,C/A,True,0.9
129,chr9,1629,C/C,True,0.9
130,chr1,394,T/C,True,0.9
131,chr8,1712,C/G,True,0.9
132,chr19,427,C/G,True,0.9
133,chr10,79,T/G,True,0.9
134,chrX,403,T/A,True,0.9
135,chr5,2,A/G,True,0.9
136,chr11,1716,T/T,True,0.9
137,chr2,429,A/G,True,0.9
138,chr14,1378,G/A,True,0.9
139,chr12,127,C/T,True,0.9
140,chr1,525,A/G,True,0.9
141,chr19,1646,T/A,True,0.9
142,chr11,1386,T/C,True,0.9
143,chr2,1724,C/C,True,0.9
144,chr11,1335,T/G,True,0.9
145,chr18,480,C/G,True,0.9
146,chr6,683,C/G,True,0.9
147,chr11,1661,T/A,True,0.9
148,chr22,413,G/C,True,0.9
149,chr16,1605,A/C,True,0.9
150,chr13,1407,T/G,True,0.9
151,chr13,1656,G/G,True,0.9
152,chr15,800,A/A,True,0.9
153,chr20,489,C/T,True,0.9
154,chr19,152,C/C,True,0.9
155,chr14,92,G/C,True,0.9
156,chr2,104,C/C,True,0.9
157,chr9,721,A/C,True,0.9
158,chr4,1321,A/G,True,0.9
159,chrX,532,T/G,True,0.9
160,chr14,1297,T/A,True,0.9
161,chr15,281,C/T,True,0.9
162,chr16,1179,A/G,True,0.9
163,chr11,534,G/T,True,0.9
164,chr21,773,C/C,True,0.9
165,chr16,1879,A/G,True,0.9
166,chr7,1401,T/A,True,0.9
167,chr20,1897,T/A,True,0.9
168,chr11,510,T/G,True,0.9
169,chr21,679,G/C,True,0.9
170,chrY,412,A/A,True,0.9
171,chr3,1249,T/C,True,0.9
172,chrY,151,T/G,True,0.9
173,chr16,1503,T/G,True,0.9
174,chr19,257,C/A,True,0.9
175,chr8,473,T/C,True,0.9
176,chr21,300,G/G,True,0.9
177,chr15,341,A/G,True,0.9
178,chr19,1174,G/A,True,0.9
179,chr10,1794,C/T,True,0.9
180,chr5,1451,G/A,True,0.9
181,chr4,825,A/A,True,0.9
182,chr18,762,G/A,True,0.9
183,chr8,1416,C/G,True,0.9
184,chr3,601,A/G,True,0.9
185,chr19,12,A/C,True,0.9
186,chr13,754,T/T,True,0.9
187,chr17,301,T/G,True,0.9
188,chr5,1245,C/G,True,0.9
189,chr14,233,T/T,True,0.9
190,chr22,1239,T/A,True,0.9
191,chr5,1887,G/A,True,0.9
192,chrY,1149,C/A,True,0.9
193,chr1,93,T/T,True,0.9
194,chr2,495,A/G,True,0.9
195,chr13,1056,T/C,True,0.9
196,chr9,567,C/A,True,0.9
197,chrX,1409,T/T,True,0.9
198,chr3,1988,G/C,True,0.9
199,chr7,1672,C/T,True,0.9
200,chrX,368,C/C,True,0.9
201,chr4,1550,C/C,True,0.9
202,chr2,459,C/G,True,0.9
203,chr4,1699,A/C,True,0.9
204,chr10,1701,G/T,True,0.9
205,chr16,387,C/C,True,0.9
206,chrX,837,C/C,True,0.9
207,chr2,1039,G/G,True,0.9
208,chr13,1798,C/T,True,0.9
209,chr2,222,C/G,True,0.9
210,chr19,1423,C/G,True,0.9
211,chr17,837,C/G,True,0.9
212,chr22,1203,G/T,True,0.9
213,chr18,129,T/T,True,0.9
214,chr15,1477,C/T,True,0.9
215,chr16,698,A/A,True,0.9
216,chrX,1493,T/A,True,0.9
217,chr18,943,C/C,True,0.9
218,chr21,1869,G/G,True,0.9
219,chr9,1112,A/C,True,0.9
220,chr11,1763,G/G,True,0.9
221,chr22,1122,A/G,True,0.9
222,chr18,1524,G/G,True,0.9
223,chr17,31,C/T,True,0.9
224,chr7,1864,T/A,True,0.9
225,chr17,646,A/A,True,0.9
226,chr17,734,C/A,True,0.9
227,chr3,316,C/A,True,0.9
228,chrX,1096,A/G,True,0.9
229,chr13,411,G/T,True,0.9
230,chr20,405,A/A,True,0.9
231,chr2,1651,T/C,True,0.9
232,chr1,788,A/T,True,0.9
233,chr3,1508,A/G,True,0.9
234,chr17,71,C/T,True,0.9
235,chr9,1413,T/G,True,0.9
236,chr17,1495,C/C,True,0.9
237,chr16,123,C/C,True,0.9
238,chr14,1783,G/C,True,0.9
239,chr5,68,A/A,True,0.9
240,chr18,204,C/C,True,0.9
241,chr15,1275,A/C,True,0.9
242,chr12,947,T/C,True,0.9
243,chr9,1098,A/A,True,0.9
244,chr14,157,A/G,True,0.9
245,chr19,1972,G/T,True,0.9
246,chr7,964,G/T,True,0.9
247,chrY,276,T/C,True,0.9
248,chr8,1204,T/C,True,0.9
249,chr16,1543,A/G,True,0.9
250,chr8,1940,T/C,True,0.9
251,chr22,393,T/T,True,0.9
252,chr5,225,T/C,True,0.9
253,chr12,656,T/A,True,0.9
254,chr19,1675,T/A,True,0.9
255,chr22,680,A/A,True,0.9
256,chr20,1874,T/C,True,0.9
257,chr22,1342,G/T,True,0.9
258,chr9,1473,C/A,True,0.9
259,chr20,1484,C/A,True,0.9
260,chr14,474,G/C,True,0.9
261,chr14,1418,G/A,True,0.9
262,chrY,573,C/G,True,0.9
263,chr5,1229,G/C,True,0.9
264,chr16,726,G/T,True,0.9
265,chr18,51,C/T,True,0.9
266,chr15,1745,A/T,True,0.9
267,chr21,1599,G/T,True,0.9
268,chr20,1297,G/T,True,0.9
269,chr16,1168,G/T,True,0.9
270,chr6,129,T/T,True,0.9
271,chr19,1148,C/G,True,0.9
272,chr13,1209,G/T,True,0.9
273,chrX,514,T/A,True,0.9
274,chr7,399,A/C,True,0.9
275,chr15,800,A/T,True,0.9
276,chr22,580,G/G,True,0.9
277,chr4,939,G/G,True,0.9
278,chr10,1915,T/A,True,0.9
279,chr1,1799,T/G,True,0.9
280,chr1,392,G/C,True,0.9
281,chr5,1203,A/G,True,0.9
282,chr5,744,G/G,True,0.9
283,chr13,265,A/A,True,0.9
284,chr14,1307,T/A,True,0.9
285,chr7,292,G/G,True,0.9
286,chr4,902,T/G,True,0.9
287,chr12,103,A/G,True,0.9
288,chr14,1580,C/A,True,0.9
289,chrY,784,T/A,True,0.9
290,chr1,1947,G/T,True,0.9
291,chr7,1447,A/G,True,0.9
292,chr11,1207,T/C,True,0.9
293,chr5,1883,C/T,True,0.9
294,chr9,1085,A/G,True,0.9
295,chr7,732,A/C,True,0.9
296,chr18,1396,T/G,True,0.9
297,chr3,1585,T/A,True,0.9
298,chr11,1316,A/C,True,0.9
299,chrY,1475,G/C,True,0.9
300,chr7,1555,C/A,True,0.9
301,chr7,120,A/A,True,0.9
302,chr10,471,T/C,True,0.9
303,chr20,140,T/G,True,0.9
304,chr1,497,C/A,True,0.9
305,chr14,654,A/A,True,0.9
306,chr1,459,G/G,True,0.9
307,chr18,849,T/G,True,0.9
308,chr12,1572,A/T,True,0.9
309,chr19,1889,G/C,True,0.9
310,chr14,825,A/C,True,0.9
311,chr5,1322,A/C,True,0.9
312,chr22,165,T/C,True,0.9
313,chrX,1473,A/T,True,0.9
314,chr10,1587,A/G,True,0.9
315,chr3,1172,C/G,True,0.9
316,chr8,623,G/A,True,0.9
317,chr14,1116,C/C,True,0.9
318,chr19,449,T/T,True,0.9
319,chr15,390,G/A,True,0.9
320,chr8,1915,C/C,True,0.9
321,chr18,1669,G/A,True,0.9
322,chr10,147,A/G,True,0.9
323,chr2,1981,C/G,True,0.9
324,chr1,1950,T/C,True,0.9
325,chr19,919,T/A,True,0.9
326,chr10,823,T/A,True,0.9
327,chr18,1368,G/G,True,0.9
328,chrY,1739,C/A,True,0.9
329,chr19,1156,A/G,True,0.9
330,chr6,392,A/C,True,0.9
331,chr1,1435,T/T,True,0.9
332,chr4,658,C/A,True,0.9
333,chr12,76,T/T,True,0.9
334,chr2,1806,A/G,True,0.9
335,chr3,913,G/A,True,0.9
336,chr11,494,G/T,True,0.9
337,chr17,1966,C/G,True,0.9
338,chr6,1067,C/C,True,0.9
339,chrX,246,G/C,True,0.9
340,chr4,1151,T/C,True,0.9
341,chr16,880,A/G,True,0.9
342,chr8,860,T/G,True,0.9
343,chr6,333,A/G,True,0.9
344,chr18,878,T/A,True,0.9
345,chr19,1801,C/A,True,0.9
346,chrY,1052,A/T,True,0.9
347,chr5,708,T/C,True,0.9
348,chrY,1672,A/T,True,0.9
349,chr10,1389,G/G,True,0.9
350,chrY,867,G/A,True,0.9
351,chr3,770,G/C,True,0.9
352,chr20,628,C/T,True,0.9
353,chr8,1693,C/A,True,0.9
354,chr1,1495,A/A,True,0.9
355,chr17,1966,C/A,True,0.9
356,chr21,494,T/C,True,0.9
357,chr3,165,G/G,True,0.9
358,chr16,105,C/C,True,0.9
359,chr17,1660,G/G,True,0.9
360,chr19,1981,A/G,True,0.9
361,chr20,942,T/G,True,0.9
362,chr20,29,C/T,True,0.9
363,chr7,694,C/A,True,0.9
364,chr2,540,G/T,True,0.9
365,chr1,1369,G/C,True,0.9
366,chrX,1951,T/G,True,0.9
367,chr2,1399,C/A,True,0.9
368,chrX,173,A/T,True,0.9
369,chr12,928,G/G,True,0.9
370,chr13,1442,C/C,True,0.9
371,chr18,1337,G/T,True,0.9
372,chr22,444,T/G,True,0.9
373,chr3,1625,C/G,True,0.9
374,chr6,1896,A/T,True,0.9
375,chr17,572,T/A,True,0.9
376,chr13,246,A/A,True,0.9
377,chr8,1159,G/A,True,0.9
378,chr9,1055,C/C,True,0.9
379,chr2,1889,G/C,True,0.9
380,chrY,1430,T/A,True,0.9
381,chr22,1448,G/T,True,0.9
382,chr3,1639,G/A,True,0.9
383,chr9,1153,G/C,True,0.9
384,chr11,904,T/T,True,0.9
385,chr2,1848,C/A,True,0.9
386,chr17,158,C/T,True,0.9
387,chr16,421,C/G,True,0.9
388,chr1,266,A/T,True,0.9
389,chrY,1680,A/C,True,0.9
390,chr15,636,C/G,True,0.9
391,chr11,1419,T/T,True,0.9
392,chr19,1458,G/G,True,0.9
393,chr5,1841,T/G,True,0.9
394,chr7,1327,T/T,True,0.9
395,chr16,1926,A/G,True,0.9
396,chr1,787,C/C,True,0.9
397,chr20,761,C/G,True,0.9
398,chr9,135,T/G,True,0.9
399,chr10,787,T/T,True,0.9
400,chr2,989,C/C,True,0.9
401,chr7,784,A/T,True,0.9
402,chrX,1991,C/G,True,0.9
403,chr22,1007,G/A,True,0.9
404,chr1,1899,C/C,True,0.9
405,chr13,701,T/G,True,0.9
406,chr22,1298,G/G,True,0.9
407,chr17,1265,A/A,True,0.9
408,chr12,1205,G/G,True,0.9
409,chr10,755,T/T,True,0.9
410,chr7,275,T/G,True,0.9
411,chr2,1108,A/G,True,0.9
412,chr17,77,T/A,True,0.9
413,chr3,640,T/G,True,0.9
414,chr19,1249,A/T,True,0.9
415,chr6,1720,C/C,True,0.9
416,chr15,587,G/T,True,0.9
417,chr16,31,C/T,True,0.9
418,chr21,1091,A/G,True,0.9
419,chr13,1113,C/C,True,0.9
420,chr8,1161,C/T,True,0.9
421,chr8,1822,A/C,True,0.9
422,chr19,1000,A/A,True,0.9
423,chr1,570,A/T,True,0.9
424,chr8,1106,T/A,True,0.9
425,chr15,1369,G/A,True,0.9
426,chr6,228,G/A,True,0.9
427,chr20,1895,G/A,True,0.9
428,chr3,414,A/C,True,0.9
429,chr7,666,C/G,True,0.9
430,chr6,326,T/C,True,0.9
431,chr10,1231,A/C,True,0.9
432,chr13,1749,T/A,True,0.9
433,chr3,1238,G/A,True,0.9
434,chr4,1687,A/C,True,0.9
435,chr9,1828,T/C,True,0.9
436,chr5,1143,T/T,True,0.9
437,chr14,1534,G/C,True,0.9
438,chr3,1519,T/G,True,0.9
439,chr6,1446,C/A,True,0.9
440,chr7,1110,T/G,True,0.9
441,chr6,1346,C/C,True,0.9
442,chr13,334,G/C,True,0.9
443,chrX,1892,C/A,True,0.9
444,chr4,1994,C/A,True,0.9
445,chr13,1663,G/A,True,0.9
446,chr12,361,G/A,True,0.9
447,chr22,1554,G/C,True,0.9
448,chr7,1062,C/G,True,0.9
449,chr15,150,A/C,True,0.9
450,chr11,408,T/T,True,0.9
451,chr15,1676,A/A,True,0.9
452,chrX,1535,A/T,True,0.9
453,chr3,70,C/G,True,0.9
454,chr18,970,T/G,True,0.9
455,chr2,1664,A/G,True,0.9
456,chr9,965,G/G,True,0.9
457,chr22,22,C/A,True,0.9
458,chr15,1206,T/G,True,0.9
459,chr1,205,T/T,True,0.9
460,chr8,1244,A/A,True,0.9
461,chr9,1319,G/T,True,0.9
462,chr8,1293,A/A,True,0.9
463,chr10,1624,A/A,True,0.9
464,chr12,720,A/C,True,0.9
465,chr17,971,G/G,True,0.9
466,chr18,1918,G/A,True,0.9
467,chr21,706,C/C,True,0.9
468,chr20,1064,T/C,True,0.9
469,chr4,1437,A/C,True,0.9
470,chr15,1804,A/A,True,0.9
471,chr8,239,G/G,True,0.9
472,chrY,1065,A/C,True,0.9
473,chr4,1432,G/T,True,0.9
474,chr17,104,C/T,True,0.9
475,chr13,1400,C/T,True,0.9
476,chr6,1829,C/G,True,0.9
477,chr13,599,A/C,True,0.9
478,chr17,1697,A/C,True,0.9
479,chr19,1394,A/G,True,0.9
480,chr14,327,T/A,True,0.9
481,chrX,1549,C/A,True,0.9
482,chr9,977,G/G,True,0.9
483,chr20,216,C/A,True,0.9
484,chr19,1830,G/G,True,0.9
485,chr13,734,C/T,True,0.9
486,chr19,1472,G/C,True,0.9
487,chr22,61,G/A,True,0.9
488,chr3,502,A/A,True,0.9
489,chr22,1590,A/C,True,0.9
490,chr2,128,C/C,True,0.9
491,chr5,332,C/G,True,0.9
492,chrY,354,T/A,True,0.9
493,chr19,1992,C/G,True,0.9
494,chr16,72,C/T,True,0.9
495,chr5,1414,G/T,True,0.9
496,chr10,1946,G/C,True,0.9
497,chr19,427,T/T,True,0.9
498,chr6,1612,A/A,True,0.9
499,chr21,1602,G/C,True,0.9
500,chr5,183,G/C,True,0.9
501,chr3,1099,A/T,True,0.9
502,chr11,746,A/A,True,0.9
503,chr18,627,C/T,True,0.9
504,chr22,268,T/G,True,0.9
505,chr1,818,A/G,True,0.9
506,chr9,710,C/T,True,0.9
507,chrX,364,C/C,True,0.9
508,chr15,670,T/T,True,0.9
509,chr15,392,G/C,True,0.9
