,CHROMOSOME,pos,mut,is_ok,approved_ratio
0,chr19,29,A/A,True,0.9
1,chr17,1854,G/A,True,0.9
2,chr15,1760,T/G,True,0.9
3,chr14,1032,C/T,True,0.9
4,chr15,763,G/A,True,0.9
5,chr10,1253,T/C,True,0.9
6,chr13,1773,T/A,True,0.9
7,chr16,100,G/T,True,0.9
8,chr18,624,G/T,True,0.9
9,chr4,972,G/C,True,0.9
10,chr13,1823,A/C,True,0.9
11,chrY,288,G/G,True,0.9
12,chr7,1632,T/C,True,0.9
13,chrY,809,T/G,True,0.9
14,chr6,1137,G/C,True,0.9
15,chrX,1102,T/G,True,0.9
16,chr14,154,G/G,True,0.9
17,chr22,1804,G/C,True,0.9
18,chrX,1815,A/C,True,0.9
19,chr8,630,C/G,True,0.9
20,chr13,1253,C/G,True,0.9
21,chr18,81,G/T,True,0.9
22,chr3,200,G/A,True,0.9
23,chr7,1400,C/T,True,0.9
24,chr3,929,T/C,True,0.9
25,chr1,1068,A/C,True,0.9
26,chr18,871,T/G,True,0.9
27,chr5,795,A/A,True,0.9
28,chr13,1976,T/G,True,0.9
29,chr19,1840,G/G,True,0.9
30,chr7,103,C/C,True,0.9
31,chr14,825,T/G,True,0.9
32,chr22,1533,A/G,True,0.9
33,chrY,1859,T/C,True,0.9
34,chr15,1846,C/G,True,0.9
35,chr10,1176,C/G,True,0.9
36,chr2,1679,C/T,True,0.9
37,chr11,1201,G/C,True,0.9
38,chr21,1523,G/C,True,0.9
39,chr14,819,A/G,True,0.9
40,chr14,212,C/T,True,0.9
41,chrY,1553,A/G,True,0.9
42,chr14,1496,A/T,True,0.9
43,chr18,1357,A/G,True,0.9
44,chr20,398,C/C,True,0.9
45,chrY,1420,A/C,True,0.9
46,chr8,1589,T/A,True,0.9
47,chr16,1883,C/C,True,0.9
48,chr20,626,G/C,True,0.9
49,chr19,420,C/A,True,0.9
50,chr11,1971,C/T,True,0.9
51,chr5,984,G/A,True,0.9
52,chr3,468,T/C,True,0.9
53,chr13,839,C/T,True,0.9
54,chr16,905,G/A,True,0.9
55,chr12,1577,G/C,True,0.9
56,chr3,536,C/T,True,0.9
57,chr8,1697,G/A,True,0.9
58,chr1,1522,T/C,True,0.9
59,chr22,201,T/G,True,0.9
60,chrY,782,G/C,True,0.9
61,chr1,569,A/C,True,0.9
62,chr1,26,A/A,True,0.9
63,chr19,1433,G/G,True,0.9
64,chrY,1784,T/C,True,0.9
65,chrY,1669,C/A,True,0.9
66,chr14,400,C/A,True,0.9
67,chr12,1247,A/G,True,0.9
68,chr10,1942,G/T,True,0.9
69,chr22,1798,G/T,True,0.9
70,chr11,788,C/A,True,0.9
71,chr19,260,C/A,True,0.9
72,chr7,916,G/T,True,0.9
73,chr1,1023,T/A,True,0.9
74,chr4,32,C/G,True,0.9
75,chr4,1514,C/T,True,0.9
76,chr10,910,C/C,True,0.9
77,chr6,1398,A/A,True,0.9
78,chr10,881,C/T,True,0.9
79,chr9,1717,T/A,True,0.9
80,chr1,986,C/T,True,0.9
81,chr17,1364,C/C,True,0.9
82,chr15,143,A/C,True,0.9
83,chr22,74,T/T,True,0.9
84,chr7,896,C/G,True,0.9
85,chr2,1802,G/T,True,0.9
86,chr4,1270,A/T,True,0.9
87,chr12,509,T/T,True,0.9
88,chr7,434,C/T,True,0.9
89,chr11,495,T/C,True,0.9
90,chr19,621,T/G,True,0.9
91,chr1,1549,C/G,True,0.9
92,chr12,690,T/T,True,0.9
93,chr1,1429,T/C,True,0.9
94,chrX,1594,G/G,True,0.9
95,chr8,1199,C/A,True,0.9
96,chr18,273,T/T,True,0.9
97,chr5,1522,G/C,True,0.9
98,chr12,900,A/A,True,0.9
99,chr14,130,T/T,True,0.9
100,chr21,822,A/C,True,0.9
101,chr3,750,C/A,True,0.9
102,chr20,879,G/C,True,0.9
103,chrY,1149,G/T,True,0.9
104,chr20,1768,G/G,True,0.9
105,chr21,1382,A/C,True,0.9
106,chr15,838,C/G,True,0.9
107,chr19,568,T/G,True,0.9
108,chr6,1265,C/C,True,0.9
109,chr13,1508,G/A,True,0.9
110,chr6,1794,C/T,True,0.9
111,chr22,35,C/G,True,0.9
112,chrX,842,T/T,True,0.9
113,chr12,1081,A/C,True,0.9
114,chr16,884,A/G,True,0.9
115,chr2,1833,A/A,True,0.9
116,chrX,1767,A/C,True,0.9
117,chrX,1417,G/T,True,0.9
118,chr3,304,C/A,True,0.9
119,chr7,1534,G/T,True,0.9
120,chr18,623,T/C,True,0.9
121,chr19,1138,C/G,True,0.9
122,chr7,1292,C/A,True,0.9
123,chr6,272,T/A,True,0.9
124,chr1,765,C/A,True,0.9
125,chr21,848,G/A,True,0.9
126,chr18,812,A/A,True,0.9
127,chr16,1437,G/C,True,0.9
128,chr11,57,C/G,True,0.9
129,chr22,1291,T/G,True,0.9
130,chr9,1133,C/C,True,0.9
131,chr9,1510,C/A,True,0.9
132,chr8,499,G/G,True,0.9
133,chr21,471,C/A,True,0.9
134,chr6,279,T/C,True,0.9
135,chr17,1887,C/C,True,0.9
136,chr8,1843,A/G,True,0.9
137,chr21,166,T/A,True,0.9
138,chr9,1849,A/G,True,0.9
139,chr10,311,T/C,True,0.9
140,chr2,506,G/A,True,0.9
141,chr7,1550,C/G,True,0.9
142,chr11,1119,A/G,True,0.9
143,chr2,30,T/T,True,0.9
144,chr2,1786,C/A,True,0.9
145,chr17,629,C/A,True,0.9
146,chr15,108,T/G,True,0.9
147,chr6,1493,G/C,True,0.9
148,chr14,1609,C/G,True,0.9
149,chr11,1002,G/A,True,0.9
150,chr3,1797,C/A,True,0.9
151,chr1,394,T/C,True,0.9
152,chr7,746,C/G,True,0.9
153,chr1,832,C/T,True,0.9
154,chr5,2,A/G,True,0.9
155,chr11,1716,T/T,True,0.9
156,chr1,1007,A/T,True,0.9
157,chr16,1685,A/G,True,0.9
158,chr14,1378,G/A,True,0.9
159,chr12,127,C/T,True,0.9
160,chr21,497,T/A,True,0.9
161,chr4,1399,A/T,True,0.9
162,chr14,1054,G/C,True,0.9
163,chr5,644,C/G,True,0.9
164,chr19,1646,T/A,True,0.9
165,chr11,1386,T/C,True,0.9
166,chr7,630,A/C,True,0.9
167,chr5,1551,C/G,True,0.9
168,chr7,580,G/T,True,0.9
169,chr15,1215,G/A,True,0.9
170,chr15,1347,T/C,True,0.9
171,chr19,152,C/C,True,0.9
172,chr9,721,A/C,True,0.9
173,chr22,653,C/T,True,0.9
174,chr3,280,G/C,True,0.9
175,chr4,1321,A/G,True,0.9
176,chr8,1447,G/G,True,0.9
177,chr2,658,G/A,True,0.9
178,chr16,1179,A/G,True,0.9
179,chr13,663,A/A,True,0.9
180,chr18,371,G/G,True,0.9
181,chr21,1169,T/A,True,0.9
182,chr7,454,G/C,True,0.9
183,chr11,510,T/G,True,0.9
184,chr13,653,A/C,True,0.9
185,chr6,500,G/G,True,0.9
186,chrY,412,A/A,True,0.9
187,chr14,1956,G/T,True,0.9
188,chr14,51,A/A,True,0.9
189,chr6,458,T/G,True,0.9
190,chrY,151,T/G,True,0.9
191,chr16,1503,T/G,True,0.9
192,chr16,1695,C/A,True,0.9
193,chr19,257,C/A,True,0.9
194,chr6,543,A/A,True,0.9
195,chr14,1117,A/T,True,0.9
196,chr15,349,G/T,True,0.9
197,chr21,300,G/G,True,0.9
198,chr15,341,A/G,True,0.9
199,chr10,1794,C/T,True,0.9
200,chr16,619,T/C,True,0.9
201,chr18,1703,T/A,True,0.9
202,chr10,394,T/G,True,0.9
203,chr5,1451,G/A,True,0.9
204,chr18,762,G/A,True,0.9
205,chr8,1416,C/G,True,0.9
206,chr6,63,C/A,True,0.9
207,chr17,301,T/G,True,0.9
208,chr15,361,A/G,True,0.9
209,chr5,1245,C/G,True,0.9
210,chr14,233,T/T,True,0.9
211,chr20,1292,A/C,True,0.9
212,chr8,1725,T/T,True,0.9
213,chr8,735,G/T,True,0.9
214,chr9,778,T/C,True,0.9
215,chr7,37,C/G,True,0.9
216,chr22,1239,T/A,True,0.9
217,chr5,1887,G/A,True,0.9
218,chr2,1630,T/T,True,0.9
219,chr8,1284,T/A,True,0.9
220,chr9,567,C/A,True,0.9
221,chrX,1409,T/T,True,0.9
222,chr4,1550,C/C,True,0.9
223,chr3,1785,G/T,True,0.9
224,chr13,1421,A/G,True,0.9
225,chr19,1360,C/T,True,0.9
226,chr5,1841,G/G,True,0.9
227,chr7,337,A/A,True,0.9
228,chr3,1924,G/T,True,0.9
229,chr13,1798,C/T,True,0.9
230,chr7,12,C/C,True,0.9
231,chr15,1673,C/G,True,0.9
232,chr16,698,A/A,True,0.9
233,chr2,1956,C/G,True,0.9
234,chrX,1493,T/A,True,0.9
235,chr8,1040,G/C,True,0.9
236,chr21,848,T/C,True,0.9
237,chr9,1112,A/C,True,0.9
238,chr18,1524,G/G,True,0.9
239,chr15,80,A/T,True,0.9
240,chr7,1864,T/A,True,0.9
241,chr5,1466,A/G,True,0.9
242,chr4,734,G/C,True,0.9
243,chr18,1513,T/C,True,0.9
244,chr13,411,G/T,True,0.9
245,chr3,1508,A/G,True,0.9
246,chr17,71,C/T,True,0.9
247,chr17,538,A/C,True,0.9
248,chr20,302,T/A,True,0.9
249,chr10,932,G/G,True,0.9
250,chr14,1783,G/C,True,0.9
251,chr5,68,A/A,True,0.9
252,chr14,1083,C/T,True,0.9
253,chr4,1768,C/T,True,0.9
254,chr22,978,A/A,True,0.9
255,chr4,80,G/A,True,0.9
256,chr3,1874,C/C,True,0.9
257,chr3,1340,G/A,True,0.9
258,chr9,1098,A/A,True,0.9
259,chr14,157,A/G,True,0.9
260,chr2,1644,C/A,True,0.9
261,chr7,964,G/T,True,0.9
262,chr2,1357,G/A,True,0.9
263,chr8,1204,T/C,True,0.9
264,chr4,1444,G/C,True,0.9
265,chr11,412,C/G,True,0.9
266,chr9,70,A/A,True,0.9
267,chr8,1940,T/C,True,0.9
268,chr22,393,T/T,True,0.9
269,chr21,820,C/A,True,0.9
270,chr13,107,T/A,True,0.9
271,chr2,1665,A/A,True,0.9
272,chr15,1626,G/C,True,0.9
273,chr5,17,A/T,True,0.9
274,chr9,1473,C/A,True,0.9
275,chr20,1484,C/A,True,0.9
276,chr14,474,G/C,True,0.9
277,chr14,1418,G/A,True,0.9
278,chrY,573,C/G,True,0.9
279,chr19,1945,C/A,True,0.9
280,chr16,726,G/T,True,0.9
281,chr18,51,C/T,True,0.9
282,chr21,1599,G/T,True,0.9
283,chr22,1172,A/T,True,0.9
284,chr17,1995,G/C,True,0.9
285,chr16,1168,G/T,True,0.9
286,chr6,129,T/T,True,0.9
287,chr9,776,A/G,True,0.9
288,chr21,1042,C/G,True,0.9
289,chr19,1148,C/G,True,0.9
290,chrX,514,T/A,True,0.9
291,chr9,1793,C/C,True,0.9
292,chr5,426,C/G,True,0.9
293,chr15,740,A/G,True,0.9
294,chr11,1630,T/T,True,0.9
295,chr14,1582,C/G,True,0.9
296,chr22,580,G/G,True,0.9
297,chr10,1915,T/A,True,0.9
298,chr1,1799,T/G,True,0.9
299,chr9,1714,C/C,True,0.9
300,chr14,234,C/C,True,0.9
301,chr5,1203,A/G,True,0.9
302,chr8,1126,T/C,True,0.9
303,chr5,744,G/G,True,0.9
304,chr14,1307,T/A,True,0.9
305,chr9,211,T/C,True,0.9
306,chr14,1580,C/A,True,0.9
307,chr21,1781,C/G,True,0.9
308,chr10,1900,G/G,True,0.9
309,chr13,308,A/C,True,0.9
310,chr7,1447,A/G,True,0.9
311,chr9,1085,A/G,True,0.9
312,chr9,329,A/A,True,0.9
313,chr18,1396,T/G,True,0.9
314,chr16,1375,T/A,True,0.9
315,chr10,471,T/C,True,0.9
316,chr13,1449,A/A,True,0.9
317,chr3,259,C/T,True,0.9
318,chr15,600,G/G,True,0.9
319,chrX,395,T/G,True,0.9
320,chr1,459,G/G,True,0.9
321,chr17,1704,A/C,True,0.9
322,chr12,1572,A/T,True,0.9
323,chr14,1431,G/T,True,0.9
324,chr22,165,T/C,True,0.9
325,chrX,1473,A/T,True,0.9
326,chr13,849,G/T,True,0.9
327,chr10,1587,A/G,True,0.9
328,chr10,1297,C/A,True,0.9
329,chrX,1230,T/C,True,0.9
330,chr8,623,G/A,True,0.9
331,chr5,1267,A/T,True,0.9
332,chr14,1116,C/C,True,0.9
333,chrY,458,T/A,True,0.9
334,chr16,35,A/T,True,0.9
335,chr10,411,A/G,True,0.9
336,chr4,1028,A/T,True,0.9
337,chr2,1981,C/G,True,0.9
338,chr19,919,T/A,True,0.9
339,chr10,823,T/A,True,0.9
340,chr16,545,A/G,True,0.9
341,chr4,1056,C/C,True,0.9
342,chr16,651,T/T,True,0.9
343,chrY,1739,C/A,True,0.9
344,chr14,1474,T/G,True,0.9
345,chrX,1026,C/T,True,0.9
346,chr6,392,A/C,True,0.9
347,chr1,1435,T/T,True,0.9
348,chr2,201,G/A,True,0.9
349,chr12,76,T/T,True,0.9
350,chr2,1806,A/G,True,0.9
351,chr22,1237,A/A,True,0.9
352,chr11,494,G/T,True,0.9
353,chr21,1486,A/C,True,0.9
354,chr18,226,C/T,True,0.9
355,chr4,1151,T/C,True,0.9
356,chr11,827,A/A,True,0.9
357,chr8,860,T/G,True,0.9
358,chr6,333,A/G,True,0.9
359,chr2,1106,A/A,True,0.9
360,chr18,878,T/A,True,0.9
361,chr19,1801,C/A,True,0.9
362,chr20,122,T/T,True,0.9
363,chr1,1466,C/T,True,0.9
364,chrY,1672,A/T,True,0.9
365,chr20,1512,C/A,True,0.9
366,chr8,1693,C/A,True,0.9
367,chr1,1495,A/A,True,0.9
368,chr21,751,C/G,True,0.9
369,chr21,494,T/C,True,0.9
370,chr15,375,G/C,True,0.9
371,chr6,457,T/C,True,0.9
372,chr18,1163,T/G,True,0.9
373,chr16,105,C/C,True,0.9
374,chr8,480,T/A,True,0.9
375,chr18,181,T/A,True,0.9
376,chr20,942,T/G,True,0.9
377,chr11,525,T/A,True,0.9
378,chr21,1518,G/G,True,0.9
379,chr20,29,C/T,True,0.9
380,chr3,1352,C/C,True,0.9
381,chr19,1607,A/T,True,0.9
382,chr1,1369,G/C,True,0.9
383,chr9,662,T/C,True,0.9
384,chr8,948,C/T,True,0.9
385,chr2,1399,C/A,True,0.9
386,chrX,173,A/T,True,0.9
387,chr3,1625,C/G,True,0.9
388,chr6,1896,A/T,True,0.9
389,chr16,495,A/C,True,0.9
390,chr17,572,T/A,True,0.9
391,chr5,1579,T/C,True,0.9
392,chr6,711,A/A,True,0.9
393,chr19,264,A/C,True,0.9
394,chr18,1750,T/A,True,0.9
395,chr4,1079,G/A,True,0.9
396,chr19,1253,C/T,True,0.9
397,chr18,255,T/G,True,0.9
398,chr11,904,T/T,True,0.9
399,chr20,1270,A/A,True,0.9
400,chr11,1621,C/C,True,0.9
401,chr17,1435,T/C,True,0.9
402,chr16,1053,G/A,True,0.9
403,chrY,1680,A/C,True,0.9
404,chr20,1731,A/G,True,0.9
405,chrY,198,G/G,True,0.9
406,chr20,667,T/G,True,0.9
407,chr9,49,C/C,True,0.9
408,chr1,9,G/C,True,0.9
409,chr8,1628,C/G,True,0.9
410,chr10,1914,A/A,True,0.9
411,chr9,1241,C/C,True,0.9
412,chr11,815,A/G,True,0.9
413,chr13,1365,C/C,True,0.9
414,chr8,950,T/C,True,0.9
415,chr8,1684,C/T,True,0.9
416,chr16,241,G/C,True,0.9
417,chr1,1271,G/A,True,0.9
418,chr16,1607,C/A,True,0.9
419,chr4,368,G/A,True,0.9
420,chr17,1160,T/C,True,0.9
421,chr8,583,A/T,True,0.9
422,chr22,1298,G/G,True,0.9
423,chr5,311,G/C,True,0.9
424,chr10,755,T/T,True,0.9
425,chr17,1871,C/A,True,0.9
426,chr18,1831,A/A,True,0.9
427,chr7,275,T/G,True,0.9
428,chr22,1084,T/G,True,0.9
429,chr2,1108,A/G,True,0.9
430,chr14,746,A/T,True,0.9
431,chr8,723,A/A,True,0.9
432,chrY,1217,A/T,True,0.9
433,chr22,581,G/A,True,0.9
434,chr17,77,T/A,True,0.9
435,chr5,1776,G/G,True,0.9
436,chr1,1107,A/C,True,0.9
437,chr19,1249,A/T,True,0.9
438,chr15,587,G/T,True,0.9
439,chr5,1572,C/G,True,0.9
440,chr18,1269,A/G,True,0.9
441,chr12,1095,C/T,True,0.9
442,chr10,189,A/T,True,0.9
443,chr17,1235,T/A,True,0.9
444,chr19,1000,A/A,True,0.9
445,chr16,1395,C/G,True,0.9
446,chr12,684,A/G,True,0.9
447,chr7,666,C/G,True,0.9
448,chr6,326,T/C,True,0.9
449,chr13,631,T/A,True,0.9
450,chr1,954,T/G,True,0.9
451,chr4,314,A/A,True,0.9
452,chr3,1238,G/A,True,0.9
453,chr2,1036,A/G,True,0.9
454,chr4,1687,A/C,True,0.9
455,chrX,200,T/C,True,0.9
456,chr21,1910,G/C,True,0.9
457,chrY,1909,T/A,True,0.9
458,chr5,1143,T/T,True,0.9
459,chr9,957,G/G,True,0.9
460,chr16,527,C/G,True,0.9
461,chr7,332,A/T,True,0.9
462,chr18,1776,G/T,True,0.9
463,chrX,1438,T/A,True,0.9
464,chr12,1870,A/G,True,0.9
465,chr7,1062,C/G,True,0.9
466,chr10,1638,G/T,True,0.9
467,chr22,73,A/C,True,0.9
468,chr10,1836,C/T,True,0.9
469,chr14,1467,C/A,True,0.9
470,chr18,970,T/G,True,0.9
471,chr16,647,A/A,True,0.9
472,chr7,1411,C/C,True,0.9
473,chr15,1206,T/G,True,0.9
474,chr2,1334,G/C,True,0.9
475,chr17,759,A/T,True,0.9
476,chr2,1755,T/G,True,0.9
477,chr8,818,G/G,True,0.9
478,chr20,1090,G/T,True,0.9
479,chr17,971,G/G,True,0.9
480,chr2,1074,C/T,True,0.9
481,chr3,1481,T/A,True,0.9
482,chr1,1676,C/G,True,0.9
483,chr21,706,C/C,True,0.9
484,chr18,1833,T/G,True,0.9
485,chr22,1815,A/C,True,0.9
486,chr20,850,A/A,True,0.9
487,chr5,836,C/A,True,0.9
488,chr4,1432,G/T,True,0.9
489,chr13,201,G/C,True,0.9
490,chr19,468,C/C,True,0.9
491,chr8,655,C/T,True,0.9
492,chr12,863,T/A,True,0.9
493,chr6,1829,C/G,True,0.9
494,chrY,1762,G/T,True,0.9
495,chr14,327,T/A,True,0.9
496,chrX,1549,C/A,True,0.9
497,chr16,1709,A/A,True,0.9
498,chr13,734,C/T,True,0.9
499,chr9,1574,T/C,True,0.9
500,chr22,1844,G/T,True,0.9
501,chr17,1899,T/G,True,0.9
502,chrX,1228,C/G,True,0.9
503,chr5,332,C/G,True,0.9
504,chr12,763,G/C,True,0.9
505,chrY,354,T/A,True,0.9
506,chr13,245,A/G,True,0.9
507,chr3,1046,G/A,True,0.9
508,chr6,1584,C/C,True,0.9
509,chrY,895,G/A,True,0.9
510,chr8,815,T/G,True,0.9
511,chr15,1966,T/T,True,0.9
512,chr9,710,C/T,True,0.9
513,chrX,364,C/C,True,0.9
514,chr17,10,A/A,True,0.9
515,chrY,1971,A/C,True,0.9
