,CHROMOSOME,pos,mut,is_ok,approved_ratio
0,chr5,615,G/A,True,0.9
1,chr2,501,C/T,True,0.9
2,chrX,1095,T/G,True,0.9
3,chr14,1032,C/T,True,0.9
4,chr15,763,G/A,True,0.9
5,chr11,1748,C/A,True,0.9
6,chrY,1431,C/A,True,0.9
7,chr7,346,T/T,True,0.9
8,chr13,511,C/T,True,0.9
9,chr7,1821,G/C,True,0.9
10,chr4,1796,A/C,True,0.9
11,chr4,972,G/C,True,0.9
12,chr11,677,T/T,True,0.9
13,chr15,1987,T/A,True,0.9
14,chrY,288,G/G,True,0.9
15,chr7,64,G/G,True,0.9
16,chr7,1632,T/C,True,0.9
17,chrY,809,T/G,True,0.9
18,chrY,1261,A/C,True,0.9
19,chr14,1900,C/C,True,0.9
20,chr22,1804,G/C,True,0.9
21,chrX,1815,A/C,True,0.9
22,chr17,238,G/A,True,0.9
23,chr16,1572,G/A,True,0.9
24,chr13,1253,C/G,True,0.9
25,chr7,1400,C/T,True,0.9
26,chr3,929,T/C,True,0.9
27,chr21,324,C/A,True,0.9
28,chr7,1540,G/G,True,0.9
29,chrY,1230,A/G,True,0.9
30,chr20,1003,C/A,True,0.9
31,chr10,1176,C/G,True,0.9
32,chr22,1962,T/G,True,0.9
33,chr6,377,T/T,True,0.9
34,chr17,1347,C/C,True,0.9
35,chr11,1201,G/C,True,0.9
36,chr6,1894,C/A,True,0.9
37,chr15,569,G/T,True,0.9
38,chr3,1808,G/C,True,0.9
39,chr20,1443,A/G,True,0.9
40,chr2,1058,G/T,True,0.9
41,chr18,1357,A/G,True,0.9
42,chr19,70,T/C,True,0.9
43,chr4,1506,A/G,True,0.9
44,chr9,1227,T/G,True,0.9
45,chr9,456,C/A,True,0.9
46,chr4,836,T/A,True,0.9
47,chr4,1554,T/C,True,0.9
48,chr2,1902,C/T,True,0.9
49,chr2,1618,C/C,True,0.9
50,chrY,588,A/C,True,0.9
51,chrX,1943,A/C,True,0.9
52,chr12,1577,G/C,True,0.9
53,chr8,1697,G/A,True,0.9
54,chr11,742,C/T,True,0.9
55,chr4,693,A/T,True,0.9
56,chr22,201,T/G,True,0.9
57,chrY,782,G/C,True,0.9
58,chr22,1350,C/C,True,0.9
59,chr9,1786,G/A,True,0.9
60,chrY,1669,C/A,True,0.9
61,chr14,400,C/A,True,0.9
62,chr12,1247,A/G,True,0.9
63,chr6,1620,C/C,True,0.9
64,chr9,1341,A/G,True,0.9
65,chr10,1942,G/T,True,0.9
66,chr13,1629,G/A,True,0.9
67,chrX,362,G/A,True,0.9
68,chr22,1798,G/T,True,0.9
69,chr16,60,G/C,True,0.9
70,chr20,1885,C/C,True,0.9
71,chr6,193,T/T,True,0.9
72,chr22,536,T/T,True,0.9
73,chr4,1514,C/T,True,0.9
74,chr21,732,G/G,True,0.9
75,chr6,1398,A/A,True,0.9
76,chr9,1717,T/A,True,0.9
77,chr16,1372,G/A,True,0.9
78,chr19,420,G/T,True,0.9
79,chr10,37,A/T,True,0.9
80,chr22,74,T/T,True,0.9
81,chr4,1270,A/T,True,0.9
82,chr8,1532,A/G,True,0.9
83,chr7,434,C/T,True,0.9
84,chr9,1726,A/T,True,0.9
85,chr4,1314,A/G,True,0.9
86,chr11,495,T/C,True,0.9
87,chr19,621,T/G,True,0.9
88,chr20,1677,A/T,True,0.9
89,chr12,690,T/T,True,0.9
90,chr5,1965,G/A,True,0.9
91,chr1,1429,T/C,True,0.9
92,chrX,1594,G/G,True,0.9
93,chr8,1132,C/T,True,0.9
94,chr14,821,C/G,True,0.9
95,chr1,256,A/A,True,0.9
96,chr18,273,T/T,True,0.9
97,chr6,1270,A/G,True,0.9
98,chr15,435,C/T,True,0.9
99,chr2,1108,C/C,True,0.9
100,chr12,900,A/A,True,0.9
101,chr4,1447,T/A,True,0.9
102,chr13,1424,C/T,True,0.9
103,chr3,750,C/A,True,0.9
104,chr5,668,A/T,True,0.9
105,chr20,879,G/C,True,0.9
106,chr8,1502,A/T,True,0.9
107,chr22,406,G/C,True,0.9
108,chrY,1149,G/T,True,0.9
109,chr13,1345,A/C,True,0.9
110,chr21,1382,A/C,True,0.9
111,chr22,897,C/A,True,0.9
112,chr6,565,T/G,True,0.9
113,chr19,568,T/G,True,0.9
114,chr7,240,A/G,True,0.9
115,chr13,1582,G/C,True,0.9
116,chr7,1860,G/T,True,0.9
117,chr11,1081,C/G,True,0.9
118,chr1,1633,G/G,True,0.9
119,chr6,1474,G/T,True,0.9
120,chr22,35,C/G,True,0.9
121,chr17,60,C/A,True,0.9
122,chr12,945,A/T,True,0.9
123,chr7,1534,G/T,True,0.9
124,chr15,385,C/T,True,0.9
125,chr11,744,A/A,True,0.9
126,chr3,520,A/A,True,0.9
127,chr2,1487,G/T,True,0.9
128,chr3,1781,T/C,True,0.9
129,chr6,272,T/A,True,0.9
130,chr21,848,G/A,True,0.9
131,chr18,812,A/A,True,0.9
132,chr15,1986,A/C,True,0.9
133,chr22,1291,T/G,True,0.9
134,chr9,1133,C/C,True,0.9
135,chr16,577,T/T,True,0.9
136,chr9,1510,C/A,True,0.9
137,chr10,1685,G/T,True,0.9
138,chr21,471,C/A,True,0.9
139,chr19,1538,A/C,True,0.9
140,chr17,1887,C/C,True,0.9
141,chr3,1923,T/A,True,0.9
142,chr6,1810,G/G,True,0.9
143,chr12,1840,C/T,True,0.9
144,chr4,299,C/C,True,0.9
145,chr11,1346,G/G,True,0.9
146,chr7,1550,C/G,True,0.9
147,chr2,30,T/T,True,0.9
148,chr19,88,T/T,True,0.9
149,chr6,1493,G/C,True,0.9
150,chr12,876,C/G,True,0.9
151,chr15,1064,G/T,True,0.9
152,chr1,1416,C/A,True,0.9
153,chr6,1008,A/G,True,0.9
154,chr1,394,T/C,True,0.9
155,chr7,746,C/G,True,0.9
156,chr7,658,C/G,True,0.9
157,chr2,503,C/C,True,0.9
158,chr8,1712,C/G,True,0.9
159,chr21,1454,G/C,True,0.9
160,chr19,427,C/G,True,0.9
161,chr10,79,T/G,True,0.9
162,chr10,1722,A/C,True,0.9
163,chr21,104,A/A,True,0.9
164,chr20,369,A/C,True,0.9
165,chr5,2,A/G,True,0.9
166,chr11,1716,T/T,True,0.9
167,chr1,1007,A/T,True,0.9
168,chr16,1685,A/G,True,0.9
169,chr17,110,G/C,True,0.9
170,chr14,1378,G/A,True,0.9
171,chr1,525,A/G,True,0.9
172,chrY,351,T/A,True,0.9
173,chr11,1605,G/T,True,0.9
174,chr8,525,A/C,True,0.9
175,chr7,630,A/C,True,0.9
176,chr2,1724,C/C,True,0.9
177,chr11,384,C/A,True,0.9
178,chr11,1661,T/A,True,0.9
179,chr3,1934,A/G,True,0.9
180,chr15,1347,T/C,True,0.9
181,chr15,800,A/A,True,0.9
182,chr20,489,C/T,True,0.9
183,chr19,152,C/C,True,0.9
184,chr9,721,A/C,True,0.9
185,chr11,798,G/G,True,0.9
186,chr2,385,G/T,True,0.9
187,chr4,1321,A/G,True,0.9
188,chr22,1848,C/A,True,0.9
189,chr14,1297,T/A,True,0.9
190,chr2,658,G/A,True,0.9
191,chr3,1553,T/T,True,0.9
192,chr16,1179,A/G,True,0.9
193,chr11,534,G/T,True,0.9
194,chr21,773,C/C,True,0.9
195,chr13,663,A/A,True,0.9
196,chr18,371,G/G,True,0.9
197,chr21,1169,T/A,True,0.9
198,chr7,454,G/C,True,0.9
199,chr20,1897,T/A,True,0.9
200,chr20,1442,C/G,True,0.9
201,chr21,1742,C/C,True,0.9
202,chr6,500,G/G,True,0.9
203,chr3,1249,T/C,True,0.9
204,chr6,458,T/G,True,0.9
205,chrY,151,T/G,True,0.9
206,chr19,257,C/A,True,0.9
207,chr21,432,T/T,True,0.9
208,chr9,1962,T/C,True,0.9
209,chr6,543,A/A,True,0.9
210,chr19,1174,G/A,True,0.9
211,chr4,1854,G/A,True,0.9
212,chr8,1546,A/T,True,0.9
213,chr3,601,A/G,True,0.9
214,chr6,63,C/A,True,0.9
215,chr10,460,C/G,True,0.9
216,chr5,1245,C/G,True,0.9
217,chr20,1292,A/C,True,0.9
218,chr5,1887,G/A,True,0.9
219,chrY,1149,C/A,True,0.9
220,chr1,1891,C/A,True,0.9
221,chr6,115,C/C,True,0.9
222,chr2,1630,T/T,True,0.9
223,chr8,1284,T/A,True,0.9
224,chr11,822,A/T,True,0.9
225,chr15,1435,C/T,True,0.9
226,chr3,1785,G/T,True,0.9
227,chr13,1421,A/G,True,0.9
228,chr19,1360,C/T,True,0.9
229,chr4,1699,A/C,True,0.9
230,chr10,1701,G/T,True,0.9
231,chr17,540,C/G,True,0.9
232,chr16,387,C/C,True,0.9
233,chr13,1798,C/T,True,0.9
234,chr7,12,C/C,True,0.9
235,chr4,962,T/G,True,0.9
236,chr17,837,C/G,True,0.9
237,chr18,129,T/T,True,0.9
238,chr16,698,A/A,True,0.9
239,chrX,1493,T/A,True,0.9
240,chr8,1040,G/C,True,0.9
241,chr11,1763,G/G,True,0.9
242,chr1,395,A/C,True,0.9
243,chr15,80,A/T,True,0.9
244,chr7,1864,T/A,True,0.9
245,chr19,1025,T/T,True,0.9
246,chr2,371,T/C,True,0.9
247,chr17,646,A/A,True,0.9
248,chrX,214,C/C,True,0.9
249,chr17,734,C/A,True,0.9
250,chr20,1836,T/T,True,0.9
251,chr10,793,T/G,True,0.9
252,chr17,71,C/T,True,0.9
253,chr9,1413,T/G,True,0.9
254,chr4,1868,T/A,True,0.9
255,chr15,1275,A/C,True,0.9
256,chr13,1523,G/A,True,0.9
257,chr19,79,C/G,True,0.9
258,chr14,157,A/G,True,0.9
259,chr2,1644,C/A,True,0.9
260,chr19,1972,G/T,True,0.9
261,chr16,310,G/G,True,0.9
262,chr16,1182,A/T,True,0.9
263,chr19,410,C/G,True,0.9
264,chrY,1687,T/T,True,0.9
265,chr11,412,C/G,True,0.9
266,chr7,1671,T/A,True,0.9
267,chr8,1940,T/C,True,0.9
268,chr22,393,T/T,True,0.9
269,chr21,820,C/A,True,0.9
270,chr12,656,T/A,True,0.9
271,chr19,1675,T/A,True,0.9
272,chr17,1123,T/C,True,0.9
273,chr22,680,A/A,True,0.9
274,chrX,1731,G/C,True,0.9
275,chr4,1022,C/T,True,0.9
276,chr5,17,A/T,True,0.9
277,chr15,1444,C/T,True,0.9
278,chr3,627,G/C,True,0.9
279,chr16,726,G/T,True,0.9
280,chr7,1586,A/C,True,0.9
281,chr21,1599,G/T,True,0.9
282,chrX,749,C/A,True,0.9
283,chr21,1042,C/G,True,0.9
284,chrX,1661,T/G,True,0.9
285,chr13,1209,G/T,True,0.9
286,chr6,1979,C/C,True,0.9
287,chr7,399,A/C,True,0.9
288,chr9,1793,C/C,True,0.9
289,chr4,939,G/G,True,0.9
290,chr1,1799,T/G,True,0.9
291,chr8,1879,T/T,True,0.9
292,chr9,1714,C/C,True,0.9
293,chr14,234,C/C,True,0.9
294,chr19,1098,T/A,True,0.9
295,chr8,1126,T/C,True,0.9
296,chr20,1194,A/C,True,0.9
297,chrX,337,C/C,True,0.9
298,chr9,1902,A/T,True,0.9
299,chr1,1233,C/T,True,0.9
300,chr21,1781,C/G,True,0.9
301,chr13,130,A/G,True,0.9
302,chr9,1085,A/G,True,0.9
303,chr7,732,A/C,True,0.9
304,chr18,1396,T/G,True,0.9
305,chr16,1375,T/A,True,0.9
306,chrY,1475,G/C,True,0.9
307,chr21,806,A/G,True,0.9
308,chr10,471,T/C,True,0.9
309,chr1,497,C/A,True,0.9
310,chr6,1401,A/G,True,0.9
311,chr14,1035,A/A,True,0.9
312,chrX,395,T/G,True,0.9
313,chr14,205,G/T,True,0.9
314,chr17,1704,A/C,True,0.9
315,chr14,1794,T/T,True,0.9
316,chr8,1082,A/G,True,0.9
317,chr14,825,A/C,True,0.9
318,chr5,1322,A/C,True,0.9
319,chr22,165,T/C,True,0.9
320,chr16,483,C/G,True,0.9
321,chr19,449,T/T,True,0.9
322,chr15,390,G/A,True,0.9
323,chr4,1028,A/T,True,0.9
324,chr18,1735,T/T,True,0.9
325,chr11,1163,A/A,True,0.9
326,chr10,1527,T/G,True,0.9
327,chr1,1950,T/C,True,0.9
328,chr10,823,T/A,True,0.9
329,chr11,1604,T/A,True,0.9
330,chr17,1001,G/A,True,0.9
331,chrY,1739,C/A,True,0.9
332,chr6,392,A/C,True,0.9
333,chr1,1435,T/T,True,0.9
334,chr20,729,G/T,True,0.9
335,chr7,1683,G/G,True,0.9
336,chr12,76,T/T,True,0.9
337,chr10,1134,C/A,True,0.9
338,chr6,1998,G/G,True,0.9
339,chr11,494,G/T,True,0.9
340,chr14,1227,C/C,True,0.9
341,chr6,1067,C/C,True,0.9
342,chrX,246,G/C,True,0.9
343,chr18,226,C/T,True,0.9
344,chr6,360,A/T,True,0.9
345,chrY,1812,A/A,True,0.9
346,chr6,1961,G/A,True,0.9
347,chr4,873,T/A,True,0.9
348,chr19,1801,C/A,True,0.9
349,chr5,708,T/C,True,0.9
350,chr1,954,A/A,True,0.9
351,chr11,1308,G/C,True,0.9
352,chr20,628,C/T,True,0.9
353,chr8,1693,C/A,True,0.9
354,chr1,1495,A/A,True,0.9
355,chr22,1261,T/A,True,0.9
356,chr21,494,T/C,True,0.9
357,chr15,375,G/C,True,0.9
358,chr16,105,C/C,True,0.9
359,chr8,480,T/A,True,0.9
360,chrY,1636,C/T,True,0.9
361,chr17,1660,G/G,True,0.9
362,chr11,865,T/A,True,0.9
363,chr21,1518,G/G,True,0.9
364,chr18,1989,C/T,True,0.9
365,chr7,694,C/A,True,0.9
366,chr2,540,G/T,True,0.9
367,chr16,520,G/A,True,0.9
368,chr3,1352,C/C,True,0.9
369,chr2,1399,C/A,True,0.9
370,chr13,1442,C/C,True,0.9
371,chr22,444,T/G,True,0.9
372,chr8,689,G/G,True,0.9
373,chr16,495,A/C,True,0.9
374,chr19,1643,T/T,True,0.9
375,chr20,959,C/G,True,0.9
376,chr8,908,C/A,True,0.9
377,chr3,1899,T/C,True,0.9
378,chr11,904,T/T,True,0.9
379,chr2,1848,C/A,True,0.9
380,chr17,158,C/T,True,0.9
381,chr16,421,C/G,True,0.9
382,chr15,636,C/G,True,0.9
383,chrY,198,G/G,True,0.9
384,chr2,367,A/T,True,0.9
385,chr7,1327,T/T,True,0.9
386,chr11,815,A/G,True,0.9
387,chr8,950,T/C,True,0.9
388,chr4,1381,C/A,True,0.9
389,chr15,362,G/T,True,0.9
390,chr14,1523,A/C,True,0.9
391,chr4,368,G/A,True,0.9
392,chr10,787,T/T,True,0.9
393,chr8,1478,G/C,True,0.9
394,chr7,784,A/T,True,0.9
395,chrX,1991,C/G,True,0.9
396,chr22,1007,G/A,True,0.9
397,chr17,1160,T/C,True,0.9
398,chr8,583,A/T,True,0.9
399,chrY,498,G/G,True,0.9
400,chr18,1529,C/G,True,0.9
401,chr10,755,T/T,True,0.9
402,chr15,724,A/C,True,0.9
403,chr17,1871,C/A,True,0.9
404,chr4,447,T/T,True,0.9
405,chr7,275,T/G,True,0.9
406,chr2,1108,A/G,True,0.9
407,chr14,746,A/T,True,0.9
408,chr3,640,T/G,True,0.9
409,chr16,740,G/C,True,0.9
410,chrY,1610,T/T,True,0.9
411,chr1,1727,A/C,True,0.9
412,chr16,31,C/T,True,0.9
413,chr14,664,C/A,True,0.9
414,chr13,1113,C/C,True,0.9
415,chr9,468,A/C,True,0.9
416,chr10,189,A/T,True,0.9
417,chr18,77,T/C,True,0.9
418,chr17,558,A/A,True,0.9
419,chr15,1369,G/A,True,0.9
420,chr16,1395,C/G,True,0.9
421,chr16,1352,G/A,True,0.9
422,chr19,380,G/A,True,0.9
423,chr12,684,A/G,True,0.9
424,chr6,326,T/C,True,0.9
425,chr11,1415,A/C,True,0.9
426,chr13,1749,T/A,True,0.9
427,chr3,917,A/A,True,0.9
428,chr13,631,T/A,True,0.9
429,chr4,314,A/A,True,0.9
430,chr3,1238,G/A,True,0.9
431,chr2,1036,A/G,True,0.9
432,chr12,84,A/T,True,0.9
433,chr4,29,T/G,True,0.9
434,chrX,1033,C/T,True,0.9
435,chr7,332,A/T,True,0.9
436,chr18,1776,G/T,True,0.9
437,chr13,1663,G/A,True,0.9
438,chr21,1381,T/T,True,0.9
439,chrX,1438,T/A,True,0.9
440,chrX,1744,T/A,True,0.9
441,chr11,408,T/T,True,0.9
442,chr10,1836,C/T,True,0.9
443,chr16,647,A/A,True,0.9
444,chr16,338,C/C,True,0.9
445,chr9,965,G/G,True,0.9
446,chr14,1266,C/T,True,0.9
447,chr15,1206,T/G,True,0.9
448,chr1,205,T/T,True,0.9
449,chr8,1244,A/A,True,0.9
450,chr17,759,A/T,True,0.9
451,chr12,1615,A/T,True,0.9
452,chr2,539,G/C,True,0.9
453,chr14,1088,G/C,True,0.9
454,chr20,1090,G/T,True,0.9
455,chr17,1685,A/C,True,0.9
456,chr12,31,A/T,True,0.9
457,chr22,86,C/A,True,0.9
458,chr17,1986,T/A,True,0.9
459,chr1,1172,T/C,True,0.9
460,chr16,1217,T/G,True,0.9
461,chr22,1815,A/C,True,0.9
462,chrY,1065,A/C,True,0.9
463,chr4,1432,G/T,True,0.9
464,chr17,104,C/T,True,0.9
465,chr13,1400,C/T,True,0.9
466,chr22,1553,G/C,True,0.9
467,chr8,655,C/T,True,0.9
468,chr20,13,A/T,True,0.9
469,chr12,863,T/A,True,0.9
470,chr19,597,G/G,True,0.9
471,chr7,1623,G/C,True,0.9
472,chrY,1762,G/T,True,0.9
473,chr17,1697,A/C,True,0.9
474,chr19,1394,A/G,True,0.9
475,chr4,1531,C/C,True,0.9
476,chrX,1549,C/A,True,0.9
477,chr16,1709,A/A,True,0.9
478,chr20,216,C/A,True,0.9
479,chr13,734,C/T,True,0.9
480,chr19,1472,G/C,True,0.9
481,chr15,544,A/C,True,0.9
482,chr19,1962,A/G,True,0.9
483,chr17,1899,T/G,True,0.9
484,chr8,1065,T/C,True,0.9
485,chr13,245,A/G,True,0.9
486,chr3,1046,G/A,True,0.9
487,chr6,1022,C/T,True,0.9
488,chr19,427,T/T,True,0.9
489,chr10,1080,G/C,True,0.9
490,chr22,1419,T/A,True,0.9
491,chr5,183,G/C,True,0.9
492,chr3,1099,A/T,True,0.9
493,chr1,1236,G/A,True,0.9
494,chrY,618,C/C,True,0.9
495,chr15,68,G/G,True,0.9
496,chr6,308,C/T,True,0.9
497,chr15,670,T/T,True,0.9
498,chr1,64,C/A,True,0.9
499,chr15,392,G/C,True,0.9
