,CHROMOSOME,pos,mut,is_ok,approved_ratio
0,chr18,1597,G/A,True,0.9
1,chr17,91,G/G,True,0.9
2,chr7,1960,G/T,True,0.9
3,chr19,1330,A/C,True,0.9
4,chr15,763,G/A,True,0.9
5,chr11,1748,C/A,True,0.9
6,chr6,1360,A/A,True,0.9
7,chr7,430,G/T,True,0.9
8,chr1,8,G/T,True,0.9
9,chr7,346,T/T,True,0.9
10,chr18,624,G/T,True,0.9
11,chr7,1821,G/C,True,0.9
12,chr4,1796,A/C,True,0.9
13,chr21,1195,C/C,True,0.9
14,chr3,382,G/T,True,0.9
15,chr13,1823,A/C,True,0.9
16,chrY,852,C/T,True,0.9
17,chrY,288,G/G,True,0.9
18,chr4,1464,C/T,True,0.9
19,chrX,1102,T/G,True,0.9
20,chr8,630,C/G,True,0.9
21,chr15,1346,A/G,True,0.9
22,chr9,142,T/T,True,0.9
23,chr7,1400,C/T,True,0.9
24,chr1,1068,A/C,True,0.9
25,chr5,795,A/A,True,0.9
26,chr13,1976,T/G,True,0.9
27,chr19,1840,G/G,True,0.9
28,chr21,600,T/T,True,0.9
29,chr22,1533,A/G,True,0.9
30,chr6,1644,T/A,True,0.9
31,chr11,1642,T/C,True,0.9
32,chr15,1846,C/G,True,0.9
33,chr22,1962,T/G,True,0.9
34,chr2,1679,C/T,True,0.9
35,chr6,1894,C/A,True,0.9
36,chr5,1016,C/T,True,0.9
37,chrY,650,T/T,True,0.9
38,chr14,819,A/G,True,0.9
39,chr20,1443,A/G,True,0.9
40,chr2,1132,G/A,True,0.9
41,chr20,398,C/C,True,0.9
42,chr9,1227,T/G,True,0.9
43,chr20,626,G/C,True,0.9
44,chr12,766,A/C,True,0.9
45,chr19,420,C/A,True,0.9
46,chr15,737,T/G,True,0.9
47,chr9,456,C/A,True,0.9
48,chrY,1935,C/G,True,0.9
49,chr3,468,T/C,True,0.9
50,chr19,1203,A/C,True,0.9
51,chr12,966,T/T,True,0.9
52,chr13,839,C/T,True,0.9
53,chr16,905,G/A,True,0.9
54,chr12,1039,A/G,True,0.9
55,chrX,1943,A/C,True,0.9
56,chrY,1638,A/A,True,0.9
57,chr16,1246,T/C,True,0.9
58,chr3,536,C/T,True,0.9
59,chr15,1354,G/G,True,0.9
60,chr4,693,A/T,True,0.9
61,chrY,782,G/C,True,0.9
62,chr22,1350,C/C,True,0.9
63,chr1,569,A/C,True,0.9
64,chr19,1433,G/G,True,0.9
65,chr12,1247,A/G,True,0.9
66,chr6,1620,C/C,True,0.9
67,chr22,954,C/G,True,0.9
68,chr19,1607,T/G,True,0.9
69,chrX,362,G/A,True,0.9
70,chr11,788,C/A,True,0.9
71,chr16,60,G/C,True,0.9
72,chr12,1018,T/T,True,0.9
73,chr20,1885,C/C,True,0.9
74,chr22,536,T/T,True,0.9
75,chr21,846,A/T,True,0.9
76,chr21,732,G/G,True,0.9
77,chr6,1398,A/A,True,0.9
78,chr9,1717,T/A,True,0.9
79,chr4,487,A/G,True,0.9
80,chr17,1364,C/C,True,0.9
81,chr11,1682,T/A,True,0.9
82,chr4,1270,A/T,True,0.9
83,chr12,509,T/T,True,0.9
84,chr8,1532,A/G,True,0.9
85,chr9,1726,A/T,True,0.9
86,chr12,957,A/T,True,0.9
87,chr6,589,T/C,True,0.9
88,chr2,1440,G/G,True,0.9
89,chr4,303,A/C,True,0.9
90,chr1,1549,C/G,True,0.9
91,chr8,1114,G/C,True,0.9
92,chr9,124,T/A,True,0.9
93,chr12,690,T/T,True,0.9
94,chrX,1954,T/A,True,0.9
95,chr5,1965,G/A,True,0.9
96,chr1,1429,T/C,True,0.9
97,chrX,1594,G/G,True,0.9
98,chr8,1132,C/T,True,0.9
99,chr5,1522,G/C,True,0.9
100,chr5,1392,G/C,True,0.9
101,chr2,1108,C/C,True,0.9
102,chr12,900,A/A,True,0.9
103,chr12,1692,C/G,True,0.9
104,chr13,1424,C/T,True,0.9
105,chr3,750,C/A,True,0.9
106,chr20,879,G/C,True,0.9
107,chr22,406,G/C,True,0.9
108,chr8,1272,G/G,True,0.9
109,chr15,838,C/G,True,0.9
110,chr20,1746,G/G,True,0.9
111,chr6,1265,C/C,True,0.9
112,chr13,1508,G/A,True,0.9
113,chr16,922,A/C,True,0.9
114,chr11,165,A/G,True,0.9
115,chr16,893,T/T,True,0.9
116,chr17,60,C/A,True,0.9
117,chr5,771,G/A,True,0.9
118,chrX,1767,A/C,True,0.9
119,chr18,812,C/T,True,0.9
120,chr3,304,C/A,True,0.9
121,chr15,385,C/T,True,0.9
122,chr21,628,A/A,True,0.9
123,chr15,1520,T/T,True,0.9
124,chr16,187,G/G,True,0.9
125,chr22,1204,T/A,True,0.9
126,chr2,308,G/G,True,0.9
127,chr2,1487,G/T,True,0.9
128,chr21,128,A/A,True,0.9
129,chr14,726,C/A,True,0.9
130,chr11,1711,C/C,True,0.9
131,chr7,1292,C/A,True,0.9
132,chr6,272,T/A,True,0.9
133,chr11,141,C/C,True,0.9
134,chr16,1437,G/C,True,0.9
135,chr22,1291,T/G,True,0.9
136,chr9,1133,C/C,True,0.9
137,chr13,1924,C/T,True,0.9
138,chr2,699,G/G,True,0.9
139,chr10,1685,G/T,True,0.9
140,chr8,499,G/G,True,0.9
141,chr6,279,T/C,True,0.9
142,chr8,1843,A/G,True,0.9
143,chrX,539,C/C,True,0.9
144,chr3,1923,T/A,True,0.9
145,chr9,1849,A/G,True,0.9
146,chr5,1587,T/T,True,0.9
147,chr10,311,T/C,True,0.9
148,chr12,1840,C/T,True,0.9
149,chr3,462,G/C,True,0.9
150,chr2,506,G/A,True,0.9
151,chr11,1346,G/G,True,0.9
152,chr11,1119,A/G,True,0.9
153,chr21,424,G/A,True,0.9
154,chr19,88,T/T,True,0.9
155,chr12,876,C/G,True,0.9
156,chr15,1064,G/T,True,0.9
157,chr10,1785,A/A,True,0.9
158,chr6,1008,A/G,True,0.9
159,chr10,1404,C/G,True,0.9
160,chr13,110,A/G,True,0.9
161,chr14,458,T/T,True,0.9
162,chr7,658,C/G,True,0.9
163,chr8,1712,C/G,True,0.9
164,chr21,1454,G/C,True,0.9
165,chr19,427,C/G,True,0.9
166,chr11,1380,A/G,True,0.9
167,chr10,1722,A/C,True,0.9
168,chrX,403,T/A,True,0.9
169,chr19,756,T/T,True,0.9
170,chr21,104,A/A,True,0.9
171,chr16,1685,A/G,True,0.9
172,chr17,110,G/C,True,0.9
173,chr12,127,C/T,True,0.9
174,chrY,351,T/A,True,0.9
175,chr8,1719,A/A,True,0.9
176,chr8,525,A/C,True,0.9
177,chr11,1386,T/C,True,0.9
178,chr2,1724,C/C,True,0.9
179,chr5,1551,C/G,True,0.9
180,chr11,384,C/A,True,0.9
181,chr3,1934,A/G,True,0.9
182,chr22,413,G/C,True,0.9
183,chr16,1605,A/C,True,0.9
184,chr9,1707,C/A,True,0.9
185,chr15,1347,T/C,True,0.9
186,chr13,1656,G/G,True,0.9
187,chr15,800,A/A,True,0.9
188,chr20,489,C/T,True,0.9
189,chr9,721,A/C,True,0.9
190,chr13,267,T/G,True,0.9
191,chr10,1288,C/T,True,0.9
192,chr4,1321,A/G,True,0.9
193,chrX,532,T/G,True,0.9
194,chr22,1848,C/A,True,0.9
195,chr8,1447,G/G,True,0.9
196,chr14,1297,T/A,True,0.9
197,chr15,281,C/T,True,0.9
198,chr5,647,G/G,True,0.9
199,chr21,773,C/C,True,0.9
200,chr16,1879,A/G,True,0.9
201,chr13,663,A/A,True,0.9
202,chr18,371,G/G,True,0.9
203,chr14,780,A/A,True,0.9
204,chr20,1442,C/G,True,0.9
205,chr14,1956,G/T,True,0.9
206,chrY,151,T/G,True,0.9
207,chr16,1503,T/G,True,0.9
208,chr19,257,C/A,True,0.9
209,chr21,432,T/T,True,0.9
210,chr6,543,A/A,True,0.9
211,chr10,394,T/G,True,0.9
212,chr7,620,C/G,True,0.9
213,chr8,1416,C/G,True,0.9
214,chr3,601,A/G,True,0.9
215,chr19,12,A/C,True,0.9
216,chr12,508,T/G,True,0.9
217,chr22,1861,A/C,True,0.9
218,chr5,1245,C/G,True,0.9
219,chr20,1292,A/C,True,0.9
220,chr8,735,G/T,True,0.9
221,chr9,778,T/C,True,0.9
222,chr7,37,C/G,True,0.9
223,chr22,1199,G/A,True,0.9
224,chr1,93,T/T,True,0.9
225,chr5,797,C/G,True,0.9
226,chr1,326,A/G,True,0.9
227,chr6,115,C/C,True,0.9
228,chr9,567,C/A,True,0.9
229,chrX,1409,T/T,True,0.9
230,chr3,1988,G/C,True,0.9
231,chr7,1672,C/T,True,0.9
232,chr3,1785,G/T,True,0.9
233,chr2,459,C/G,True,0.9
234,chr5,1841,G/G,True,0.9
235,chr4,1699,A/C,True,0.9
236,chr17,540,C/G,True,0.9
237,chrX,837,C/C,True,0.9
238,chr7,12,C/C,True,0.9
239,chr15,1673,C/G,True,0.9
240,chr19,1423,C/G,True,0.9
241,chr20,1919,C/G,True,0.9
242,chr18,129,T/T,True,0.9
243,chr7,805,G/A,True,0.9
244,chr16,698,A/A,True,0.9
245,chrX,1493,T/A,True,0.9
246,chr1,1113,A/G,True,0.9
247,chr18,943,C/C,True,0.9
248,chr8,1040,G/C,True,0.9
249,chr13,1202,A/A,True,0.9
250,chr11,1763,G/G,True,0.9
251,chr15,80,A/T,True,0.9
252,chr19,1025,T/T,True,0.9
253,chr2,371,T/C,True,0.9
254,chr4,734,G/C,True,0.9
255,chr17,734,C/A,True,0.9
256,chr20,1836,T/T,True,0.9
257,chr13,411,G/T,True,0.9
258,chr10,793,T/G,True,0.9
259,chr2,1651,T/C,True,0.9
260,chr3,1508,A/G,True,0.9
261,chr17,71,C/T,True,0.9
262,chr4,1875,C/T,True,0.9
263,chr17,1495,C/C,True,0.9
264,chr16,795,C/A,True,0.9
265,chr20,302,T/A,True,0.9
266,chr18,204,C/C,True,0.9
267,chr22,258,C/C,True,0.9
268,chr3,1360,C/T,True,0.9
269,chr15,1275,A/C,True,0.9
270,chr7,1856,G/T,True,0.9
271,chrY,465,A/A,True,0.9
272,chr11,499,C/A,True,0.9
273,chr3,1874,C/C,True,0.9
274,chr9,1098,A/A,True,0.9
275,chr14,157,A/G,True,0.9
276,chr19,1972,G/T,True,0.9
277,chr7,964,G/T,True,0.9
278,chrY,276,T/C,True,0.9
279,chr11,412,C/G,True,0.9
280,chr7,1671,T/A,True,0.9
281,chr16,1543,A/G,True,0.9
282,chr19,307,T/A,True,0.9
283,chr10,765,G/T,True,0.9
284,chr7,1582,A/T,True,0.9
285,chr2,1665,A/A,True,0.9
286,chr17,1123,T/C,True,0.9
287,chr22,680,A/A,True,0.9
288,chr15,1626,G/C,True,0.9
289,chr20,1484,C/A,True,0.9
290,chr14,1418,G/A,True,0.9
291,chrY,573,C/G,True,0.9
292,chr19,1945,C/A,True,0.9
293,chr5,1229,G/C,True,0.9
294,chr16,726,G/T,True,0.9
295,chr7,878,G/C,True,0.9
296,chrX,417,G/A,True,0.9
297,chr17,1608,T/A,True,0.9
298,chr9,776,A/G,True,0.9
299,chr21,1042,C/G,True,0.9
300,chr19,1148,C/G,True,0.9
301,chrX,1661,T/G,True,0.9
302,chr13,1209,G/T,True,0.9
303,chrX,514,T/A,True,0.9
304,chr6,1979,C/C,True,0.9
305,chr15,800,A/T,True,0.9
306,chr15,740,A/G,True,0.9
307,chr11,1630,T/T,True,0.9
308,chr4,939,G/G,True,0.9
309,chr16,1593,G/A,True,0.9
310,chr9,1714,C/C,True,0.9
311,chr14,234,C/C,True,0.9
312,chr19,1098,T/A,True,0.9
313,chr14,1715,T/G,True,0.9
314,chr5,744,G/G,True,0.9
315,chr14,1307,T/A,True,0.9
316,chr12,1669,T/A,True,0.9
317,chr3,532,T/C,True,0.9
318,chr2,342,C/A,True,0.9
319,chr14,1580,C/A,True,0.9
320,chrY,784,T/A,True,0.9
321,chr5,94,G/T,True,0.9
322,chr1,1947,G/T,True,0.9
323,chr13,308,A/C,True,0.9
324,chr7,1447,A/G,True,0.9
325,chr11,1207,T/C,True,0.9
326,chr5,1883,C/T,True,0.9
327,chr9,1085,A/G,True,0.9
328,chr16,1375,T/A,True,0.9
329,chrX,324,A/A,True,0.9
330,chr7,1555,C/A,True,0.9
331,chr10,471,T/C,True,0.9
332,chr6,1401,A/G,True,0.9
333,chr14,1035,A/A,True,0.9
334,chr3,259,C/T,True,0.9
335,chrX,395,T/G,True,0.9
336,chr22,1978,C/G,True,0.9
337,chr14,654,A/A,True,0.9
338,chr1,459,G/G,True,0.9
339,chr14,205,G/T,True,0.9
340,chr12,1572,A/T,True,0.9
341,chr22,295,C/A,True,0.9
342,chr14,825,A/C,True,0.9
343,chr14,1431,G/T,True,0.9
344,chr10,1297,C/A,True,0.9
345,chr14,1116,C/C,True,0.9
346,chr19,449,T/T,True,0.9
347,chr16,35,A/T,True,0.9
348,chr10,411,A/G,True,0.9
349,chr11,1163,A/A,True,0.9
350,chr19,919,T/A,True,0.9
351,chr10,823,T/A,True,0.9
352,chr17,1001,G/A,True,0.9
353,chr4,1056,C/C,True,0.9
354,chr7,355,T/G,True,0.9
355,chr19,1156,A/G,True,0.9
356,chr2,201,G/A,True,0.9
357,chr7,1683,G/G,True,0.9
358,chr13,956,T/G,True,0.9
359,chr12,76,T/T,True,0.9
360,chr10,1134,C/A,True,0.9
361,chr21,1697,G/T,True,0.9
362,chr14,1227,C/C,True,0.9
363,chr16,880,A/G,True,0.9
364,chr2,1604,G/G,True,0.9
365,chrY,1812,A/A,True,0.9
366,chr10,782,G/T,True,0.9
367,chr18,878,T/A,True,0.9
368,chr7,707,C/C,True,0.9
369,chrY,867,G/A,True,0.9
370,chr19,1251,A/T,True,0.9
371,chr17,833,A/T,True,0.9
372,chr8,1693,C/A,True,0.9
373,chr11,947,A/T,True,0.9
374,chr17,1966,C/A,True,0.9
375,chrX,1793,A/G,True,0.9
376,chr14,300,A/T,True,0.9
377,chr22,1261,T/A,True,0.9
378,chr21,494,T/C,True,0.9
379,chr6,457,T/C,True,0.9
380,chr18,1163,T/G,True,0.9
381,chr20,129,T/G,True,0.9
382,chr17,1660,G/G,True,0.9
383,chr11,525,T/A,True,0.9
384,chr20,29,C/T,True,0.9
385,chr18,1989,C/T,True,0.9
386,chr2,540,G/T,True,0.9
387,chr16,520,G/A,True,0.9
388,chr7,1556,A/G,True,0.9
389,chr5,976,T/G,True,0.9
390,chrX,1951,T/G,True,0.9
391,chr9,662,T/C,True,0.9
392,chr18,862,A/T,True,0.9
393,chr22,444,T/G,True,0.9
394,chr9,136,C/C,True,0.9
395,chr9,498,A/A,True,0.9
396,chr13,1205,C/A,True,0.9
397,chr17,572,T/A,True,0.9
398,chr2,1685,C/C,True,0.9
399,chr3,323,G/C,True,0.9
400,chrY,1430,T/A,True,0.9
401,chr9,1153,G/C,True,0.9
402,chr18,255,T/G,True,0.9
403,chr17,158,C/T,True,0.9
404,chr21,387,A/T,True,0.9
405,chrY,1680,A/C,True,0.9
406,chr11,1419,T/T,True,0.9
407,chrY,198,G/G,True,0.9
408,chr20,667,T/G,True,0.9
409,chr2,367,A/T,True,0.9
410,chr19,934,A/T,True,0.9
411,chr16,663,T/T,True,0.9
412,chr1,9,G/C,True,0.9
413,chrY,424,T/T,True,0.9
414,chr10,1914,A/A,True,0.9
415,chr7,1327,T/T,True,0.9
416,chr11,815,A/G,True,0.9
417,chr15,362,G/T,True,0.9
418,chr11,1900,A/C,True,0.9
419,chr16,241,G/C,True,0.9
420,chr5,1988,G/C,True,0.9
421,chr1,1271,G/A,True,0.9
422,chr16,1607,C/A,True,0.9
423,chr10,787,T/T,True,0.9
424,chr2,989,C/C,True,0.9
425,chr21,998,T/A,True,0.9
426,chr17,1160,T/C,True,0.9
427,chr13,701,T/G,True,0.9
428,chr22,1298,G/G,True,0.9
429,chr7,1849,T/C,True,0.9
430,chr17,1265,A/A,True,0.9
431,chrY,498,G/G,True,0.9
432,chr7,955,T/A,True,0.9
433,chr15,724,A/C,True,0.9
434,chr12,230,C/G,True,0.9
435,chrY,1275,A/A,True,0.9
436,chr4,447,T/T,True,0.9
437,chr7,275,T/G,True,0.9
438,chr22,1084,T/G,True,0.9
439,chr2,1108,A/G,True,0.9
440,chr14,746,A/T,True,0.9
441,chrY,39,A/C,True,0.9
442,chrY,1337,C/T,True,0.9
443,chr5,1776,G/G,True,0.9
444,chr6,1720,C/C,True,0.9
445,chr18,1061,C/C,True,0.9
446,chr16,31,C/T,True,0.9
447,chr12,1095,C/T,True,0.9
448,chr15,1667,T/C,True,0.9
449,chr9,468,A/C,True,0.9
450,chr19,515,T/C,True,0.9
451,chr3,1252,G/T,True,0.9
452,chr8,1161,C/T,True,0.9
453,chr19,1000,A/A,True,0.9
454,chr18,77,T/C,True,0.9
455,chr10,801,A/C,True,0.9
456,chr18,110,G/C,True,0.9
457,chr16,1352,G/A,True,0.9
458,chr6,228,G/A,True,0.9
459,chr20,1895,G/A,True,0.9
460,chr3,1931,C/G,True,0.9
461,chr20,304,T/A,True,0.9
462,chr12,684,A/G,True,0.9
463,chr6,1876,C/C,True,0.9
464,chr21,1589,T/A,True,0.9
465,chr7,1158,A/A,True,0.9
466,chr6,326,T/C,True,0.9
467,chr13,1749,T/A,True,0.9
468,chr3,917,A/A,True,0.9
469,chr13,631,T/A,True,0.9
470,chr8,754,A/G,True,0.9
471,chr12,236,A/G,True,0.9
472,chr4,1687,A/C,True,0.9
473,chr12,84,A/T,True,0.9
474,chr4,1690,A/G,True,0.9
475,chr21,1910,G/C,True,0.9
476,chr4,1474,A/T,True,0.9
477,chr3,1519,T/G,True,0.9
478,chr7,1110,T/G,True,0.9
479,chr12,361,G/A,True,0.9
480,chr12,1870,A/G,True,0.9
481,chr7,1062,C/G,True,0.9
482,chrY,176,G/G,True,0.9
483,chr1,483,C/G,True,0.9
484,chr10,1927,C/G,True,0.9
485,chr18,970,T/G,True,0.9
486,chr7,1411,C/C,True,0.9
487,chr2,1334,G/C,True,0.9
488,chr8,1244,A/A,True,0.9
489,chr9,1319,G/T,True,0.9
490,chr1,1445,T/G,True,0.9
491,chr12,720,A/C,True,0.9
492,chr12,31,A/T,True,0.9
493,chr22,86,C/A,True,0.9
494,chr20,1064,T/C,True,0.9
495,chr15,1804,A/A,True,0.9
496,chr22,1815,A/C,True,0.9
497,chr11,848,A/T,True,0.9
498,chr10,1921,T/A,True,0.9
499,chr20,13,A/T,True,0.9
500,chr12,863,T/A,True,0.9
501,chr20,1422,C/G,True,0.9
502,chr10,1300,G/T,True,0.9
503,chr19,1472,G/C,True,0.9
504,chr22,61,G/A,True,0.9
505,chr21,536,G/G,True,0.9
506,chr22,1679,G/G,True,0.9
507,chr13,245,A/G,True,0.9
508,chr14,341,T/G,True,0.9
509,chr16,72,C/T,True,0.9
510,chr19,427,T/T,True,0.9
511,chr5,183,G/C,True,0.9
512,chr1,1236,G/A,True,0.9
513,chrY,618,C/C,True,0.9
514,chr11,1987,T/T,True,0.9
515,chr22,268,T/G,True,0.9
516,chr15,68,G/G,True,0.9
517,chr6,308,C/T,True,0.9
518,chrX,364,C/C,True,0.9
519,chr4,233,G/A,True,0.9
520,chr17,10,A/A,True,0.9
