,CHROMOSOME,pos,mut,is_ok,approved_ratio
0,chr18,1597,G/A,True,0.9
1,chr19,29,A/A,True,0.9
2,chr7,1170,A/C,True,0.9
3,chr4,1695,A/T,True,0.9
4,chr2,501,C/T,True,0.9
5,chr19,1330,A/C,True,0.9
6,chr13,1773,T/A,True,0.9
7,chr11,1748,C/A,True,0.9
8,chr6,1031,T/T,True,0.9
9,chrY,1431,C/A,True,0.9
10,chr7,430,G/T,True,0.9
11,chr7,346,T/T,True,0.9
12,chr13,511,C/T,True,0.9
13,chr7,1821,G/C,True,0.9
14,chr4,972,G/C,True,0.9
15,chr7,1901,A/G,True,0.9
16,chr13,1823,A/C,True,0.9
17,chr7,64,G/G,True,0.9
18,chrY,809,T/G,True,0.9
19,chr6,1137,G/C,True,0.9
20,chr22,1804,G/C,True,0.9
21,chr14,215,A/T,True,0.9
22,chr9,1527,T/C,True,0.9
23,chr13,1253,C/G,True,0.9
24,chr3,200,G/A,True,0.9
25,chr3,929,T/C,True,0.9
26,chr5,795,A/A,True,0.9
27,chr1,1206,A/T,True,0.9
28,chr7,1540,G/G,True,0.9
29,chr19,1840,G/G,True,0.9
30,chr5,321,A/C,True,0.9
31,chr6,1644,T/A,True,0.9
32,chr20,1003,C/A,True,0.9
33,chr7,1361,C/T,True,0.9
34,chr10,1176,C/G,True,0.9
35,chr2,1679,C/T,True,0.9
36,chr10,1448,T/T,True,0.9
37,chr21,1523,G/C,True,0.9
38,chr10,609,A/T,True,0.9
39,chr20,1443,A/G,True,0.9
40,chr11,609,G/T,True,0.9
41,chrY,1553,A/G,True,0.9
42,chr18,1357,A/G,True,0.9
43,chr20,398,C/C,True,0.9
44,chr19,70,T/C,True,0.9
45,chr12,1634,G/C,True,0.9
46,chr20,626,G/C,True,0.9
47,chr12,766,A/C,True,0.9
48,chr9,501,C/C,True,0.9
49,chr11,1971,C/T,True,0.9
50,chr5,984,G/A,True,0.9
51,chr15,737,T/G,True,0.9
52,chr4,836,T/A,True,0.9
53,chr4,1554,T/C,True,0.9
54,chrX,991,C/A,True,0.9
55,chr5,643,T/A,True,0.9
56,chr19,1203,A/C,True,0.9
57,chr12,966,T/T,True,0.9
58,chrY,588,A/C,True,0.9
59,chr11,477,A/C,True,0.9
60,chr12,1039,A/G,True,0.9
61,chrX,1943,A/C,True,0.9
62,chrY,1638,A/A,True,0.9
63,chr15,1354,G/G,True,0.9
64,chr22,201,T/G,True,0.9
65,chr22,1350,C/C,True,0.9
66,chrY,509,T/T,True,0.9
67,chr1,26,A/A,True,0.9
68,chr5,938,T/C,True,0.9
69,chr6,1620,C/C,True,0.9
70,chr13,1608,T/C,True,0.9
71,chr9,1341,A/G,True,0.9
72,chr10,554,G/C,True,0.9
73,chr19,1607,T/G,True,0.9
74,chr13,1629,G/A,True,0.9
75,chrX,1106,A/G,True,0.9
76,chr11,788,C/A,True,0.9
77,chr19,260,C/A,True,0.9
78,chr12,1018,T/T,True,0.9
79,chr10,1486,A/C,True,0.9
80,chr1,1023,T/A,True,0.9
81,chr4,32,C/G,True,0.9
82,chr21,846,A/T,True,0.9
83,chr7,1854,C/A,True,0.9
84,chr21,732,G/G,True,0.9
85,chr10,910,C/C,True,0.9
86,chr12,1214,A/C,True,0.9
87,chr10,881,C/T,True,0.9
88,chr9,1717,T/A,True,0.9
89,chr4,487,A/G,True,0.9
90,chr7,896,C/G,True,0.9
91,chr4,1270,A/T,True,0.9
92,chr12,509,T/T,True,0.9
93,chr8,1532,A/G,True,0.9
94,chr9,1726,A/T,True,0.9
95,chr12,957,A/T,True,0.9
96,chr11,495,T/C,True,0.9
97,chr19,621,T/G,True,0.9
98,chr2,1440,G/G,True,0.9
99,chr20,1677,A/T,True,0.9
100,chr15,818,C/T,True,0.9
101,chr16,585,A/C,True,0.9
102,chr8,1114,G/C,True,0.9
103,chr18,99,G/C,True,0.9
104,chr12,442,C/G,True,0.9
105,chr8,1199,C/A,True,0.9
106,chrX,842,C/T,True,0.9
107,chr6,1012,A/T,True,0.9
108,chr5,1392,G/C,True,0.9
109,chr11,141,C/A,True,0.9
110,chr2,1108,C/C,True,0.9
111,chr12,900,A/A,True,0.9
112,chr5,668,A/T,True,0.9
113,chr22,406,G/C,True,0.9
114,chr19,1537,G/A,True,0.9
115,chr8,1272,G/G,True,0.9
116,chr21,1382,A/C,True,0.9
117,chr22,897,C/A,True,0.9
118,chr6,1265,C/C,True,0.9
119,chr13,1508,G/A,True,0.9
120,chr13,1582,G/C,True,0.9
121,chrX,1767,G/A,True,0.9
122,chr11,1081,C/G,True,0.9
123,chr16,922,A/C,True,0.9
124,chr16,893,T/T,True,0.9
125,chr16,884,A/G,True,0.9
126,chr12,945,A/T,True,0.9
127,chr14,829,A/G,True,0.9
128,chr16,187,G/G,True,0.9
129,chr3,520,A/A,True,0.9
130,chr2,308,G/G,True,0.9
131,chr2,1487,G/T,True,0.9
132,chr7,1292,C/A,True,0.9
133,chr1,765,C/A,True,0.9
134,chr15,1986,A/C,True,0.9
135,chr9,1133,C/C,True,0.9
136,chr13,1924,C/T,True,0.9
137,chr2,699,G/G,True,0.9
138,chr18,121,C/G,True,0.9
139,chr10,1685,G/T,True,0.9
140,chr19,1538,A/C,True,0.9
141,chr8,1843,A/G,True,0.9
142,chr12,1840,C/T,True,0.9
143,chr3,462,G/C,True,0.9
144,chr12,1070,T/G,True,0.9
145,chr2,506,G/A,True,0.9
146,chr11,1346,G/G,True,0.9
147,chr7,1550,C/G,True,0.9
148,chr11,1119,A/G,True,0.9
149,chr13,1407,A/T,True,0.9
150,chr3,157,T/C,True,0.9
151,chr2,30,T/T,True,0.9
152,chr19,88,T/T,True,0.9
153,chr13,1620,G/C,True,0.9
154,chr9,1629,C/C,True,0.9
155,chr10,1404,C/G,True,0.9
156,chr13,110,A/G,True,0.9
157,chr1,394,T/C,True,0.9
158,chr4,52,T/A,True,0.9
159,chr7,746,C/G,True,0.9
160,chr8,1712,C/G,True,0.9
161,chr19,427,C/G,True,0.9
162,chr10,79,T/G,True,0.9
163,chr10,1722,A/C,True,0.9
164,chr19,756,T/T,True,0.9
165,chr21,104,A/A,True,0.9
166,chr5,1985,C/T,True,0.9
167,chr14,1378,G/A,True,0.9
168,chr1,525,A/G,True,0.9
169,chr11,1605,G/T,True,0.9
170,chr2,1724,C/C,True,0.9
171,chr11,384,C/A,True,0.9
172,chr11,1335,T/G,True,0.9
173,chr18,480,C/G,True,0.9
174,chr11,1661,T/A,True,0.9
175,chr22,179,T/G,True,0.9
176,chr9,1707,C/A,True,0.9
177,chr2,104,C/C,True,0.9
178,chr13,267,T/G,True,0.9
179,chr8,1447,G/G,True,0.9
180,chr11,534,G/T,True,0.9
181,chr13,1795,G/T,True,0.9
182,chr18,371,G/G,True,0.9
183,chr7,1401,T/A,True,0.9
184,chr21,839,T/C,True,0.9
185,chr21,1169,T/A,True,0.9
186,chr7,454,G/C,True,0.9
187,chr20,1897,T/A,True,0.9
188,chr4,1955,G/T,True,0.9
189,chr11,510,T/G,True,0.9
190,chr13,653,A/C,True,0.9
191,chr21,679,G/C,True,0.9
192,chrY,412,A/A,True,0.9
193,chr7,1146,T/T,True,0.9
194,chr16,1503,T/G,True,0.9
195,chr19,257,C/A,True,0.9
196,chr8,473,T/C,True,0.9
197,chr14,1117,A/T,True,0.9
198,chr21,300,G/G,True,0.9
199,chr10,1794,C/T,True,0.9
200,chr16,619,T/C,True,0.9
201,chr5,1451,G/A,True,0.9
202,chr8,1546,A/T,True,0.9
203,chr8,1416,C/G,True,0.9
204,chr13,754,T/T,True,0.9
205,chr6,63,C/A,True,0.9
206,chr17,301,T/G,True,0.9
207,chr14,233,T/T,True,0.9
208,chr8,1725,T/T,True,0.9
209,chr22,1239,T/A,True,0.9
210,chr5,1887,G/A,True,0.9
211,chr22,1199,G/A,True,0.9
212,chr9,219,T/A,True,0.9
213,chr2,495,A/G,True,0.9
214,chr1,326,A/G,True,0.9
215,chr6,115,C/C,True,0.9
216,chr2,1630,T/T,True,0.9
217,chr9,567,C/A,True,0.9
218,chrX,1409,T/T,True,0.9
219,chr19,1360,C/T,True,0.9
220,chr1,841,A/A,True,0.9
221,chr4,1699,A/C,True,0.9
222,chr10,1701,G/T,True,0.9
223,chr3,1924,G/T,True,0.9
224,chr7,12,C/C,True,0.9
225,chr4,962,T/G,True,0.9
226,chr7,250,A/A,True,0.9
227,chr19,1423,C/G,True,0.9
228,chr22,1203,G/T,True,0.9
229,chr20,1919,C/G,True,0.9
230,chr18,129,T/T,True,0.9
231,chr16,698,A/A,True,0.9
232,chr1,1113,A/G,True,0.9
233,chr18,943,C/C,True,0.9
234,chr9,1112,A/C,True,0.9
235,chr1,395,A/C,True,0.9
236,chr22,1122,A/G,True,0.9
237,chr18,1524,G/G,True,0.9
238,chr15,80,A/T,True,0.9
239,chr2,371,T/C,True,0.9
240,chr18,1513,T/C,True,0.9
241,chr17,646,A/A,True,0.9
242,chrX,1096,A/G,True,0.9
243,chr10,793,T/G,True,0.9
244,chr2,1651,T/C,True,0.9
245,chr4,1875,C/T,True,0.9
246,chr4,1868,T/A,True,0.9
247,chr17,1495,C/C,True,0.9
248,chr16,795,C/A,True,0.9
249,chr14,1783,G/C,True,0.9
250,chr3,1360,C/T,True,0.9
251,chr6,1588,A/G,True,0.9
252,chr4,1768,C/T,True,0.9
253,chr13,1523,G/A,True,0.9
254,chr11,499,C/A,True,0.9
255,chr3,1874,C/C,True,0.9
256,chr3,1340,G/A,True,0.9
257,chr9,1098,A/A,True,0.9
258,chr2,1644,C/A,True,0.9
259,chr16,1182,A/T,True,0.9
260,chr11,412,C/G,True,0.9
261,chr9,70,A/A,True,0.9
262,chr7,1671,T/A,True,0.9
263,chr5,225,T/C,True,0.9
264,chr13,107,T/A,True,0.9
265,chr18,1472,G/A,True,0.9
266,chr4,1022,C/T,True,0.9
267,chrY,552,A/G,True,0.9
268,chr5,1229,G/C,True,0.9
269,chr18,51,C/T,True,0.9
270,chr22,1172,A/T,True,0.9
271,chrX,417,G/A,True,0.9
272,chr17,1608,T/A,True,0.9
273,chr16,1168,G/T,True,0.9
274,chr6,129,T/T,True,0.9
275,chr19,1148,C/G,True,0.9
276,chrX,1661,T/G,True,0.9
277,chr12,665,A/T,True,0.9
278,chr7,399,A/C,True,0.9
279,chr9,1793,C/C,True,0.9
280,chr15,800,A/T,True,0.9
281,chr15,740,A/G,True,0.9
282,chr14,1582,C/G,True,0.9
283,chr10,1915,T/A,True,0.9
284,chr1,1799,T/G,True,0.9
285,chr8,1879,T/T,True,0.9
286,chr19,1098,T/A,True,0.9
287,chr14,1715,T/G,True,0.9
288,chr9,211,T/C,True,0.9
289,chr9,568,G/T,True,0.9
290,chrY,266,A/C,True,0.9
291,chr4,902,T/G,True,0.9
292,chr12,103,A/G,True,0.9
293,chr21,1781,C/G,True,0.9
294,chrY,784,T/A,True,0.9
295,chr13,308,A/C,True,0.9
296,chr17,1765,C/T,True,0.9
297,chr8,230,C/A,True,0.9
298,chr18,1396,T/G,True,0.9
299,chr3,1585,T/A,True,0.9
300,chr11,1316,A/C,True,0.9
301,chr21,806,A/G,True,0.9
302,chr10,471,T/C,True,0.9
303,chr20,140,T/G,True,0.9
304,chr1,497,C/A,True,0.9
305,chr15,600,G/G,True,0.9
306,chr14,654,A/A,True,0.9
307,chr1,459,G/G,True,0.9
308,chr17,1704,A/C,True,0.9
309,chr22,295,C/A,True,0.9
310,chr14,825,A/C,True,0.9
311,chr5,1322,A/C,True,0.9
312,chr16,483,C/G,True,0.9
313,chr10,1297,C/A,True,0.9
314,chr3,1172,C/G,True,0.9
315,chr5,1267,A/T,True,0.9
316,chr10,411,A/G,True,0.9
317,chr11,1163,A/A,True,0.9
318,chr10,1527,T/G,True,0.9
319,chr1,1950,T/C,True,0.9
320,chr10,823,T/A,True,0.9
321,chr4,1056,C/C,True,0.9
322,chrY,1739,C/A,True,0.9
323,chr7,355,T/G,True,0.9
324,chrX,1026,C/T,True,0.9
325,chr20,729,G/T,True,0.9
326,chr7,1683,G/G,True,0.9
327,chr6,1998,G/G,True,0.9
328,chr14,1227,C/C,True,0.9
329,chr17,1966,C/G,True,0.9
330,chr3,567,G/A,True,0.9
331,chr17,737,A/A,True,0.9
332,chr4,1151,T/C,True,0.9
333,chr1,262,C/A,True,0.9
334,chr6,360,A/T,True,0.9
335,chr2,1155,C/T,True,0.9
336,chrY,973,G/A,True,0.9
337,chr7,1771,T/G,True,0.9
338,chr6,333,A/G,True,0.9
339,chr2,1106,A/A,True,0.9
340,chr19,1801,C/A,True,0.9
341,chrY,1052,A/T,True,0.9
342,chr14,844,T/C,True,0.9
343,chr1,1466,C/T,True,0.9
344,chr19,1251,A/T,True,0.9
345,chr11,1308,G/C,True,0.9
346,chr1,1495,A/A,True,0.9
347,chr21,751,C/G,True,0.9
348,chrX,1793,A/G,True,0.9
349,chr22,1261,T/A,True,0.9
350,chr18,1163,T/G,True,0.9
351,chr8,480,T/A,True,0.9
352,chr11,525,T/A,True,0.9
353,chr21,1518,G/G,True,0.9
354,chr14,497,G/T,True,0.9
355,chr1,1281,C/C,True,0.9
356,chr10,1557,G/G,True,0.9
357,chr5,976,T/G,True,0.9
358,chr19,1607,A/T,True,0.9
359,chr1,1369,G/C,True,0.9
360,chr8,948,C/T,True,0.9
361,chr1,361,G/C,True,0.9
362,chr18,862,A/T,True,0.9
363,chr22,444,T/G,True,0.9
364,chr9,136,C/C,True,0.9
365,chr8,689,G/G,True,0.9
366,chr6,1896,A/T,True,0.9
367,chr7,1407,C/A,True,0.9
368,chr5,1579,T/C,True,0.9
369,chr11,1589,T/C,True,0.9
370,chr2,1399,T/G,True,0.9
371,chr20,959,C/G,True,0.9
372,chr15,1414,A/T,True,0.9
373,chr4,1059,A/G,True,0.9
374,chrY,1430,T/A,True,0.9
375,chr9,1153,G/C,True,0.9
376,chr18,255,T/G,True,0.9
377,chr6,1128,A/A,True,0.9
378,chr3,1899,T/C,True,0.9
379,chr11,904,T/T,True,0.9
380,chr11,1621,C/C,True,0.9
381,chr16,421,C/G,True,0.9
382,chr1,266,A/T,True,0.9
383,chr15,636,C/G,True,0.9
384,chr4,1421,G/G,True,0.9
385,chr20,667,T/G,True,0.9
386,chr17,371,G/T,True,0.9
387,chr19,934,A/T,True,0.9
388,chr9,49,C/C,True,0.9
389,chr16,365,T/A,True,0.9
390,chr1,9,G/C,True,0.9
391,chr9,1241,C/C,True,0.9
392,chr11,815,A/G,True,0.9
393,chr1,787,C/C,True,0.9
394,chr13,1365,C/C,True,0.9
395,chr20,761,C/G,True,0.9
396,chr11,1900,A/C,True,0.9
397,chr5,1562,A/C,True,0.9
398,chr16,241,G/C,True,0.9
399,chr5,1988,G/C,True,0.9
400,chr14,1523,A/C,True,0.9
401,chr16,1607,C/A,True,0.9
402,chr19,767,A/T,True,0.9
403,chr8,1478,G/C,True,0.9
404,chr22,1739,G/T,True,0.9
405,chr2,989,C/C,True,0.9
406,chr22,868,C/C,True,0.9
407,chr10,1487,G/G,True,0.9
408,chr18,1529,C/G,True,0.9
409,chr10,1620,C/C,True,0.9
410,chr12,782,C/G,True,0.9
411,chrY,39,A/C,True,0.9
412,chr1,249,A/C,True,0.9
413,chr18,1467,G/A,True,0.9
414,chr5,1776,G/G,True,0.9
415,chr12,23,C/C,True,0.9
416,chrY,1062,G/T,True,0.9
417,chr9,468,A/C,True,0.9
418,chr21,26,T/A,True,0.9
419,chr10,801,A/C,True,0.9
420,chr15,1369,G/A,True,0.9
421,chr3,1931,C/G,True,0.9
422,chr1,857,C/T,True,0.9
423,chr2,1348,C/T,True,0.9
424,chr13,1749,T/A,True,0.9
425,chr5,1031,G/G,True,0.9
426,chr8,754,A/G,True,0.9
427,chr1,954,T/G,True,0.9
428,chr4,314,A/A,True,0.9
429,chr2,1036,A/G,True,0.9
430,chr4,1687,A/C,True,0.9
431,chr21,1910,G/C,True,0.9
432,chr4,1474,A/T,True,0.9
433,chrY,1909,T/A,True,0.9
434,chr21,1913,C/A,True,0.9
435,chr5,1143,T/T,True,0.9
436,chr3,1519,T/G,True,0.9
437,chr6,1446,C/A,True,0.9
438,chr7,1110,T/G,True,0.9
439,chrY,1857,T/T,True,0.9
440,chr13,334,G/C,True,0.9
441,chrX,1892,C/A,True,0.9
442,chr4,1994,C/A,True,0.9
443,chr18,1776,G/T,True,0.9
444,chr11,1226,A/T,True,0.9
445,chr22,73,A/C,True,0.9
446,chr15,150,A/C,True,0.9
447,chr1,483,C/G,True,0.9
448,chr12,241,G/A,True,0.9
449,chr1,237,A/A,True,0.9
450,chr12,1401,G/T,True,0.9
451,chr16,647,A/A,True,0.9
452,chr2,1664,A/G,True,0.9
453,chr1,205,T/T,True,0.9
454,chr2,98,G/C,True,0.9
455,chr2,1334,G/C,True,0.9
456,chr2,1755,T/G,True,0.9
457,chr2,539,G/C,True,0.9
458,chr10,1624,A/A,True,0.9
459,chr14,1088,G/C,True,0.9
460,chr20,637,T/C,True,0.9
461,chr2,1074,C/T,True,0.9
462,chr1,1172,T/C,True,0.9
463,chr15,1804,A/A,True,0.9
464,chr13,1114,G/A,True,0.9
465,chr19,468,C/C,True,0.9
466,chr13,1400,C/T,True,0.9
467,chr22,1553,G/C,True,0.9
468,chr18,527,T/G,True,0.9
469,chr13,1088,G/C,True,0.9
470,chr13,599,A/C,True,0.9
471,chr19,1394,A/G,True,0.9
472,chr4,1531,C/C,True,0.9
473,chrX,1549,C/A,True,0.9
474,chr13,189,G/T,True,0.9
475,chr9,977,G/G,True,0.9
476,chr19,1830,G/G,True,0.9
477,chr13,734,C/T,True,0.9
478,chr19,1472,G/C,True,0.9
479,chr8,1773,G/G,True,0.9
480,chr22,61,G/A,True,0.9
481,chr9,1574,T/C,True,0.9
482,chr3,502,A/A,True,0.9
483,chr2,128,C/C,True,0.9
484,chr22,1844,G/T,True,0.9
485,chrX,1228,C/G,True,0.9
486,chr8,48,C/T,True,0.9
487,chr2,1356,A/T,True,0.9
488,chr3,567,G/G,True,0.9
489,chr14,341,T/G,True,0.9
490,chr16,72,C/T,True,0.9
491,chr10,1080,G/C,True,0.9
492,chr22,1419,T/A,True,0.9
493,chr6,1612,A/A,True,0.9
494,chr3,1099,A/T,True,0.9
495,chr6,1289,C/A,True,0.9
496,chr4,233,G/A,True,0.9
497,chr15,392,G/C,True,0.9
