,CHROMOSOME,pos,mut,is_ok,approved_ratio
0,chr10,409,C/C,True,0.9
1,chr17,91,G/G,True,0.9
2,chr13,514,C/A,True,0.9
3,chr4,1695,A/T,True,0.9
4,chr6,1360,A/A,True,0.9
5,chrY,1265,G/A,True,0.9
6,chr22,1354,A/T,True,0.9
7,chr7,346,T/T,True,0.9
8,chr18,624,G/T,True,0.9
9,chr13,511,C/T,True,0.9
10,chr7,1821,G/C,True,0.9
11,chr4,1796,A/C,True,0.9
12,chr7,1901,A/G,True,0.9
13,chr21,361,G/C,True,0.9
14,chrY,1261,A/C,True,0.9
15,chr14,1900,C/C,True,0.9
16,chr14,215,A/T,True,0.9
17,chr6,1899,A/G,True,0.9
18,chr13,1253,C/G,True,0.9
19,chr14,1599,C/G,True,0.9
20,chr7,1400,C/T,True,0.9
21,chr11,1259,A/T,True,0.9
22,chr6,1346,A/C,True,0.9
23,chr21,324,C/A,True,0.9
24,chr7,1540,G/G,True,0.9
25,chr19,1840,G/G,True,0.9
26,chr7,103,C/C,True,0.9
27,chr21,600,T/T,True,0.9
28,chr22,1533,A/G,True,0.9
29,chr6,1644,T/A,True,0.9
30,chr4,1203,A/G,True,0.9
31,chr11,1642,T/C,True,0.9
32,chr6,1710,C/A,True,0.9
33,chr20,1003,C/A,True,0.9
34,chr7,1361,C/T,True,0.9
35,chr10,1176,C/G,True,0.9
36,chr22,1962,T/G,True,0.9
37,chr17,1347,C/C,True,0.9
38,chr11,1201,G/C,True,0.9
39,chr15,569,G/T,True,0.9
40,chrY,650,T/T,True,0.9
41,chr14,819,A/G,True,0.9
42,chrY,1553,A/G,True,0.9
43,chrY,1420,A/C,True,0.9
44,chr4,1506,A/G,True,0.9
45,chr20,626,G/C,True,0.9
46,chrY,123,G/C,True,0.9
47,chr9,456,C/A,True,0.9
48,chr4,1554,T/C,True,0.9
49,chr3,468,T/C,True,0.9
50,chr2,1902,C/T,True,0.9
51,chr5,643,T/A,True,0.9
52,chr20,1300,C/T,True,0.9
53,chr12,1039,A/G,True,0.9
54,chrY,1638,A/A,True,0.9
55,chr3,536,C/T,True,0.9
56,chr8,1697,G/A,True,0.9
57,chr11,742,C/T,True,0.9
58,chr12,221,T/A,True,0.9
59,chr22,201,T/G,True,0.9
60,chrY,782,G/C,True,0.9
61,chrY,509,T/T,True,0.9
62,chr6,227,A/A,True,0.9
63,chr19,1433,G/G,True,0.9
64,chrY,1669,C/A,True,0.9
65,chr14,400,C/A,True,0.9
66,chr5,938,T/C,True,0.9
67,chr6,1620,C/C,True,0.9
68,chr13,1608,T/C,True,0.9
69,chr10,1942,G/T,True,0.9
70,chr5,1033,A/G,True,0.9
71,chr19,1607,T/G,True,0.9
72,chr13,1629,G/A,True,0.9
73,chr11,788,C/A,True,0.9
74,chr16,60,G/C,True,0.9
75,chr5,666,T/G,True,0.9
76,chr19,260,C/A,True,0.9
77,chr12,1018,T/T,True,0.9
78,chr10,1486,A/C,True,0.9
79,chr7,916,G/T,True,0.9
80,chr7,1854,C/A,True,0.9
81,chr16,1766,C/T,True,0.9
82,chr21,732,G/G,True,0.9
83,chr12,1214,A/C,True,0.9
84,chr2,349,T/G,True,0.9
85,chr16,1372,G/A,True,0.9
86,chr1,986,C/T,True,0.9
87,chr11,1682,T/A,True,0.9
88,chr12,509,T/T,True,0.9
89,chr9,1726,A/T,True,0.9
90,chr5,590,T/A,True,0.9
91,chr16,1137,G/C,True,0.9
92,chr4,1314,A/G,True,0.9
93,chr1,659,G/C,True,0.9
94,chr6,589,T/C,True,0.9
95,chr2,1440,G/G,True,0.9
96,chr4,303,A/C,True,0.9
97,chr1,1549,C/G,True,0.9
98,chr8,1114,G/C,True,0.9
99,chr14,224,T/C,True,0.9
100,chr12,690,T/T,True,0.9
101,chr5,1965,G/A,True,0.9
102,chr1,1429,T/C,True,0.9
103,chrX,1594,G/G,True,0.9
104,chr8,1132,C/T,True,0.9
105,chr14,821,C/G,True,0.9
106,chr8,1199,C/A,True,0.9
107,chr1,256,A/A,True,0.9
108,chr18,273,T/T,True,0.9
109,chr3,750,C/A,True,0.9
110,chr5,668,A/T,True,0.9
111,chrY,1149,G/T,True,0.9
112,chr13,709,A/A,True,0.9
113,chr8,1272,G/G,True,0.9
114,chr20,1768,G/G,True,0.9
115,chr6,565,T/G,True,0.9
116,chr15,838,C/G,True,0.9
117,chr16,420,T/T,True,0.9
118,chr7,240,A/G,True,0.9
119,chr13,1582,G/C,True,0.9
120,chr14,814,T/C,True,0.9
121,chr18,915,C/G,True,0.9
122,chr22,441,C/T,True,0.9
123,chr16,922,A/C,True,0.9
124,chr6,1474,G/T,True,0.9
125,chr22,35,C/G,True,0.9
126,chr16,893,T/T,True,0.9
127,chr17,60,C/A,True,0.9
128,chr5,771,G/A,True,0.9
129,chr4,1945,A/C,True,0.9
130,chrX,1767,A/C,True,0.9
131,chr3,304,C/A,True,0.9
132,chr14,829,A/G,True,0.9
133,chr15,385,C/T,True,0.9
134,chr11,744,A/A,True,0.9
135,chr16,187,G/G,True,0.9
136,chr2,308,G/G,True,0.9
137,chr2,1487,G/T,True,0.9
138,chr19,1138,C/G,True,0.9
139,chr7,1292,C/A,True,0.9
140,chr18,812,A/A,True,0.9
141,chr16,1437,G/C,True,0.9
142,chr15,1986,A/C,True,0.9
143,chr13,1924,C/T,True,0.9
144,chr18,121,C/G,True,0.9
145,chr21,471,C/A,True,0.9
146,chr6,279,T/C,True,0.9
147,chr19,1538,A/C,True,0.9
148,chr8,1843,A/G,True,0.9
149,chr7,1718,A/A,True,0.9
150,chrX,539,C/C,True,0.9
151,chr14,1831,A/T,True,0.9
152,chr9,1849,A/G,True,0.9
153,chr5,1587,T/T,True,0.9
154,chr12,1840,C/T,True,0.9
155,chr3,462,G/C,True,0.9
156,chr2,506,G/A,True,0.9
157,chr7,1550,C/G,True,0.9
158,chr3,157,T/C,True,0.9
159,chr6,1493,G/C,True,0.9
160,chr15,1064,G/T,True,0.9
161,chr13,1416,T/G,True,0.9
162,chr1,1416,C/A,True,0.9
163,chr13,110,A/G,True,0.9
164,chr4,52,T/A,True,0.9
165,chr18,1697,T/G,True,0.9
166,chr17,566,C/C,True,0.9
167,chr10,1722,A/C,True,0.9
168,chr1,1007,A/T,True,0.9
169,chr17,110,G/C,True,0.9
170,chr12,127,C/T,True,0.9
171,chr1,525,A/G,True,0.9
172,chrY,351,T/A,True,0.9
173,chr11,1605,G/T,True,0.9
174,chr5,644,C/G,True,0.9
175,chr5,1551,C/G,True,0.9
176,chr6,683,C/G,True,0.9
177,chr15,1215,G/A,True,0.9
178,chr22,653,C/T,True,0.9
179,chr11,798,G/G,True,0.9
180,chr3,280,G/C,True,0.9
181,chr2,385,G/T,True,0.9
182,chr10,1288,C/T,True,0.9
183,chrX,532,T/G,True,0.9
184,chr8,1447,G/G,True,0.9
185,chr16,1293,A/G,True,0.9
186,chr14,1297,T/A,True,0.9
187,chr2,658,G/A,True,0.9
188,chr11,534,G/T,True,0.9
189,chr5,647,G/G,True,0.9
190,chr21,773,C/C,True,0.9
191,chr16,1879,A/G,True,0.9
192,chr18,371,G/G,True,0.9
193,chr7,1401,T/A,True,0.9
194,chr11,510,T/G,True,0.9
195,chr13,653,A/C,True,0.9
196,chrY,412,A/A,True,0.9
197,chr6,458,T/G,True,0.9
198,chrY,151,T/G,True,0.9
199,chr8,473,T/C,True,0.9
200,chr10,1794,C/T,True,0.9
201,chr4,1854,G/A,True,0.9
202,chr4,825,A/A,True,0.9
203,chr7,620,C/G,True,0.9
204,chr3,601,A/G,True,0.9
205,chr19,12,A/C,True,0.9
206,chr13,754,T/T,True,0.9
207,chr17,301,T/G,True,0.9
208,chr22,1861,A/C,True,0.9
209,chr5,1245,C/G,True,0.9
210,chr8,735,G/T,True,0.9
211,chr1,1891,C/A,True,0.9
212,chr1,93,T/T,True,0.9
213,chr2,495,A/G,True,0.9
214,chr13,1056,T/C,True,0.9
215,chr11,822,A/T,True,0.9
216,chr4,1550,C/C,True,0.9
217,chr2,459,C/G,True,0.9
218,chr13,1421,A/G,True,0.9
219,chr4,1703,G/A,True,0.9
220,chr4,1699,A/C,True,0.9
221,chr12,1234,C/T,True,0.9
222,chr17,540,C/G,True,0.9
223,chr2,222,C/G,True,0.9
224,chr19,1423,C/G,True,0.9
225,chr18,129,T/T,True,0.9
226,chr18,1368,A/C,True,0.9
227,chr15,1477,C/T,True,0.9
228,chrX,1493,T/A,True,0.9
229,chr1,1113,A/G,True,0.9
230,chr9,1112,A/C,True,0.9
231,chr11,1763,G/G,True,0.9
232,chr17,31,C/T,True,0.9
233,chr2,371,T/C,True,0.9
234,chr4,734,G/C,True,0.9
235,chr18,1513,T/C,True,0.9
236,chr17,646,A/A,True,0.9
237,chr17,734,C/A,True,0.9
238,chr20,1836,T/T,True,0.9
239,chrX,1096,A/G,True,0.9
240,chr20,405,A/A,True,0.9
241,chr10,793,T/G,True,0.9
242,chr2,1651,T/C,True,0.9
243,chr10,932,G/G,True,0.9
244,chr14,1783,G/C,True,0.9
245,chr5,68,A/A,True,0.9
246,chr22,258,C/C,True,0.9
247,chr19,79,C/G,True,0.9
248,chr12,947,T/C,True,0.9
249,chr22,978,A/A,True,0.9
250,chrY,465,A/A,True,0.9
251,chr2,1644,C/A,True,0.9
252,chr19,1972,G/T,True,0.9
253,chr16,310,G/G,True,0.9
254,chr16,1182,A/T,True,0.9
255,chr19,410,C/G,True,0.9
256,chr2,1357,G/A,True,0.9
257,chr8,1204,T/C,True,0.9
258,chr11,412,C/G,True,0.9
259,chr9,70,A/A,True,0.9
260,chr16,1543,A/G,True,0.9
261,chr19,307,T/A,True,0.9
262,chr7,1582,A/T,True,0.9
263,chr13,107,T/A,True,0.9
264,chr12,656,T/A,True,0.9
265,chr2,1665,A/A,True,0.9
266,chr22,1342,G/T,True,0.9
267,chr18,1472,G/A,True,0.9
268,chr20,206,T/A,True,0.9
269,chrX,1731,G/C,True,0.9
270,chr4,1022,C/T,True,0.9
271,chrY,552,A/G,True,0.9
272,chr20,1484,C/A,True,0.9
273,chr14,474,G/C,True,0.9
274,chr14,1418,G/A,True,0.9
275,chr16,726,G/T,True,0.9
276,chr7,1586,A/C,True,0.9
277,chr14,1041,G/C,True,0.9
278,chr7,878,G/C,True,0.9
279,chr18,51,C/T,True,0.9
280,chr15,1745,A/T,True,0.9
281,chr20,1297,G/T,True,0.9
282,chr17,1608,T/A,True,0.9
283,chr17,1995,G/C,True,0.9
284,chr16,1168,G/T,True,0.9
285,chr6,129,T/T,True,0.9
286,chr12,665,A/T,True,0.9
287,chr13,1209,G/T,True,0.9
288,chrX,514,T/A,True,0.9
289,chr15,800,A/T,True,0.9
290,chr15,740,A/G,True,0.9
291,chr16,287,C/G,True,0.9
292,chr11,1630,T/T,True,0.9
293,chr22,580,G/G,True,0.9
294,chr16,1593,G/A,True,0.9
295,chr1,1799,T/G,True,0.9
296,chr9,1714,C/C,True,0.9
297,chr14,234,C/C,True,0.9
298,chr14,1715,T/G,True,0.9
299,chr1,392,G/C,True,0.9
300,chr8,1126,T/C,True,0.9
301,chr12,1669,T/A,True,0.9
302,chr4,902,T/G,True,0.9
303,chrX,337,C/C,True,0.9
304,chr1,1233,C/T,True,0.9
305,chr21,1781,C/G,True,0.9
306,chrY,784,T/A,True,0.9
307,chr5,94,G/T,True,0.9
308,chr11,1207,T/C,True,0.9
309,chr9,1085,A/G,True,0.9
310,chr3,1585,T/A,True,0.9
311,chrX,324,A/A,True,0.9
312,chr10,471,T/C,True,0.9
313,chr1,497,C/A,True,0.9
314,chr7,272,T/A,True,0.9
315,chr3,259,C/T,True,0.9
316,chr15,600,G/G,True,0.9
317,chrX,395,T/G,True,0.9
318,chr22,1978,C/G,True,0.9
319,chr8,1082,A/G,True,0.9
320,chr19,1889,G/C,True,0.9
321,chr14,1431,G/T,True,0.9
322,chr5,1322,A/C,True,0.9
323,chrX,1473,A/T,True,0.9
324,chr13,849,G/T,True,0.9
325,chr16,483,C/G,True,0.9
326,chr10,1297,C/A,True,0.9
327,chr3,1172,C/G,True,0.9
328,chr5,1267,A/T,True,0.9
329,chr19,449,T/T,True,0.9
330,chr16,35,A/T,True,0.9
331,chr10,411,A/G,True,0.9
332,chr18,1735,T/T,True,0.9
333,chr2,1981,C/G,True,0.9
334,chr11,1163,A/A,True,0.9
335,chr10,1527,T/G,True,0.9
336,chr12,762,A/T,True,0.9
337,chr17,1001,G/A,True,0.9
338,chr16,651,T/T,True,0.9
339,chr7,355,T/G,True,0.9
340,chr20,729,G/T,True,0.9
341,chr2,201,G/A,True,0.9
342,chr12,76,T/T,True,0.9
343,chr2,1806,A/G,True,0.9
344,chr11,494,G/T,True,0.9
345,chr12,284,G/T,True,0.9
346,chr17,737,A/A,True,0.9
347,chr1,262,C/A,True,0.9
348,chr20,1578,C/A,True,0.9
349,chrY,973,G/A,True,0.9
350,chr8,860,T/G,True,0.9
351,chr6,333,A/G,True,0.9
352,chr19,1801,C/A,True,0.9
353,chr5,708,T/C,True,0.9
354,chr20,122,T/T,True,0.9
355,chr7,707,C/C,True,0.9
356,chr14,844,T/C,True,0.9
357,chr19,1251,A/T,True,0.9
358,chr20,628,C/T,True,0.9
359,chr21,751,C/G,True,0.9
360,chr22,1261,T/A,True,0.9
361,chr3,351,A/C,True,0.9
362,chr3,165,G/G,True,0.9
363,chr19,1981,A/G,True,0.9
364,chr20,942,T/G,True,0.9
365,chr14,497,G/T,True,0.9
366,chr7,694,C/A,True,0.9
367,chr3,1352,C/C,True,0.9
368,chr19,1607,A/T,True,0.9
369,chr9,662,T/C,True,0.9
370,chr12,928,G/G,True,0.9
371,chr1,361,G/C,True,0.9
372,chr18,1337,G/T,True,0.9
373,chr22,444,T/G,True,0.9
374,chr17,1241,C/A,True,0.9
375,chr8,689,G/G,True,0.9
376,chr6,1896,A/T,True,0.9
377,chr17,1599,T/T,True,0.9
378,chr9,498,A/A,True,0.9
379,chr19,1643,T/T,True,0.9
380,chr5,1579,T/C,True,0.9
381,chr2,1685,C/C,True,0.9
382,chr19,264,A/C,True,0.9
383,chr2,1399,T/G,True,0.9
384,chr3,323,G/C,True,0.9
385,chr20,959,C/G,True,0.9
386,chr8,1159,G/A,True,0.9
387,chr15,1414,A/T,True,0.9
388,chr4,1059,A/G,True,0.9
389,chr22,1448,G/T,True,0.9
390,chr9,1153,G/C,True,0.9
391,chr2,326,T/G,True,0.9
392,chr18,255,T/G,True,0.9
393,chr11,904,T/T,True,0.9
394,chr2,1848,C/A,True,0.9
395,chr11,1621,C/C,True,0.9
396,chr1,510,G/C,True,0.9
397,chr1,266,A/T,True,0.9
398,chr9,1029,G/G,True,0.9
399,chrY,1680,A/C,True,0.9
400,chr2,367,A/T,True,0.9
401,chr17,371,G/T,True,0.9
402,chr16,663,T/T,True,0.9
403,chrY,424,T/T,True,0.9
404,chr5,1841,T/G,True,0.9
405,chr16,1926,A/G,True,0.9
406,chr8,950,T/C,True,0.9
407,chr5,1562,A/C,True,0.9
408,chr14,1523,A/C,True,0.9
409,chr8,1478,G/C,True,0.9
410,chr7,784,A/T,True,0.9
411,chr21,998,T/A,True,0.9
412,chr13,701,T/G,True,0.9
413,chr9,428,A/T,True,0.9
414,chr10,1487,G/G,True,0.9
415,chr7,1849,T/C,True,0.9
416,chr3,689,G/G,True,0.9
417,chrY,498,G/G,True,0.9
418,chr12,1205,G/G,True,0.9
419,chr10,755,T/T,True,0.9
420,chr15,724,A/C,True,0.9
421,chr5,666,A/T,True,0.9
422,chr17,1871,C/A,True,0.9
423,chr14,746,A/T,True,0.9
424,chrY,39,A/C,True,0.9
425,chr1,249,A/C,True,0.9
426,chr18,1467,G/A,True,0.9
427,chr3,640,T/G,True,0.9
428,chr12,23,C/C,True,0.9
429,chr12,1095,C/T,True,0.9
430,chr13,1113,C/C,True,0.9
431,chr8,1161,C/T,True,0.9
432,chr18,77,T/C,True,0.9
433,chr6,609,A/T,True,0.9
434,chr10,801,A/C,True,0.9
435,chr8,1106,T/A,True,0.9
436,chr19,380,G/A,True,0.9
437,chr12,684,A/G,True,0.9
438,chrY,1617,T/T,True,0.9
439,chr21,1589,T/A,True,0.9
440,chr7,666,C/G,True,0.9
441,chr13,1749,T/A,True,0.9
442,chrY,111,G/C,True,0.9
443,chr13,631,T/A,True,0.9
444,chr4,314,A/A,True,0.9
445,chr4,1687,A/C,True,0.9
446,chr12,84,A/T,True,0.9
447,chr9,1828,T/C,True,0.9
448,chr21,1910,G/C,True,0.9
449,chr4,1474,A/T,True,0.9
450,chrY,1909,T/A,True,0.9
451,chr20,765,A/G,True,0.9
452,chr21,1913,C/A,True,0.9
453,chr9,957,G/G,True,0.9
454,chr3,1519,T/G,True,0.9
455,chr16,527,C/G,True,0.9
456,chr8,1805,T/T,True,0.9
457,chr13,1663,G/A,True,0.9
458,chr21,1381,T/T,True,0.9
459,chr7,1062,C/G,True,0.9
460,chrX,1744,T/A,True,0.9
461,chr15,1676,A/A,True,0.9
462,chrX,1535,A/T,True,0.9
463,chr3,70,C/G,True,0.9
464,chr4,1829,G/T,True,0.9
465,chr9,965,G/G,True,0.9
466,chr15,1206,T/G,True,0.9
467,chr8,1293,A/A,True,0.9
468,chr2,539,G/C,True,0.9
469,chr1,1445,T/G,True,0.9
470,chr17,971,G/G,True,0.9
471,chr17,1685,A/C,True,0.9
472,chr12,31,A/T,True,0.9
473,chr20,637,T/C,True,0.9
474,chr18,1833,T/G,True,0.9
475,chr4,1437,A/C,True,0.9
476,chr22,1815,A/C,True,0.9
477,chrY,1065,A/C,True,0.9
478,chr5,836,C/A,True,0.9
479,chr17,104,C/T,True,0.9
480,chr13,1114,G/A,True,0.9
481,chr13,201,G/C,True,0.9
482,chr12,863,T/A,True,0.9
483,chr6,1829,C/G,True,0.9
484,chr13,1088,G/C,True,0.9
485,chr11,579,G/T,True,0.9
486,chr13,189,G/T,True,0.9
487,chr16,1709,A/A,True,0.9
488,chr20,216,C/A,True,0.9
489,chr11,728,A/C,True,0.9
490,chr22,61,G/A,True,0.9
491,chr21,536,G/G,True,0.9
492,chr5,332,C/G,True,0.9
493,chrY,354,T/A,True,0.9
494,chr13,245,A/G,True,0.9
495,chr2,1356,A/T,True,0.9
496,chr3,1046,G/A,True,0.9
497,chr19,1992,C/G,True,0.9
498,chr10,1946,G/C,True,0.9
499,chr11,1613,G/C,True,0.9
500,chr13,1445,G/T,True,0.9
501,chr21,1602,G/C,True,0.9
502,chr1,818,A/G,True,0.9
503,chr15,1966,T/T,True,0.9
504,chr9,710,C/T,True,0.9
505,chr15,670,T/T,True,0.9
506,chr1,64,C/A,True,0.9
