,CHROMOSOME,pos,mut,is_ok,approved_ratio
0,chr18,1597,G/A,True,0.9
1,chr19,1330,A/C,True,0.9
2,chr15,763,G/A,True,0.9
3,chr10,1253,T/C,True,0.9
4,chr13,1773,T/A,True,0.9
5,chr1,1694,G/A,True,0.9
6,chr22,1354,A/T,True,0.9
7,chr13,511,C/T,True,0.9
8,chr4,1796,A/C,True,0.9
9,chr7,1901,A/G,True,0.9
10,chr13,1823,A/C,True,0.9
11,chr7,401,C/A,True,0.9
12,chr6,1899,A/G,True,0.9
13,chr17,238,G/A,True,0.9
14,chr9,142,T/T,True,0.9
15,chr14,1599,C/G,True,0.9
16,chr3,929,T/C,True,0.9
17,chr11,1259,A/T,True,0.9
18,chr1,1068,A/C,True,0.9
19,chr21,324,C/A,True,0.9
20,chr19,1840,G/G,True,0.9
21,chr22,1533,A/G,True,0.9
22,chrY,1230,A/G,True,0.9
23,chr4,1203,A/G,True,0.9
24,chr22,1985,G/G,True,0.9
25,chr11,814,G/T,True,0.9
26,chr6,1710,C/A,True,0.9
27,chr7,1361,C/T,True,0.9
28,chr7,889,G/C,True,0.9
29,chr10,1176,C/G,True,0.9
30,chrX,1495,G/T,True,0.9
31,chr2,1679,C/T,True,0.9
32,chr11,1201,G/C,True,0.9
33,chr21,1523,G/C,True,0.9
34,chr3,1808,G/C,True,0.9
35,chr13,945,T/A,True,0.9
36,chr11,609,G/T,True,0.9
37,chr18,1357,A/G,True,0.9
38,chr20,398,C/C,True,0.9
39,chr20,626,G/C,True,0.9
40,chr7,279,A/C,True,0.9
41,chrY,123,G/C,True,0.9
42,chr14,532,A/G,True,0.9
43,chrY,1935,C/G,True,0.9
44,chr9,233,C/G,True,0.9
45,chr2,1902,C/T,True,0.9
46,chr19,1203,A/C,True,0.9
47,chr13,839,C/T,True,0.9
48,chr12,1577,G/C,True,0.9
49,chr1,1522,T/C,True,0.9
50,chr15,1354,G/G,True,0.9
51,chr22,1350,C/C,True,0.9
52,chrY,509,T/T,True,0.9
53,chr6,1313,C/C,True,0.9
54,chr19,1433,G/G,True,0.9
55,chr11,136,G/G,True,0.9
56,chr6,1620,C/C,True,0.9
57,chr10,1942,G/T,True,0.9
58,chr19,1607,T/G,True,0.9
59,chrX,362,G/A,True,0.9
60,chrX,1106,A/G,True,0.9
61,chr5,666,T/G,True,0.9
62,chr19,260,C/A,True,0.9
63,chr10,1486,A/C,True,0.9
64,chr7,916,G/T,True,0.9
65,chr4,32,C/G,True,0.9
66,chr12,1214,A/C,True,0.9
67,chr10,881,C/T,True,0.9
68,chr9,1717,T/A,True,0.9
69,chr10,37,A/T,True,0.9
70,chr10,334,G/C,True,0.9
71,chr8,1532,A/G,True,0.9
72,chr7,434,C/T,True,0.9
73,chr12,1673,T/C,True,0.9
74,chr4,1314,A/G,True,0.9
75,chr1,659,G/C,True,0.9
76,chr3,830,C/A,True,0.9
77,chr4,303,A/C,True,0.9
78,chr9,124,T/A,True,0.9
79,chr12,690,T/T,True,0.9
80,chr14,821,C/G,True,0.9
81,chr12,442,C/G,True,0.9
82,chr8,1199,C/A,True,0.9
83,chr1,1914,G/T,True,0.9
84,chr6,1012,A/T,True,0.9
85,chr18,273,T/T,True,0.9
86,chr22,1263,T/T,True,0.9
87,chr20,147,T/T,True,0.9
88,chr12,1692,C/G,True,0.9
89,chr14,130,T/T,True,0.9
90,chr4,1447,T/A,True,0.9
91,chr20,879,G/C,True,0.9
92,chr22,406,G/C,True,0.9
93,chr8,1272,G/G,True,0.9
94,chr9,654,A/T,True,0.9
95,chr15,838,C/G,True,0.9
96,chr20,1746,G/G,True,0.9
97,chr20,56,A/C,True,0.9
98,chr7,240,A/G,True,0.9
99,chr14,814,T/C,True,0.9
100,chr18,915,C/G,True,0.9
101,chr7,1860,G/T,True,0.9
102,chr6,1474,G/T,True,0.9
103,chr5,771,G/A,True,0.9
104,chr16,884,A/G,True,0.9
105,chr2,1833,A/A,True,0.9
106,chrX,1767,A/C,True,0.9
107,chr18,812,C/T,True,0.9
108,chr3,304,C/A,True,0.9
109,chr15,385,C/T,True,0.9
110,chr11,744,A/A,True,0.9
111,chr16,187,G/G,True,0.9
112,chr2,308,G/G,True,0.9
113,chr2,1487,G/T,True,0.9
114,chr14,726,C/A,True,0.9
115,chr3,1781,T/C,True,0.9
116,chr11,1711,C/C,True,0.9
117,chr6,272,T/A,True,0.9
118,chr16,1437,G/C,True,0.9
119,chr11,57,C/G,True,0.9
120,chr22,1291,T/G,True,0.9
121,chr16,577,T/T,True,0.9
122,chr2,699,G/G,True,0.9
123,chr10,1685,G/T,True,0.9
124,chr8,499,G/G,True,0.9
125,chr3,1923,T/A,True,0.9
126,chr9,1849,A/G,True,0.9
127,chr5,1587,T/T,True,0.9
128,chr10,311,T/C,True,0.9
129,chr3,462,G/C,True,0.9
130,chr12,1070,T/G,True,0.9
131,chr2,506,G/A,True,0.9
132,chr11,1346,G/G,True,0.9
133,chr13,1407,A/T,True,0.9
134,chr21,424,G/A,True,0.9
135,chr2,30,T/T,True,0.9
136,chr2,1786,C/A,True,0.9
137,chr15,108,T/G,True,0.9
138,chr12,876,C/G,True,0.9
139,chr15,1064,G/T,True,0.9
140,chr13,1416,T/G,True,0.9
141,chr13,1620,G/C,True,0.9
142,chr14,1609,C/G,True,0.9
143,chr10,1404,C/G,True,0.9
144,chr4,52,T/A,True,0.9
145,chr7,746,C/G,True,0.9
146,chr7,658,C/G,True,0.9
147,chr17,566,C/C,True,0.9
148,chr8,1712,C/G,True,0.9
149,chr19,427,C/G,True,0.9
150,chr19,756,T/T,True,0.9
151,chr20,369,A/C,True,0.9
152,chr5,2,A/G,True,0.9
153,chr11,1716,T/T,True,0.9
154,chr16,1685,A/G,True,0.9
155,chr4,1399,A/T,True,0.9
156,chrY,351,T/A,True,0.9
157,chr11,1605,G/T,True,0.9
158,chr6,350,C/A,True,0.9
159,chr7,630,A/C,True,0.9
160,chr2,1724,C/C,True,0.9
161,chr11,384,C/A,True,0.9
162,chr11,1335,T/G,True,0.9
163,chr18,480,C/G,True,0.9
164,chr22,413,G/C,True,0.9
165,chr16,1605,A/C,True,0.9
166,chr13,1407,T/G,True,0.9
167,chr14,92,G/C,True,0.9
168,chr2,104,C/C,True,0.9
169,chr11,798,G/G,True,0.9
170,chr3,280,G/C,True,0.9
171,chr10,1288,C/T,True,0.9
172,chr4,1321,A/G,True,0.9
173,chr8,1447,G/G,True,0.9
174,chr16,1293,A/G,True,0.9
175,chr15,281,C/T,True,0.9
176,chr3,1553,T/T,True,0.9
177,chr13,1795,G/T,True,0.9
178,chr5,647,G/G,True,0.9
179,chr21,839,T/C,True,0.9
180,chr7,454,G/C,True,0.9
181,chr14,780,A/A,True,0.9
182,chr4,1955,G/T,True,0.9
183,chr11,510,T/G,True,0.9
184,chrY,412,A/A,True,0.9
185,chr3,1249,T/C,True,0.9
186,chr6,458,T/G,True,0.9
187,chr21,432,T/T,True,0.9
188,chr8,473,T/C,True,0.9
189,chr6,543,A/A,True,0.9
190,chr15,349,G/T,True,0.9
191,chr18,1703,T/A,True,0.9
192,chr5,1451,G/A,True,0.9
193,chr8,1546,A/T,True,0.9
194,chr4,825,A/A,True,0.9
195,chr7,620,C/G,True,0.9
196,chr8,1416,C/G,True,0.9
197,chr3,601,A/G,True,0.9
198,chr9,612,T/C,True,0.9
199,chr15,1360,A/G,True,0.9
200,chr6,63,C/A,True,0.9
201,chr15,361,A/G,True,0.9
202,chr22,1861,A/C,True,0.9
203,chr20,1292,A/C,True,0.9
204,chr8,1725,T/T,True,0.9
205,chr7,37,C/G,True,0.9
206,chrY,1149,C/A,True,0.9
207,chr22,1199,G/A,True,0.9
208,chr9,219,T/A,True,0.9
209,chr2,495,A/G,True,0.9
210,chr6,115,C/C,True,0.9
211,chr2,980,G/G,True,0.9
212,chrX,1409,T/T,True,0.9
213,chr11,822,A/T,True,0.9
214,chr7,1672,C/T,True,0.9
215,chr4,1703,G/A,True,0.9
216,chr19,1360,C/T,True,0.9
217,chr4,1699,A/C,True,0.9
218,chr2,1039,G/G,True,0.9
219,chr7,12,C/C,True,0.9
220,chr7,250,A/A,True,0.9
221,chr17,837,C/G,True,0.9
222,chr18,129,T/T,True,0.9
223,chr7,805,G/A,True,0.9
224,chr2,1956,C/G,True,0.9
225,chr1,1113,A/G,True,0.9
226,chr8,1040,G/C,True,0.9
227,chr21,1869,G/G,True,0.9
228,chr21,848,T/C,True,0.9
229,chr9,1112,A/C,True,0.9
230,chr1,395,A/C,True,0.9
231,chr18,1524,G/G,True,0.9
232,chr7,685,G/C,True,0.9
233,chr7,1864,T/A,True,0.9
234,chr19,1025,T/T,True,0.9
235,chr2,371,T/C,True,0.9
236,chr10,1584,T/T,True,0.9
237,chr4,734,G/C,True,0.9
238,chr18,1513,T/C,True,0.9
239,chr20,1836,T/T,True,0.9
240,chrX,1096,A/G,True,0.9
241,chr13,411,G/T,True,0.9
242,chrX,576,T/C,True,0.9
243,chr10,793,T/G,True,0.9
244,chr2,1651,T/C,True,0.9
245,chr9,1413,T/G,True,0.9
246,chr4,1868,T/A,True,0.9
247,chr17,538,A/C,True,0.9
248,chr16,795,C/A,True,0.9
249,chr20,302,T/A,True,0.9
250,chr10,932,G/G,True,0.9
251,chr14,1783,G/C,True,0.9
252,chr18,204,C/C,True,0.9
253,chr22,258,C/C,True,0.9
254,chr3,1360,C/T,True,0.9
255,chr15,1275,A/C,True,0.9
256,chr4,1768,C/T,True,0.9
257,chrY,465,A/A,True,0.9
258,chr11,499,C/A,True,0.9
259,chr9,1098,A/A,True,0.9
260,chr14,157,A/G,True,0.9
261,chrY,1687,T/T,True,0.9
262,chr4,1444,G/C,True,0.9
263,chr8,1940,T/C,True,0.9
264,chr22,393,T/T,True,0.9
265,chr19,307,T/A,True,0.9
266,chr7,1582,A/T,True,0.9
267,chr12,656,T/A,True,0.9
268,chr19,1675,T/A,True,0.9
269,chr2,1665,A/A,True,0.9
270,chr22,680,A/A,True,0.9
271,chr15,1626,G/C,True,0.9
272,chrY,552,A/G,True,0.9
273,chrY,573,C/G,True,0.9
274,chr16,726,G/T,True,0.9
275,chr15,1745,A/T,True,0.9
276,chr21,1599,G/T,True,0.9
277,chr22,1172,A/T,True,0.9
278,chrX,749,C/A,True,0.9
279,chr17,1995,G/C,True,0.9
280,chr16,1168,G/T,True,0.9
281,chr9,776,A/G,True,0.9
282,chrX,1661,T/G,True,0.9
283,chr13,1209,G/T,True,0.9
284,chr11,1630,T/T,True,0.9
285,chr9,1714,C/C,True,0.9
286,chr19,1098,T/A,True,0.9
287,chr14,1715,T/G,True,0.9
288,chr5,1203,A/G,True,0.9
289,chr8,1126,T/C,True,0.9
290,chr15,1506,C/A,True,0.9
291,chr20,1194,A/C,True,0.9
292,chr14,1307,T/A,True,0.9
293,chr9,211,T/C,True,0.9
294,chr7,292,G/G,True,0.9
295,chr9,568,G/T,True,0.9
296,chr4,902,T/G,True,0.9
297,chrX,337,C/C,True,0.9
298,chr12,103,A/G,True,0.9
299,chr14,1580,C/A,True,0.9
300,chr1,1947,G/T,True,0.9
301,chr11,1207,T/C,True,0.9
302,chr13,130,A/G,True,0.9
303,chr5,1883,C/T,True,0.9
304,chr9,329,A/A,True,0.9
305,chrY,1475,G/C,True,0.9
306,chrX,324,A/A,True,0.9
307,chr21,806,A/G,True,0.9
308,chr3,259,C/T,True,0.9
309,chr15,600,G/G,True,0.9
310,chr14,654,A/A,True,0.9
311,chr1,459,G/G,True,0.9
312,chr18,849,T/G,True,0.9
313,chr22,295,C/A,True,0.9
314,chrX,1473,A/T,True,0.9
315,chr13,849,G/T,True,0.9
316,chr8,623,G/A,True,0.9
317,chr14,1116,C/C,True,0.9
318,chr19,449,T/T,True,0.9
319,chrY,458,T/A,True,0.9
320,chr8,1915,C/C,True,0.9
321,chr10,411,A/G,True,0.9
322,chr14,1024,A/T,True,0.9
323,chr18,1735,T/T,True,0.9
324,chr2,1981,C/G,True,0.9
325,chr10,1527,T/G,True,0.9
326,chr10,823,T/A,True,0.9
327,chr11,1604,T/A,True,0.9
328,chr17,1001,G/A,True,0.9
329,chr16,545,A/G,True,0.9
330,chr4,1056,C/C,True,0.9
331,chr14,1474,T/G,True,0.9
332,chr1,1435,T/T,True,0.9
333,chr20,729,G/T,True,0.9
334,chr13,956,T/G,True,0.9
335,chr12,76,T/T,True,0.9
336,chr10,1134,C/A,True,0.9
337,chr22,1237,A/A,True,0.9
338,chr21,1697,G/T,True,0.9
339,chr6,1067,C/C,True,0.9
340,chrX,246,G/C,True,0.9
341,chr17,737,A/A,True,0.9
342,chr20,1578,C/A,True,0.9
343,chrY,973,G/A,True,0.9
344,chr8,860,T/G,True,0.9
345,chrY,1812,A/A,True,0.9
346,chrX,939,T/A,True,0.9
347,chr7,1771,T/G,True,0.9
348,chr10,782,G/T,True,0.9
349,chr18,878,T/A,True,0.9
350,chrY,1052,A/T,True,0.9
351,chr5,708,T/C,True,0.9
352,chr7,707,C/C,True,0.9
353,chr19,1251,A/T,True,0.9
354,chr20,1512,C/A,True,0.9
355,chr11,947,A/T,True,0.9
356,chr21,751,C/G,True,0.9
357,chr21,242,G/G,True,0.9
358,chr21,494,T/C,True,0.9
359,chr6,457,T/C,True,0.9
360,chr3,165,G/G,True,0.9
361,chrX,1701,C/C,True,0.9
362,chr19,1981,A/G,True,0.9
363,chr11,865,T/A,True,0.9
364,chr10,1834,T/C,True,0.9
365,chr20,942,T/G,True,0.9
366,chr16,520,G/A,True,0.9
367,chr19,1607,A/T,True,0.9
368,chr18,862,A/T,True,0.9
369,chr6,1896,A/T,True,0.9
370,chr4,298,A/T,True,0.9
371,chr19,1643,T/T,True,0.9
372,chr13,1205,C/A,True,0.9
373,chrX,1014,T/G,True,0.9
374,chr16,76,G/C,True,0.9
375,chr2,1399,T/G,True,0.9
376,chr3,323,G/C,True,0.9
377,chr8,908,C/A,True,0.9
378,chr4,1079,G/A,True,0.9
379,chr22,1448,G/T,True,0.9
380,chr19,1253,C/T,True,0.9
381,chr6,1128,A/A,True,0.9
382,chr11,904,T/T,True,0.9
383,chr2,1848,C/A,True,0.9
384,chr20,1270,A/A,True,0.9
385,chr11,1621,C/C,True,0.9
386,chr16,421,C/G,True,0.9
387,chr1,266,A/T,True,0.9
388,chr9,1029,G/G,True,0.9
389,chr20,1731,A/G,True,0.9
390,chrY,198,G/G,True,0.9
391,chr20,667,T/G,True,0.9
392,chr19,1458,G/G,True,0.9
393,chrY,424,T/T,True,0.9
394,chr5,1841,T/G,True,0.9
395,chr9,1241,C/C,True,0.9
396,chr7,1195,A/G,True,0.9
397,chr20,761,C/G,True,0.9
398,chr4,1381,C/A,True,0.9
399,chr15,362,G/T,True,0.9
400,chr5,1988,G/C,True,0.9
401,chr16,1607,C/A,True,0.9
402,chr4,368,G/A,True,0.9
403,chr8,1478,G/C,True,0.9
404,chr7,784,A/T,True,0.9
405,chrX,1991,C/G,True,0.9
406,chr21,998,T/A,True,0.9
407,chr22,1007,G/A,True,0.9
408,chr8,583,A/T,True,0.9
409,chr9,428,A/T,True,0.9
410,chr10,1487,G/G,True,0.9
411,chr14,1896,A/G,True,0.9
412,chrY,498,G/G,True,0.9
413,chr12,1205,G/G,True,0.9
414,chr17,1871,C/A,True,0.9
415,chrY,1275,A/A,True,0.9
416,chr8,723,A/A,True,0.9
417,chr22,581,G/A,True,0.9
418,chr1,249,A/C,True,0.9
419,chrY,1337,C/T,True,0.9
420,chr3,640,T/G,True,0.9
421,chr6,1720,C/C,True,0.9
422,chr18,1061,C/C,True,0.9
423,chr13,1019,C/A,True,0.9
424,chr15,587,G/T,True,0.9
425,chr5,1572,C/G,True,0.9
426,chr18,1269,A/G,True,0.9
427,chr9,468,A/C,True,0.9
428,chr21,26,T/A,True,0.9
429,chr8,1161,C/T,True,0.9
430,chr8,1106,T/A,True,0.9
431,chr15,1369,G/A,True,0.9
432,chr16,1352,G/A,True,0.9
433,chr6,228,G/A,True,0.9
434,chr19,380,G/A,True,0.9
435,chr3,1931,C/G,True,0.9
436,chr1,857,C/T,True,0.9
437,chr6,1876,C/C,True,0.9
438,chr7,1158,A/A,True,0.9
439,chr3,917,A/A,True,0.9
440,chr5,1031,G/G,True,0.9
441,chr17,1226,G/C,True,0.9
442,chr1,954,T/G,True,0.9
443,chr4,29,T/G,True,0.9
444,chr4,1690,A/G,True,0.9
445,chr4,1474,A/T,True,0.9
446,chr16,527,C/G,True,0.9
447,chrY,1857,T/T,True,0.9
448,chr18,1776,G/T,True,0.9
449,chrY,1854,T/C,True,0.9
450,chrY,176,G/G,True,0.9
451,chrX,1744,T/A,True,0.9
452,chr22,73,A/C,True,0.9
453,chr15,150,A/C,True,0.9
454,chr11,408,T/T,True,0.9
455,chr1,237,A/A,True,0.9
456,chrX,1535,A/T,True,0.9
457,chr16,647,A/A,True,0.9
458,chr2,1664,A/G,True,0.9
459,chr15,1206,T/G,True,0.9
460,chrY,448,A/T,True,0.9
461,chr1,205,T/T,True,0.9
462,chr2,1334,G/C,True,0.9
463,chr8,1244,A/A,True,0.9
464,chr17,759,A/T,True,0.9
465,chr20,1090,G/T,True,0.9
466,chr1,1445,T/G,True,0.9
467,chr18,1918,G/A,True,0.9
468,chr1,1676,C/G,True,0.9
469,chr4,1437,A/C,True,0.9
470,chr14,1957,T/C,True,0.9
471,chr20,685,A/C,True,0.9
472,chr16,1217,T/G,True,0.9
473,chr5,836,C/A,True,0.9
474,chr17,104,C/T,True,0.9
475,chr18,527,T/G,True,0.9
476,chr20,13,A/T,True,0.9
477,chr12,863,T/A,True,0.9
478,chr6,1829,C/G,True,0.9
479,chr19,597,G/G,True,0.9
480,chr7,1623,G/C,True,0.9
481,chr16,1709,A/A,True,0.9
482,chr13,734,C/T,True,0.9
483,chr4,150,A/T,True,0.9
484,chr8,1773,G/G,True,0.9
485,chr22,61,G/A,True,0.9
486,chr21,536,G/G,True,0.9
487,chr21,1522,T/T,True,0.9
488,chr12,763,G/C,True,0.9
489,chr8,1065,T/C,True,0.9
490,chr17,62,C/T,True,0.9
491,chr3,1046,G/A,True,0.9
492,chr22,1950,T/T,True,0.9
493,chr3,1099,A/T,True,0.9
494,chr6,1289,C/A,True,0.9
495,chr11,1987,T/T,True,0.9
496,chrY,895,G/A,True,0.9
497,chr8,815,T/G,True,0.9
498,chr12,1987,C/A,True,0.9
499,chr9,710,C/T,True,0.9
500,chr17,10,A/A,True,0.9
