,CHROMOSOME,pos,mut,is_ok,approved_ratio
0,chr19,249,T/G,True,0.9
1,chr7,1170,A/C,True,0.9
2,chr7,1960,G/T,True,0.9
3,chr17,1854,G/A,True,0.9
4,chr15,1760,T/G,True,0.9
5,chr4,1695,A/T,True,0.9
6,chr2,501,C/T,True,0.9
7,chr19,1330,A/C,True,0.9
8,chr6,1831,G/G,True,0.9
9,chr7,430,G/T,True,0.9
10,chrY,1265,G/A,True,0.9
11,chr7,346,T/T,True,0.9
12,chr8,1426,C/T,True,0.9
13,chr4,1796,A/C,True,0.9
14,chr21,1195,C/C,True,0.9
15,chr21,532,G/T,True,0.9
16,chr7,1901,A/G,True,0.9
17,chr3,382,G/T,True,0.9
18,chrY,809,T/G,True,0.9
19,chr6,1137,G/C,True,0.9
20,chrX,1102,T/G,True,0.9
21,chr14,1900,C/C,True,0.9
22,chr22,1804,G/C,True,0.9
23,chr7,401,C/A,True,0.9
24,chrX,1815,A/C,True,0.9
25,chr17,238,G/A,True,0.9
26,chr19,1015,G/A,True,0.9
27,chr11,1259,A/T,True,0.9
28,chr21,600,T/T,True,0.9
29,chr22,1533,A/G,True,0.9
30,chr4,1203,A/G,True,0.9
31,chr22,1985,G/G,True,0.9
32,chr4,528,C/A,True,0.9
33,chr15,1846,C/G,True,0.9
34,chr20,1003,C/A,True,0.9
35,chr10,1176,C/G,True,0.9
36,chr17,1347,C/C,True,0.9
37,chr6,1894,C/A,True,0.9
38,chrY,650,T/T,True,0.9
39,chr10,609,A/T,True,0.9
40,chr3,1808,G/C,True,0.9
41,chr20,1443,A/G,True,0.9
42,chr2,1058,G/T,True,0.9
43,chr14,212,C/T,True,0.9
44,chr2,1132,G/A,True,0.9
45,chr14,1496,A/T,True,0.9
46,chr20,398,C/C,True,0.9
47,chr4,1506,A/G,True,0.9
48,chr16,1883,C/C,True,0.9
49,chr9,1227,T/G,True,0.9
50,chr12,1634,G/C,True,0.9
51,chr9,501,C/C,True,0.9
52,chr19,420,C/A,True,0.9
53,chrX,991,C/A,True,0.9
54,chr19,1203,A/C,True,0.9
55,chr11,1799,A/A,True,0.9
56,chr20,1300,C/T,True,0.9
57,chr13,839,C/T,True,0.9
58,chr11,477,A/C,True,0.9
59,chr16,905,G/A,True,0.9
60,chr22,1874,A/A,True,0.9
61,chr12,1577,G/C,True,0.9
62,chr16,1246,T/C,True,0.9
63,chr3,536,C/T,True,0.9
64,chr8,1697,G/A,True,0.9
65,chr11,742,C/T,True,0.9
66,chr15,1354,G/G,True,0.9
67,chrY,509,T/T,True,0.9
68,chrY,1669,C/A,True,0.9
69,chr5,938,T/C,True,0.9
70,chr12,1247,A/G,True,0.9
71,chr6,1620,C/C,True,0.9
72,chr13,1608,T/C,True,0.9
73,chr9,1341,A/G,True,0.9
74,chr10,1942,G/T,True,0.9
75,chr5,1033,A/G,True,0.9
76,chr13,1629,G/A,True,0.9
77,chrX,362,G/A,True,0.9
78,chr10,1486,A/C,True,0.9
79,chr22,1153,A/G,True,0.9
80,chr6,193,T/T,True,0.9
81,chr22,536,T/T,True,0.9
82,chr7,1854,C/A,True,0.9
83,chr6,1398,A/A,True,0.9
84,chr12,1214,A/C,True,0.9
85,chr4,487,A/G,True,0.9
86,chr15,143,A/C,True,0.9
87,chr7,896,C/G,True,0.9
88,chr8,72,T/A,True,0.9
89,chr5,590,T/A,True,0.9
90,chr1,659,G/C,True,0.9
91,chr3,830,C/A,True,0.9
92,chr6,589,T/C,True,0.9
93,chr19,621,T/G,True,0.9
94,chr9,124,T/A,True,0.9
95,chr14,224,T/C,True,0.9
96,chr11,102,C/T,True,0.9
97,chr12,690,T/T,True,0.9
98,chr18,99,G/C,True,0.9
99,chrX,1954,T/A,True,0.9
100,chr5,1965,G/A,True,0.9
101,chr1,1429,T/C,True,0.9
102,chrX,1594,G/G,True,0.9
103,chr12,442,C/G,True,0.9
104,chr1,1914,G/T,True,0.9
105,chr6,1012,A/T,True,0.9
106,chr18,273,T/T,True,0.9
107,chr5,1522,G/C,True,0.9
108,chr11,141,C/A,True,0.9
109,chr20,147,T/T,True,0.9
110,chr12,1692,C/G,True,0.9
111,chr5,668,A/T,True,0.9
112,chrY,1149,G/T,True,0.9
113,chr13,1345,A/C,True,0.9
114,chr18,830,T/A,True,0.9
115,chr21,1382,A/C,True,0.9
116,chr6,565,T/G,True,0.9
117,chr20,1746,G/G,True,0.9
118,chr7,240,A/G,True,0.9
119,chr13,1582,G/C,True,0.9
120,chr6,1794,C/T,True,0.9
121,chr1,1633,G/G,True,0.9
122,chr4,829,G/T,True,0.9
123,chr16,922,A/C,True,0.9
124,chr6,1474,G/T,True,0.9
125,chrX,842,T/T,True,0.9
126,chr12,945,A/T,True,0.9
127,chr7,1534,G/T,True,0.9
128,chr21,628,A/A,True,0.9
129,chr16,187,G/G,True,0.9
130,chr12,130,G/G,True,0.9
131,chr2,1487,G/T,True,0.9
132,chr3,1781,T/C,True,0.9
133,chr19,1138,C/G,True,0.9
134,chr11,1711,C/C,True,0.9
135,chr7,1292,C/A,True,0.9
136,chr18,812,A/A,True,0.9
137,chr11,141,C/C,True,0.9
138,chr16,1437,G/C,True,0.9
139,chr11,57,C/G,True,0.9
140,chr15,1986,A/C,True,0.9
141,chr22,1291,T/G,True,0.9
142,chr13,1924,C/T,True,0.9
143,chr9,1510,C/A,True,0.9
144,chr7,1718,A/A,True,0.9
145,chr21,166,T/A,True,0.9
146,chr9,1849,A/G,True,0.9
147,chr10,311,T/C,True,0.9
148,chr12,1070,T/G,True,0.9
149,chr2,506,G/A,True,0.9
150,chr4,299,C/C,True,0.9
151,chr11,1346,G/G,True,0.9
152,chr11,1119,A/G,True,0.9
153,chr21,424,G/A,True,0.9
154,chr2,1786,C/A,True,0.9
155,chr13,406,C/C,True,0.9
156,chr19,88,T/T,True,0.9
157,chr12,876,C/G,True,0.9
158,chr11,1002,G/A,True,0.9
159,chr1,1416,C/A,True,0.9
160,chr13,110,A/G,True,0.9
161,chr1,394,T/C,True,0.9
162,chr1,832,C/T,True,0.9
163,chr2,503,C/C,True,0.9
164,chr21,1454,G/C,True,0.9
165,chr11,1380,A/G,True,0.9
166,chr21,104,A/A,True,0.9
167,chr2,429,A/G,True,0.9
168,chr16,1685,A/G,True,0.9
169,chr17,110,G/C,True,0.9
170,chr14,1378,G/A,True,0.9
171,chr21,497,T/A,True,0.9
172,chr1,525,A/G,True,0.9
173,chrY,351,T/A,True,0.9
174,chr11,1386,T/C,True,0.9
175,chr2,1724,C/C,True,0.9
176,chr5,1551,C/G,True,0.9
177,chr11,1335,T/G,True,0.9
178,chr7,580,G/T,True,0.9
179,chr6,683,C/G,True,0.9
180,chr11,1661,T/A,True,0.9
181,chr3,1934,A/G,True,0.9
182,chr22,179,T/G,True,0.9
183,chr15,1347,T/C,True,0.9
184,chr2,104,C/C,True,0.9
185,chr9,721,A/C,True,0.9
186,chr22,653,C/T,True,0.9
187,chr11,798,G/G,True,0.9
188,chr3,280,G/C,True,0.9
189,chr2,385,G/T,True,0.9
190,chrX,532,T/G,True,0.9
191,chr8,1447,G/G,True,0.9
192,chr14,1297,T/A,True,0.9
193,chr2,658,G/A,True,0.9
194,chr5,647,G/G,True,0.9
195,chr18,371,G/G,True,0.9
196,chr7,1401,T/A,True,0.9
197,chr21,839,T/C,True,0.9
198,chr21,1169,T/A,True,0.9
199,chr11,510,T/G,True,0.9
200,chr21,679,G/C,True,0.9
201,chr6,500,G/G,True,0.9
202,chrY,412,A/A,True,0.9
203,chr14,51,A/A,True,0.9
204,chr19,293,G/G,True,0.9
205,chr16,1695,C/A,True,0.9
206,chr8,473,T/C,True,0.9
207,chr9,1962,T/C,True,0.9
208,chr15,349,G/T,True,0.9
209,chr16,619,T/C,True,0.9
210,chr4,1854,G/A,True,0.9
211,chr10,394,T/G,True,0.9
212,chr18,762,G/A,True,0.9
213,chr7,620,C/G,True,0.9
214,chr3,601,A/G,True,0.9
215,chr9,612,T/C,True,0.9
216,chr10,460,C/G,True,0.9
217,chr5,1245,C/G,True,0.9
218,chr14,233,T/T,True,0.9
219,chr8,1725,T/T,True,0.9
220,chr8,735,G/T,True,0.9
221,chr1,1891,C/A,True,0.9
222,chr1,93,T/T,True,0.9
223,chr5,797,C/G,True,0.9
224,chr2,495,A/G,True,0.9
225,chr13,1056,T/C,True,0.9
226,chr6,115,C/C,True,0.9
227,chr2,1630,T/T,True,0.9
228,chr2,980,G/G,True,0.9
229,chrX,1409,T/T,True,0.9
230,chr11,822,A/T,True,0.9
231,chr7,1672,C/T,True,0.9
232,chr3,1785,G/T,True,0.9
233,chr2,459,C/G,True,0.9
234,chr13,1421,A/G,True,0.9
235,chr19,1360,C/T,True,0.9
236,chr1,841,A/A,True,0.9
237,chr5,1841,G/G,True,0.9
238,chr10,1701,G/T,True,0.9
239,chr12,352,T/T,True,0.9
240,chr13,1798,C/T,True,0.9
241,chr2,222,C/G,True,0.9
242,chr7,12,C/C,True,0.9
243,chr4,962,T/G,True,0.9
244,chr22,1203,G/T,True,0.9
245,chr20,1919,C/G,True,0.9
246,chr2,1956,C/G,True,0.9
247,chr1,1113,A/G,True,0.9
248,chr18,943,C/C,True,0.9
249,chr21,848,T/C,True,0.9
250,chr11,1763,G/G,True,0.9
251,chr17,31,C/T,True,0.9
252,chr7,685,G/C,True,0.9
253,chr2,371,T/C,True,0.9
254,chr10,1584,T/T,True,0.9
255,chr18,1513,T/C,True,0.9
256,chrX,1096,A/G,True,0.9
257,chr20,405,A/A,True,0.9
258,chr2,308,G/T,True,0.9
259,chr4,1868,T/A,True,0.9
260,chr17,1495,C/C,True,0.9
261,chr17,538,A/C,True,0.9
262,chr22,258,C/C,True,0.9
263,chr6,1588,A/G,True,0.9
264,chr7,1856,G/T,True,0.9
265,chr12,947,T/C,True,0.9
266,chr4,80,G/A,True,0.9
267,chr11,499,C/A,True,0.9
268,chr16,310,G/G,True,0.9
269,chrY,276,T/C,True,0.9
270,chr2,1357,G/A,True,0.9
271,chr7,1671,T/A,True,0.9
272,chr16,1543,A/G,True,0.9
273,chr8,1940,T/C,True,0.9
274,chr10,765,G/T,True,0.9
275,chr12,656,T/A,True,0.9
276,chr13,677,G/G,True,0.9
277,chr2,1665,A/A,True,0.9
278,chr22,1342,G/T,True,0.9
279,chr18,1472,G/A,True,0.9
280,chr4,1022,C/T,True,0.9
281,chr9,1473,C/A,True,0.9
282,chr21,416,T/C,True,0.9
283,chr20,1484,C/A,True,0.9
284,chr14,474,G/C,True,0.9
285,chrY,573,C/G,True,0.9
286,chr15,1444,C/T,True,0.9
287,chr3,627,G/C,True,0.9
288,chr18,51,C/T,True,0.9
289,chr15,1745,A/T,True,0.9
290,chr16,1168,G/T,True,0.9
291,chr19,1148,C/G,True,0.9
292,chrX,1661,T/G,True,0.9
293,chrX,514,T/A,True,0.9
294,chr9,1793,C/C,True,0.9
295,chr5,426,C/G,True,0.9
296,chr14,1582,C/G,True,0.9
297,chr10,1915,T/A,True,0.9
298,chr1,1799,T/G,True,0.9
299,chr8,1879,T/T,True,0.9
300,chr19,1098,T/A,True,0.9
301,chr5,1203,A/G,True,0.9
302,chr2,342,C/A,True,0.9
303,chr21,1781,C/G,True,0.9
304,chrY,784,T/A,True,0.9
305,chr5,94,G/T,True,0.9
306,chr14,165,T/A,True,0.9
307,chr13,308,A/C,True,0.9
308,chr7,1447,A/G,True,0.9
309,chr11,1207,T/C,True,0.9
310,chr13,130,A/G,True,0.9
311,chr8,230,C/A,True,0.9
312,chr18,1396,T/G,True,0.9
313,chrX,1658,G/A,True,0.9
314,chr1,497,C/A,True,0.9
315,chr7,272,T/A,True,0.9
316,chr14,1035,A/A,True,0.9
317,chr14,205,G/T,True,0.9
318,chr17,1704,A/C,True,0.9
319,chr14,825,A/C,True,0.9
320,chr16,483,C/G,True,0.9
321,chrX,1230,T/C,True,0.9
322,chr3,1172,C/G,True,0.9
323,chrY,458,T/A,True,0.9
324,chr10,411,A/G,True,0.9
325,chr18,1669,G/A,True,0.9
326,chr14,1024,A/T,True,0.9
327,chr4,1028,A/T,True,0.9
328,chr10,1527,T/G,True,0.9
329,chr12,762,A/T,True,0.9
330,chr18,1368,G/G,True,0.9
331,chr6,392,A/C,True,0.9
332,chr1,1435,T/T,True,0.9
333,chr7,1683,G/G,True,0.9
334,chr13,956,T/G,True,0.9
335,chr12,76,T/T,True,0.9
336,chr22,1237,A/A,True,0.9
337,chr3,913,G/A,True,0.9
338,chr11,494,G/T,True,0.9
339,chr12,284,G/T,True,0.9
340,chr21,1486,A/C,True,0.9
341,chr14,1227,C/C,True,0.9
342,chr6,1067,C/C,True,0.9
343,chrX,246,G/C,True,0.9
344,chr18,226,C/T,True,0.9
345,chr11,827,A/A,True,0.9
346,chr2,1155,C/T,True,0.9
347,chr2,1604,G/G,True,0.9
348,chr7,1771,T/G,True,0.9
349,chr4,873,T/A,True,0.9
350,chr18,878,T/A,True,0.9
351,chrY,1672,A/T,True,0.9
352,chr19,1251,A/T,True,0.9
353,chr20,1512,C/A,True,0.9
354,chr21,751,C/G,True,0.9
355,chr14,300,A/T,True,0.9
356,chr22,1261,T/A,True,0.9
357,chr15,375,G/C,True,0.9
358,chr3,165,G/G,True,0.9
359,chr16,105,C/C,True,0.9
360,chrX,1701,C/C,True,0.9
361,chr10,1834,T/C,True,0.9
362,chr11,525,T/A,True,0.9
363,chr2,540,G/T,True,0.9
364,chr16,520,G/A,True,0.9
365,chr5,976,T/G,True,0.9
366,chrX,1951,T/G,True,0.9
367,chr2,1399,C/A,True,0.9
368,chr13,1442,C/C,True,0.9
369,chr18,862,A/T,True,0.9
370,chr18,1337,G/T,True,0.9
371,chr3,1625,C/G,True,0.9
372,chr6,1896,A/T,True,0.9
373,chr17,1599,T/T,True,0.9
374,chr4,298,A/T,True,0.9
375,chr9,498,A/A,True,0.9
376,chr13,1205,C/A,True,0.9
377,chr8,771,C/G,True,0.9
378,chrX,1014,T/G,True,0.9
379,chr2,1685,C/C,True,0.9
380,chr9,1363,A/C,True,0.9
381,chr18,1750,T/A,True,0.9
382,chr3,323,G/C,True,0.9
383,chr8,1159,G/A,True,0.9
384,chr9,1055,C/C,True,0.9
385,chr15,1414,A/T,True,0.9
386,chr4,1059,A/G,True,0.9
387,chrY,1430,T/A,True,0.9
388,chr3,1639,G/A,True,0.9
389,chr9,1153,G/C,True,0.9
390,chr2,326,T/G,True,0.9
391,chr18,255,T/G,True,0.9
392,chr6,1128,A/A,True,0.9
393,chr3,1899,T/C,True,0.9
394,chr11,904,T/T,True,0.9
395,chr2,1848,C/A,True,0.9
396,chr11,1621,C/C,True,0.9
397,chr1,510,G/C,True,0.9
398,chr17,158,C/T,True,0.9
399,chr9,1029,G/G,True,0.9
400,chr15,636,C/G,True,0.9
401,chrY,198,G/G,True,0.9
402,chr9,49,C/C,True,0.9
403,chr16,663,T/T,True,0.9
404,chr1,9,G/C,True,0.9
405,chr8,1628,C/G,True,0.9
406,chr5,1841,T/G,True,0.9
407,chr17,1535,A/C,True,0.9
408,chr10,1914,A/A,True,0.9
409,chr9,1241,C/C,True,0.9
410,chr7,1195,A/G,True,0.9
411,chr11,815,A/G,True,0.9
412,chr13,1365,C/C,True,0.9
413,chr8,1684,C/T,True,0.9
414,chr1,1271,G/A,True,0.9
415,chr19,767,A/T,True,0.9
416,chr10,787,T/T,True,0.9
417,chr8,1478,G/C,True,0.9
418,chr13,701,T/G,True,0.9
419,chr5,311,G/C,True,0.9
420,chr3,689,G/G,True,0.9
421,chr9,1485,A/T,True,0.9
422,chr10,755,T/T,True,0.9
423,chr22,1084,T/G,True,0.9
424,chr14,746,A/T,True,0.9
425,chr18,1467,G/A,True,0.9
426,chr5,1776,G/G,True,0.9
427,chr3,640,T/G,True,0.9
428,chr18,1061,C/C,True,0.9
429,chr6,1857,G/C,True,0.9
430,chr1,1727,A/C,True,0.9
431,chr5,1572,C/G,True,0.9
432,chr12,1095,C/T,True,0.9
433,chr14,664,C/A,True,0.9
434,chr13,1113,C/C,True,0.9
435,chr3,1252,G/T,True,0.9
436,chr8,1161,C/T,True,0.9
437,chr19,1000,A/A,True,0.9
438,chr18,77,T/C,True,0.9
439,chr6,609,A/T,True,0.9
440,chr17,558,A/A,True,0.9
441,chr1,857,C/T,True,0.9
442,chr7,1158,A/A,True,0.9
443,chr7,666,C/G,True,0.9
444,chr11,1415,A/C,True,0.9
445,chr13,1749,T/A,True,0.9
446,chrY,111,G/C,True,0.9
447,chr13,631,T/A,True,0.9
448,chr12,236,A/G,True,0.9
449,chr12,84,A/T,True,0.9
450,chr4,29,T/G,True,0.9
451,chrX,200,T/C,True,0.9
452,chr7,492,T/T,True,0.9
453,chr13,1253,T/A,True,0.9
454,chrY,1857,T/T,True,0.9
455,chr6,1346,C/C,True,0.9
456,chrX,1438,T/A,True,0.9
457,chr7,1062,C/G,True,0.9
458,chrY,176,G/G,True,0.9
459,chr15,150,A/C,True,0.9
460,chr8,1649,T/C,True,0.9
461,chr15,1676,A/A,True,0.9
462,chr10,1836,C/T,True,0.9
463,chr16,647,A/A,True,0.9
464,chr2,1664,A/G,True,0.9
465,chr22,235,T/C,True,0.9
466,chr4,1527,C/A,True,0.9
467,chr6,614,T/A,True,0.9
468,chr1,205,T/T,True,0.9
469,chr7,1566,C/C,True,0.9
470,chr8,818,G/G,True,0.9
471,chr1,1445,T/G,True,0.9
472,chr18,1918,G/A,True,0.9
473,chr1,1676,C/G,True,0.9
474,chr15,1804,A/A,True,0.9
475,chr16,1217,T/G,True,0.9
476,chr22,1815,A/C,True,0.9
477,chrY,1065,A/C,True,0.9
478,chr13,1114,G/A,True,0.9
479,chr22,1553,G/C,True,0.9
480,chr12,863,T/A,True,0.9
481,chr6,1829,C/G,True,0.9
482,chr8,1059,C/C,True,0.9
483,chr17,1697,A/C,True,0.9
484,chr9,977,G/G,True,0.9
485,chr13,734,C/T,True,0.9
486,chr2,128,C/C,True,0.9
487,chr22,1844,G/T,True,0.9
488,chr17,62,C/T,True,0.9
489,chr8,48,C/T,True,0.9
490,chrY,354,T/A,True,0.9
491,chr14,341,T/G,True,0.9
492,chr19,427,T/T,True,0.9
493,chr6,133,C/G,True,0.9
494,chr11,746,A/A,True,0.9
495,chr12,237,A/G,True,0.9
496,chr15,392,G/C,True,0.9
