,CHROMOSOME,pos,mut,is_ok,approved_ratio
0,chr7,1960,G/T,True,0.9
1,chr13,514,C/A,True,0.9
2,chr22,1792,G/G,True,0.9
3,chr14,1032,C/T,True,0.9
4,chr19,1330,A/C,True,0.9
5,chr13,1773,T/A,True,0.9
6,chr6,1831,G/G,True,0.9
7,chr1,8,G/T,True,0.9
8,chrY,1265,G/A,True,0.9
9,chr20,1273,C/G,True,0.9
10,chr18,624,G/T,True,0.9
11,chr4,1796,A/C,True,0.9
12,chr4,972,G/C,True,0.9
13,chr11,677,T/T,True,0.9
14,chr21,361,G/C,True,0.9
15,chrY,852,C/T,True,0.9
16,chr7,1632,T/C,True,0.9
17,chrY,809,T/G,True,0.9
18,chr4,1464,C/T,True,0.9
19,chr14,154,G/G,True,0.9
20,chr14,215,A/T,True,0.9
21,chr6,1899,A/G,True,0.9
22,chr13,1253,C/G,True,0.9
23,chr14,1599,C/G,True,0.9
24,chr3,200,G/A,True,0.9
25,chr7,1400,C/T,True,0.9
26,chr6,1346,A/C,True,0.9
27,chr13,1976,T/G,True,0.9
28,chr19,1840,G/G,True,0.9
29,chr7,103,C/C,True,0.9
30,chr6,1644,T/A,True,0.9
31,chrY,1230,A/G,True,0.9
32,chr4,1203,A/G,True,0.9
33,chr11,814,G/T,True,0.9
34,chr15,1846,C/G,True,0.9
35,chr4,438,T/T,True,0.9
36,chr17,1347,C/C,True,0.9
37,chr5,1016,C/T,True,0.9
38,chr15,569,G/T,True,0.9
39,chrY,650,T/T,True,0.9
40,chr14,212,C/T,True,0.9
41,chr18,1357,A/G,True,0.9
42,chr20,398,C/C,True,0.9
43,chr4,1506,A/G,True,0.9
44,chr8,1589,T/A,True,0.9
45,chr20,626,G/C,True,0.9
46,chr5,984,G/A,True,0.9
47,chr9,456,C/A,True,0.9
48,chr4,1554,T/C,True,0.9
49,chr12,966,T/T,True,0.9
50,chr11,477,A/C,True,0.9
51,chrX,1943,A/C,True,0.9
52,chr18,1962,C/A,True,0.9
53,chr3,536,C/T,True,0.9
54,chr18,608,T/C,True,0.9
55,chr12,221,T/A,True,0.9
56,chr22,201,T/G,True,0.9
57,chr6,227,A/A,True,0.9
58,chr6,1313,C/C,True,0.9
59,chr9,1786,G/A,True,0.9
60,chrY,1669,C/A,True,0.9
61,chr9,1341,A/G,True,0.9
62,chr10,554,G/C,True,0.9
63,chr19,260,C/A,True,0.9
64,chr7,916,G/T,True,0.9
65,chr22,1153,A/G,True,0.9
66,chr4,32,C/G,True,0.9
67,chr7,1854,C/A,True,0.9
68,chr4,1514,C/T,True,0.9
69,chr6,1398,A/A,True,0.9
70,chr4,487,A/G,True,0.9
71,chr1,986,C/T,True,0.9
72,chr11,1682,T/A,True,0.9
73,chr10,37,A/T,True,0.9
74,chr2,1802,G/T,True,0.9
75,chr6,365,G/T,True,0.9
76,chr9,1726,A/T,True,0.9
77,chr5,590,T/A,True,0.9
78,chr12,1673,T/C,True,0.9
79,chr12,957,A/T,True,0.9
80,chr1,659,G/C,True,0.9
81,chr6,589,T/C,True,0.9
82,chr19,621,T/G,True,0.9
83,chr20,1677,A/T,True,0.9
84,chr15,818,C/T,True,0.9
85,chr16,585,A/C,True,0.9
86,chr14,224,T/C,True,0.9
87,chr11,102,C/T,True,0.9
88,chrX,1954,T/A,True,0.9
89,chr1,1429,T/C,True,0.9
90,chrX,1594,G/G,True,0.9
91,chr8,1132,C/T,True,0.9
92,chr12,442,C/G,True,0.9
93,chr5,1818,A/G,True,0.9
94,chr8,1199,C/A,True,0.9
95,chr6,1270,A/G,True,0.9
96,chr22,1263,T/T,True,0.9
97,chr5,1522,G/C,True,0.9
98,chr5,1392,G/C,True,0.9
99,chr11,141,C/A,True,0.9
100,chr9,1187,A/T,True,0.9
101,chr12,900,A/A,True,0.9
102,chr12,1692,C/G,True,0.9
103,chr5,668,A/T,True,0.9
104,chrY,1149,G/T,True,0.9
105,chr13,709,A/A,True,0.9
106,chr13,1345,A/C,True,0.9
107,chr20,1768,G/G,True,0.9
108,chr22,897,C/A,True,0.9
109,chr15,838,C/G,True,0.9
110,chr16,420,T/T,True,0.9
111,chr6,1265,C/C,True,0.9
112,chr7,240,A/G,True,0.9
113,chr13,1582,G/C,True,0.9
114,chrX,1767,G/A,True,0.9
115,chr11,1081,C/G,True,0.9
116,chr16,893,T/T,True,0.9
117,chr17,60,C/A,True,0.9
118,chr16,884,A/G,True,0.9
119,chr12,945,A/T,True,0.9
120,chrX,1767,A/C,True,0.9
121,chr18,812,C/T,True,0.9
122,chr7,1534,G/T,True,0.9
123,chr15,385,C/T,True,0.9
124,chr21,628,A/A,True,0.9
125,chr11,744,A/A,True,0.9
126,chr15,1520,T/T,True,0.9
127,chr22,1204,T/A,True,0.9
128,chr12,130,G/G,True,0.9
129,chr18,623,T/C,True,0.9
130,chr21,128,A/A,True,0.9
131,chr14,726,C/A,True,0.9
132,chr6,821,C/G,True,0.9
133,chr7,1292,C/A,True,0.9
134,chr1,765,C/A,True,0.9
135,chr21,848,G/A,True,0.9
136,chr11,141,C/C,True,0.9
137,chr11,57,C/G,True,0.9
138,chr15,1986,A/C,True,0.9
139,chr18,1453,A/A,True,0.9
140,chr10,1685,G/T,True,0.9
141,chr21,471,C/A,True,0.9
142,chr9,1849,A/G,True,0.9
143,chr5,1587,T/T,True,0.9
144,chr12,1840,C/T,True,0.9
145,chr2,506,G/A,True,0.9
146,chr11,1346,G/G,True,0.9
147,chr3,157,T/C,True,0.9
148,chr21,424,G/A,True,0.9
149,chr13,1781,A/A,True,0.9
150,chr13,406,C/C,True,0.9
151,chr17,629,C/A,True,0.9
152,chr6,1493,G/C,True,0.9
153,chr15,1064,G/T,True,0.9
154,chr13,1620,G/C,True,0.9
155,chr11,1002,G/A,True,0.9
156,chr10,1785,A/A,True,0.9
157,chr1,1416,C/A,True,0.9
158,chr6,1008,A/G,True,0.9
159,chr14,458,T/T,True,0.9
160,chr7,746,C/G,True,0.9
161,chr18,1697,T/G,True,0.9
162,chr19,427,C/G,True,0.9
163,chr10,79,T/G,True,0.9
164,chr10,1722,A/C,True,0.9
165,chr5,1985,C/T,True,0.9
166,chr11,1716,T/T,True,0.9
167,chr2,429,A/G,True,0.9
168,chr21,497,T/A,True,0.9
169,chr14,1054,G/C,True,0.9
170,chrY,351,T/A,True,0.9
171,chr11,1605,G/T,True,0.9
172,chr6,350,C/A,True,0.9
173,chr18,480,C/G,True,0.9
174,chr13,1656,G/G,True,0.9
175,chr3,280,G/C,True,0.9
176,chr2,385,G/T,True,0.9
177,chr10,1288,C/T,True,0.9
178,chr22,1848,C/A,True,0.9
179,chr16,1293,A/G,True,0.9
180,chr14,1297,T/A,True,0.9
181,chr2,658,G/A,True,0.9
182,chr3,1553,T/T,True,0.9
183,chr11,534,G/T,True,0.9
184,chr5,647,G/G,True,0.9
185,chr13,663,A/A,True,0.9
186,chr18,371,G/G,True,0.9
187,chr21,839,T/C,True,0.9
188,chr20,1897,T/A,True,0.9
189,chr11,510,T/G,True,0.9
190,chr13,653,A/C,True,0.9
191,chr6,500,G/G,True,0.9
192,chr14,1956,G/T,True,0.9
193,chr14,51,A/A,True,0.9
194,chr6,458,T/G,True,0.9
195,chrY,151,T/G,True,0.9
196,chr16,1695,C/A,True,0.9
197,chr19,257,C/A,True,0.9
198,chr9,1962,T/C,True,0.9
199,chr6,543,A/A,True,0.9
200,chr15,349,G/T,True,0.9
201,chr21,300,G/G,True,0.9
202,chr19,1174,G/A,True,0.9
203,chr16,619,T/C,True,0.9
204,chr4,1854,G/A,True,0.9
205,chr18,1703,T/A,True,0.9
206,chr5,1451,G/A,True,0.9
207,chr18,762,G/A,True,0.9
208,chr7,620,C/G,True,0.9
209,chr9,612,T/C,True,0.9
210,chr19,12,A/C,True,0.9
211,chr13,754,T/T,True,0.9
212,chr17,301,T/G,True,0.9
213,chr15,361,A/G,True,0.9
214,chr22,1861,A/C,True,0.9
215,chr9,778,T/C,True,0.9
216,chr22,1239,T/A,True,0.9
217,chr1,93,T/T,True,0.9
218,chr2,495,A/G,True,0.9
219,chr1,326,A/G,True,0.9
220,chr6,115,C/C,True,0.9
221,chr2,980,G/G,True,0.9
222,chr11,822,A/T,True,0.9
223,chr4,1550,C/C,True,0.9
224,chr2,459,C/G,True,0.9
225,chr1,841,A/A,True,0.9
226,chr10,1701,G/T,True,0.9
227,chr7,337,A/A,True,0.9
228,chr4,962,T/G,True,0.9
229,chr15,1673,C/G,True,0.9
230,chr17,837,C/G,True,0.9
231,chr22,1203,G/T,True,0.9
232,chr20,1919,C/G,True,0.9
233,chr15,1477,C/T,True,0.9
234,chrX,1493,T/A,True,0.9
235,chr18,943,C/C,True,0.9
236,chr21,848,T/C,True,0.9
237,chr13,1202,A/A,True,0.9
238,chr17,31,C/T,True,0.9
239,chr19,1025,T/T,True,0.9
240,chr5,1466,A/G,True,0.9
241,chr10,1584,T/T,True,0.9
242,chr17,646,A/A,True,0.9
243,chrX,214,C/C,True,0.9
244,chr17,734,C/A,True,0.9
245,chr3,316,C/A,True,0.9
246,chr13,411,G/T,True,0.9
247,chrX,576,T/C,True,0.9
248,chr20,405,A/A,True,0.9
249,chr2,1651,T/C,True,0.9
250,chr4,1875,C/T,True,0.9
251,chr2,308,G/T,True,0.9
252,chr17,1495,C/C,True,0.9
253,chr17,538,A/C,True,0.9
254,chr16,795,C/A,True,0.9
255,chr20,302,T/A,True,0.9
256,chr14,1783,G/C,True,0.9
257,chr5,68,A/A,True,0.9
258,chr18,204,C/C,True,0.9
259,chr22,258,C/C,True,0.9
260,chr14,1083,C/T,True,0.9
261,chr7,1856,G/T,True,0.9
262,chr12,947,T/C,True,0.9
263,chr22,978,A/A,True,0.9
264,chr4,80,G/A,True,0.9
265,chr3,1874,C/C,True,0.9
266,chr9,1098,A/A,True,0.9
267,chr2,1644,C/A,True,0.9
268,chr19,1972,G/T,True,0.9
269,chr7,964,G/T,True,0.9
270,chrY,276,T/C,True,0.9
271,chr8,1204,T/C,True,0.9
272,chr4,1444,G/C,True,0.9
273,chr11,412,C/G,True,0.9
274,chr9,70,A/A,True,0.9
275,chr7,1671,T/A,True,0.9
276,chr22,393,T/T,True,0.9
277,chr7,1582,A/T,True,0.9
278,chr13,107,T/A,True,0.9
279,chr12,656,T/A,True,0.9
280,chr19,1675,T/A,True,0.9
281,chr22,1342,G/T,True,0.9
282,chr18,1472,G/A,True,0.9
283,chr4,1022,C/T,True,0.9
284,chr14,474,G/C,True,0.9
285,chr14,1418,G/A,True,0.9
286,chr14,1041,G/C,True,0.9
287,chr7,878,G/C,True,0.9
288,chr15,1745,A/T,True,0.9
289,chr17,1608,T/A,True,0.9
290,chr17,1995,G/C,True,0.9
291,chr9,776,A/G,True,0.9
292,chr21,1042,C/G,True,0.9
293,chr19,1148,C/G,True,0.9
294,chr12,665,A/T,True,0.9
295,chr5,426,C/G,True,0.9
296,chr22,580,G/G,True,0.9
297,chr4,939,G/G,True,0.9
298,chr14,234,C/C,True,0.9
299,chr8,1126,T/C,True,0.9
300,chr15,1506,C/A,True,0.9
301,chr14,1307,T/A,True,0.9
302,chr9,211,T/C,True,0.9
303,chr1,1233,C/T,True,0.9
304,chr1,1947,G/T,True,0.9
305,chr17,1765,C/T,True,0.9
306,chr7,1447,A/G,True,0.9
307,chr11,1207,T/C,True,0.9
308,chr8,230,C/A,True,0.9
309,chrY,1475,G/C,True,0.9
310,chr7,120,A/A,True,0.9
311,chr1,497,C/A,True,0.9
312,chrX,395,T/G,True,0.9
313,chr22,1978,C/G,True,0.9
314,chr14,654,A/A,True,0.9
315,chr1,459,G/G,True,0.9
316,chr17,1704,A/C,True,0.9
317,chr14,1794,T/T,True,0.9
318,chr12,1572,A/T,True,0.9
319,chrX,1473,A/T,True,0.9
320,chr13,849,G/T,True,0.9
321,chr10,1587,A/G,True,0.9
322,chr10,1297,C/A,True,0.9
323,chr3,1172,C/G,True,0.9
324,chr8,623,G/A,True,0.9
325,chr14,1116,C/C,True,0.9
326,chr19,449,T/T,True,0.9
327,chrY,458,T/A,True,0.9
328,chr16,35,A/T,True,0.9
329,chr4,1028,A/T,True,0.9
330,chr18,1735,T/T,True,0.9
331,chr2,1981,C/G,True,0.9
332,chr11,1163,A/A,True,0.9
333,chr10,1527,T/G,True,0.9
334,chr1,1950,T/C,True,0.9
335,chr19,1156,A/G,True,0.9
336,chrX,1026,C/T,True,0.9
337,chr2,201,G/A,True,0.9
338,chr3,913,G/A,True,0.9
339,chr6,1998,G/G,True,0.9
340,chr11,494,G/T,True,0.9
341,chr6,1067,C/C,True,0.9
342,chr17,737,A/A,True,0.9
343,chr3,1043,A/G,True,0.9
344,chr4,1151,T/C,True,0.9
345,chr20,1578,C/A,True,0.9
346,chr2,1155,C/T,True,0.9
347,chrY,973,G/A,True,0.9
348,chr2,1604,G/G,True,0.9
349,chrX,939,T/A,True,0.9
350,chr7,1771,T/G,True,0.9
351,chr6,1961,G/A,True,0.9
352,chr18,878,T/A,True,0.9
353,chrY,1052,A/T,True,0.9
354,chr14,844,T/C,True,0.9
355,chr3,770,G/C,True,0.9
356,chr20,628,C/T,True,0.9
357,chr17,833,A/T,True,0.9
358,chr8,1693,C/A,True,0.9
359,chr17,1966,C/A,True,0.9
360,chr14,300,A/T,True,0.9
361,chr15,375,G/C,True,0.9
362,chr3,165,G/G,True,0.9
363,chr16,105,C/C,True,0.9
364,chr8,480,T/A,True,0.9
365,chr19,1981,A/G,True,0.9
366,chr20,942,T/G,True,0.9
367,chr21,1518,G/G,True,0.9
368,chr18,1989,C/T,True,0.9
369,chr16,520,G/A,True,0.9
370,chr7,1556,A/G,True,0.9
371,chr9,662,T/C,True,0.9
372,chr8,948,C/T,True,0.9
373,chr2,1399,C/A,True,0.9
374,chr12,928,G/G,True,0.9
375,chr13,1442,C/C,True,0.9
376,chr9,136,C/C,True,0.9
377,chr3,1625,C/G,True,0.9
378,chr7,1407,C/A,True,0.9
379,chr17,572,T/A,True,0.9
380,chr6,711,A/A,True,0.9
381,chr16,76,G/C,True,0.9
382,chr2,1685,C/C,True,0.9
383,chr13,246,A/A,True,0.9
384,chr18,1750,T/A,True,0.9
385,chr8,908,C/A,True,0.9
386,chr2,1889,G/C,True,0.9
387,chr22,1448,G/T,True,0.9
388,chr11,1621,C/C,True,0.9
389,chr1,510,G/C,True,0.9
390,chr17,158,C/T,True,0.9
391,chr1,266,A/T,True,0.9
392,chr21,387,A/T,True,0.9
393,chrY,198,G/G,True,0.9
394,chr20,667,T/G,True,0.9
395,chr2,367,A/T,True,0.9
396,chr8,1628,C/G,True,0.9
397,chr7,1327,T/T,True,0.9
398,chr9,1241,C/C,True,0.9
399,chr16,1926,A/G,True,0.9
400,chr1,787,C/C,True,0.9
401,chr4,1381,C/A,True,0.9
402,chr15,362,G/T,True,0.9
403,chr16,241,G/C,True,0.9
404,chr1,1271,G/A,True,0.9
405,chr9,135,T/G,True,0.9
406,chr14,1523,A/C,True,0.9
407,chr16,1607,C/A,True,0.9
408,chr4,368,G/A,True,0.9
409,chr10,787,T/T,True,0.9
410,chr8,1478,G/C,True,0.9
411,chr2,989,C/C,True,0.9
412,chr2,555,T/G,True,0.9
413,chr17,1160,T/C,True,0.9
414,chr1,1899,C/C,True,0.9
415,chr22,1298,G/G,True,0.9
416,chr22,868,C/C,True,0.9
417,chr10,1487,G/G,True,0.9
418,chr14,1896,A/G,True,0.9
419,chr3,689,G/G,True,0.9
420,chr7,275,T/G,True,0.9
421,chr22,1084,T/G,True,0.9
422,chr2,1108,A/G,True,0.9
423,chr14,746,A/T,True,0.9
424,chrY,39,A/C,True,0.9
425,chr17,77,T/A,True,0.9
426,chrY,1337,C/T,True,0.9
427,chr5,1776,G/G,True,0.9
428,chr13,1019,C/A,True,0.9
429,chr15,587,G/T,True,0.9
430,chr6,1857,G/C,True,0.9
431,chr15,1667,T/C,True,0.9
432,chr9,468,A/C,True,0.9
433,chr19,515,T/C,True,0.9
434,chr10,189,A/T,True,0.9
435,chr19,1000,A/A,True,0.9
436,chr6,609,A/T,True,0.9
437,chr1,570,A/T,True,0.9
438,chr8,1106,T/A,True,0.9
439,chr15,1369,G/A,True,0.9
440,chrX,234,G/A,True,0.9
441,chr3,1931,C/G,True,0.9
442,chr6,326,T/C,True,0.9
443,chr13,631,T/A,True,0.9
444,chr8,754,A/G,True,0.9
445,chr17,1226,G/C,True,0.9
446,chr4,314,A/A,True,0.9
447,chr2,1036,A/G,True,0.9
448,chr12,84,A/T,True,0.9
449,chr20,765,A/G,True,0.9
450,chr15,690,A/T,True,0.9
451,chrY,1854,T/C,True,0.9
452,chrY,176,G/G,True,0.9
453,chr22,73,A/C,True,0.9
454,chr15,150,A/C,True,0.9
455,chr8,1649,T/C,True,0.9
456,chr10,1836,C/T,True,0.9
457,chrX,1535,A/T,True,0.9
458,chr3,70,C/G,True,0.9
459,chr10,1927,C/G,True,0.9
460,chr14,1467,C/A,True,0.9
461,chr4,1829,G/T,True,0.9
462,chr22,235,T/C,True,0.9
463,chr4,1527,C/A,True,0.9
464,chr14,1266,C/T,True,0.9
465,chr22,22,C/A,True,0.9
466,chr7,1566,C/C,True,0.9
467,chr14,1088,G/C,True,0.9
468,chr12,720,A/C,True,0.9
469,chr17,971,G/G,True,0.9
470,chr12,31,A/T,True,0.9
471,chr2,1074,C/T,True,0.9
472,chr3,1481,T/A,True,0.9
473,chr1,1676,C/G,True,0.9
474,chr21,706,C/C,True,0.9
475,chr18,1833,T/G,True,0.9
476,chr1,1172,T/C,True,0.9
477,chr15,1804,A/A,True,0.9
478,chr7,1767,T/T,True,0.9
479,chr20,850,A/A,True,0.9
480,chr5,836,C/A,True,0.9
481,chr10,1921,T/A,True,0.9
482,chr8,655,C/T,True,0.9
483,chr18,527,T/G,True,0.9
484,chr12,863,T/A,True,0.9
485,chr19,597,G/G,True,0.9
486,chr21,75,C/T,True,0.9
487,chr10,1300,G/T,True,0.9
488,chrY,1762,G/T,True,0.9
489,chr4,1531,C/C,True,0.9
490,chr18,226,A/A,True,0.9
491,chrX,1549,C/A,True,0.9
492,chr13,734,C/T,True,0.9
493,chr11,728,A/C,True,0.9
494,chr9,1574,T/C,True,0.9
495,chr3,502,A/A,True,0.9
496,chr22,1590,A/C,True,0.9
497,chr22,1679,G/G,True,0.9
498,chr17,62,C/T,True,0.9
499,chrY,354,T/A,True,0.9
500,chr13,245,A/G,True,0.9
501,chr22,1419,T/A,True,0.9
502,chr1,1236,G/A,True,0.9
503,chr18,627,C/T,True,0.9
504,chr22,268,T/G,True,0.9
505,chr15,68,G/G,True,0.9
506,chr12,778,A/A,True,0.9
507,chr12,1987,C/A,True,0.9
508,chr4,233,G/A,True,0.9
