,CHROMOSOME,pos,mut,is_ok,approved_ratio
0,chr10,409,C/C,True,0.9
1,chr19,249,T/G,True,0.9
2,chr7,1170,A/C,True,0.9
3,chr22,1792,G/G,True,0.9
4,chr14,1032,C/T,True,0.9
5,chr13,1773,T/A,True,0.9
6,chr6,1360,A/A,True,0.9
7,chr16,100,G/T,True,0.9
8,chr6,1031,T/T,True,0.9
9,chrY,1431,C/A,True,0.9
10,chr7,430,G/T,True,0.9
11,chrX,395,T/A,True,0.9
12,chr7,346,T/T,True,0.9
13,chr18,624,G/T,True,0.9
14,chr7,1821,G/C,True,0.9
15,chr4,972,G/C,True,0.9
16,chr7,1901,A/G,True,0.9
17,chr15,1987,T/A,True,0.9
18,chr7,64,G/G,True,0.9
19,chr7,1632,T/C,True,0.9
20,chrX,1102,T/G,True,0.9
21,chr14,215,A/T,True,0.9
22,chr7,401,C/A,True,0.9
23,chr6,1899,A/G,True,0.9
24,chr8,630,C/G,True,0.9
25,chr17,238,G/A,True,0.9
26,chr16,1572,G/A,True,0.9
27,chr16,1750,A/C,True,0.9
28,chr3,200,G/A,True,0.9
29,chr3,929,T/C,True,0.9
30,chr18,871,T/G,True,0.9
31,chr1,1206,A/T,True,0.9
32,chr7,103,C/C,True,0.9
33,chr5,321,A/C,True,0.9
34,chr11,1642,T/C,True,0.9
35,chr11,814,G/T,True,0.9
36,chr4,528,C/A,True,0.9
37,chr20,1003,C/A,True,0.9
38,chr7,889,G/C,True,0.9
39,chrX,1495,G/T,True,0.9
40,chr11,1201,G/C,True,0.9
41,chr15,569,G/T,True,0.9
42,chr14,819,A/G,True,0.9
43,chr13,945,T/A,True,0.9
44,chrY,1553,A/G,True,0.9
45,chr18,1357,A/G,True,0.9
46,chr16,1883,C/C,True,0.9
47,chr7,1849,A/T,True,0.9
48,chr5,984,G/A,True,0.9
49,chr15,737,T/G,True,0.9
50,chrY,123,G/C,True,0.9
51,chrY,1935,C/G,True,0.9
52,chr5,643,T/A,True,0.9
53,chr20,1300,C/T,True,0.9
54,chr22,1874,A/A,True,0.9
55,chr8,1697,G/A,True,0.9
56,chr18,608,T/C,True,0.9
57,chrY,509,T/T,True,0.9
58,chr6,227,A/A,True,0.9
59,chrY,1669,C/A,True,0.9
60,chr12,1247,A/G,True,0.9
61,chr13,1608,T/C,True,0.9
62,chr22,954,C/G,True,0.9
63,chr5,1033,A/G,True,0.9
64,chrX,1106,A/G,True,0.9
65,chr19,260,C/A,True,0.9
66,chr12,1018,T/T,True,0.9
67,chr10,1486,A/C,True,0.9
68,chr22,1153,A/G,True,0.9
69,chr22,536,T/T,True,0.9
70,chr7,1854,C/A,True,0.9
71,chr4,1514,C/T,True,0.9
72,chr6,1398,A/A,True,0.9
73,chr2,349,T/G,True,0.9
74,chr9,1717,T/A,True,0.9
75,chr17,1364,C/C,True,0.9
76,chr7,896,C/G,True,0.9
77,chr2,1802,G/T,True,0.9
78,chr10,334,G/C,True,0.9
79,chr19,1514,T/C,True,0.9
80,chr6,365,G/T,True,0.9
81,chr8,1532,A/G,True,0.9
82,chr12,957,A/T,True,0.9
83,chr1,659,G/C,True,0.9
84,chr6,589,T/C,True,0.9
85,chr4,303,A/C,True,0.9
86,chr1,1549,C/G,True,0.9
87,chr20,1677,A/T,True,0.9
88,chr8,1114,G/C,True,0.9
89,chr11,102,C/T,True,0.9
90,chr18,99,G/C,True,0.9
91,chr1,1429,T/C,True,0.9
92,chr14,821,C/G,True,0.9
93,chr1,256,A/A,True,0.9
94,chr6,1270,A/G,True,0.9
95,chr22,1263,T/T,True,0.9
96,chr5,1392,G/C,True,0.9
97,chr11,141,C/A,True,0.9
98,chr12,1692,C/G,True,0.9
99,chr5,668,A/T,True,0.9
100,chrY,1149,G/T,True,0.9
101,chr19,1537,G/A,True,0.9
102,chr20,1768,G/G,True,0.9
103,chr9,654,A/T,True,0.9
104,chr6,565,T/G,True,0.9
105,chr6,1794,C/T,True,0.9
106,chr14,814,T/C,True,0.9
107,chr7,1860,G/T,True,0.9
108,chr4,829,G/T,True,0.9
109,chr11,165,A/G,True,0.9
110,chr17,60,C/A,True,0.9
111,chr12,1081,A/C,True,0.9
112,chr5,771,G/A,True,0.9
113,chr12,945,A/T,True,0.9
114,chr3,304,C/A,True,0.9
115,chr14,829,A/G,True,0.9
116,chr15,385,C/T,True,0.9
117,chr22,1204,T/A,True,0.9
118,chr12,130,G/G,True,0.9
119,chr2,308,G/G,True,0.9
120,chr2,1487,G/T,True,0.9
121,chr11,1711,C/C,True,0.9
122,chr1,765,C/A,True,0.9
123,chr11,141,C/C,True,0.9
124,chr16,1437,G/C,True,0.9
125,chr11,57,C/G,True,0.9
126,chr15,1986,A/C,True,0.9
127,chr22,1291,T/G,True,0.9
128,chr2,699,G/G,True,0.9
129,chr18,1453,A/A,True,0.9
130,chr9,1510,C/A,True,0.9
131,chr7,1718,A/A,True,0.9
132,chrX,539,C/C,True,0.9
133,chr14,1831,A/T,True,0.9
134,chr3,1923,T/A,True,0.9
135,chr9,1849,A/G,True,0.9
136,chr3,462,G/C,True,0.9
137,chr2,506,G/A,True,0.9
138,chr7,1550,C/G,True,0.9
139,chr4,1914,G/G,True,0.9
140,chr2,30,T/T,True,0.9
141,chr13,1781,A/A,True,0.9
142,chr2,1786,C/A,True,0.9
143,chr12,876,C/G,True,0.9
144,chr5,910,C/A,True,0.9
145,chr14,1609,C/G,True,0.9
146,chr11,1002,G/A,True,0.9
147,chr10,1785,A/A,True,0.9
148,chr7,658,C/G,True,0.9
149,chr18,1697,T/G,True,0.9
150,chr8,1712,C/G,True,0.9
151,chr11,1380,A/G,True,0.9
152,chr10,79,T/G,True,0.9
153,chr10,1722,A/C,True,0.9
154,chr21,104,A/A,True,0.9
155,chr11,1716,T/T,True,0.9
156,chr16,1685,A/G,True,0.9
157,chr21,497,T/A,True,0.9
158,chr1,525,A/G,True,0.9
159,chr11,1605,G/T,True,0.9
160,chr5,644,C/G,True,0.9
161,chr7,630,A/C,True,0.9
162,chr11,1335,T/G,True,0.9
163,chr18,480,C/G,True,0.9
164,chr6,683,C/G,True,0.9
165,chr11,1661,T/A,True,0.9
166,chr22,413,G/C,True,0.9
167,chr15,1215,G/A,True,0.9
168,chr15,800,A/A,True,0.9
169,chr13,267,T/G,True,0.9
170,chr22,653,C/T,True,0.9
171,chr10,1288,C/T,True,0.9
172,chr4,1321,A/G,True,0.9
173,chrX,532,T/G,True,0.9
174,chr22,1848,C/A,True,0.9
175,chr14,1297,T/A,True,0.9
176,chr2,658,G/A,True,0.9
177,chr15,281,C/T,True,0.9
178,chr11,534,G/T,True,0.9
179,chr13,1795,G/T,True,0.9
180,chr5,647,G/G,True,0.9
181,chr16,1879,A/G,True,0.9
182,chr7,1401,T/A,True,0.9
183,chr21,839,T/C,True,0.9
184,chr7,454,G/C,True,0.9
185,chr14,780,A/A,True,0.9
186,chr13,653,A/C,True,0.9
187,chr21,679,G/C,True,0.9
188,chr7,1146,T/T,True,0.9
189,chr16,1503,T/G,True,0.9
190,chr21,432,T/T,True,0.9
191,chr9,1962,T/C,True,0.9
192,chr8,698,G/G,True,0.9
193,chr14,1117,A/T,True,0.9
194,chr16,619,T/C,True,0.9
195,chr4,1854,G/A,True,0.9
196,chr18,1703,T/A,True,0.9
197,chr7,620,C/G,True,0.9
198,chr8,1416,C/G,True,0.9
199,chr19,12,A/C,True,0.9
200,chr13,754,T/T,True,0.9
201,chr8,1725,T/T,True,0.9
202,chr8,735,G/T,True,0.9
203,chr9,778,T/C,True,0.9
204,chr5,1887,G/A,True,0.9
205,chrY,1149,C/A,True,0.9
206,chr1,1891,C/A,True,0.9
207,chr1,93,T/T,True,0.9
208,chr9,219,T/A,True,0.9
209,chr5,797,C/G,True,0.9
210,chr2,1630,T/T,True,0.9
211,chrX,1409,T/T,True,0.9
212,chr11,822,A/T,True,0.9
213,chr4,1550,C/C,True,0.9
214,chr13,1421,A/G,True,0.9
215,chr3,1924,G/T,True,0.9
216,chr13,1798,C/T,True,0.9
217,chr7,12,C/C,True,0.9
218,chr19,1423,C/G,True,0.9
219,chr17,837,C/G,True,0.9
220,chr22,1203,G/T,True,0.9
221,chr20,1919,C/G,True,0.9
222,chr15,1477,C/T,True,0.9
223,chr21,848,T/C,True,0.9
224,chr13,1202,A/A,True,0.9
225,chr1,395,A/C,True,0.9
226,chr22,1122,A/G,True,0.9
227,chr18,1524,G/G,True,0.9
228,chr17,31,C/T,True,0.9
229,chr15,80,A/T,True,0.9
230,chr7,685,G/C,True,0.9
231,chr7,1864,T/A,True,0.9
232,chrX,214,C/C,True,0.9
233,chr17,734,C/A,True,0.9
234,chr20,405,A/A,True,0.9
235,chr1,788,A/T,True,0.9
236,chr2,308,G/T,True,0.9
237,chr4,1868,T/A,True,0.9
238,chr17,1495,C/C,True,0.9
239,chr17,538,A/C,True,0.9
240,chr16,123,C/C,True,0.9
241,chr16,795,C/A,True,0.9
242,chr18,204,C/C,True,0.9
243,chr22,258,C/C,True,0.9
244,chr3,1360,C/T,True,0.9
245,chr15,1275,A/C,True,0.9
246,chr14,1083,C/T,True,0.9
247,chr19,79,C/G,True,0.9
248,chr12,947,T/C,True,0.9
249,chr3,1874,C/C,True,0.9
250,chr14,157,A/G,True,0.9
251,chr2,1644,C/A,True,0.9
252,chr19,1972,G/T,True,0.9
253,chr16,1182,A/T,True,0.9
254,chr8,1204,T/C,True,0.9
255,chrY,1687,T/T,True,0.9
256,chr11,412,C/G,True,0.9
257,chr9,70,A/A,True,0.9
258,chr7,1671,T/A,True,0.9
259,chr16,1543,A/G,True,0.9
260,chr21,820,C/A,True,0.9
261,chr5,225,T/C,True,0.9
262,chr7,1582,A/T,True,0.9
263,chr19,1675,T/A,True,0.9
264,chr13,677,G/G,True,0.9
265,chr22,1342,G/T,True,0.9
266,chr18,1472,G/A,True,0.9
267,chrY,552,A/G,True,0.9
268,chr14,1418,G/A,True,0.9
269,chrY,573,C/G,True,0.9
270,chr15,1444,C/T,True,0.9
271,chr3,627,G/C,True,0.9
272,chr16,726,G/T,True,0.9
273,chr7,878,G/C,True,0.9
274,chr15,1745,A/T,True,0.9
275,chrX,417,G/A,True,0.9
276,chrX,749,C/A,True,0.9
277,chr19,1148,C/G,True,0.9
278,chrX,1661,T/G,True,0.9
279,chr12,665,A/T,True,0.9
280,chr7,399,A/C,True,0.9
281,chr9,1793,C/C,True,0.9
282,chr2,731,C/C,True,0.9
283,chr14,1582,C/G,True,0.9
284,chr4,939,G/G,True,0.9
285,chr10,1915,T/A,True,0.9
286,chr16,1593,G/A,True,0.9
287,chr14,234,C/C,True,0.9
288,chr19,1098,T/A,True,0.9
289,chr14,1715,T/G,True,0.9
290,chr8,1126,T/C,True,0.9
291,chr5,744,G/G,True,0.9
292,chr7,292,G/G,True,0.9
293,chr9,1902,A/T,True,0.9
294,chr12,103,A/G,True,0.9
295,chr3,532,T/C,True,0.9
296,chr2,342,C/A,True,0.9
297,chr14,1580,C/A,True,0.9
298,chr1,1233,C/T,True,0.9
299,chrY,784,T/A,True,0.9
300,chr17,1765,C/T,True,0.9
301,chr7,1447,A/G,True,0.9
302,chr8,230,C/A,True,0.9
303,chr9,329,A/A,True,0.9
304,chrX,324,A/A,True,0.9
305,chr21,806,A/G,True,0.9
306,chr13,1449,A/A,True,0.9
307,chr6,1401,A/G,True,0.9
308,chr3,259,C/T,True,0.9
309,chr14,205,G/T,True,0.9
310,chr17,1704,A/C,True,0.9
311,chr8,1082,A/G,True,0.9
312,chr18,849,T/G,True,0.9
313,chr12,1572,A/T,True,0.9
314,chr19,1889,G/C,True,0.9
315,chr14,1431,G/T,True,0.9
316,chr13,849,G/T,True,0.9
317,chr16,483,C/G,True,0.9
318,chrX,1230,T/C,True,0.9
319,chr3,1172,C/G,True,0.9
320,chrY,458,T/A,True,0.9
321,chr15,390,G/A,True,0.9
322,chr2,1981,C/G,True,0.9
323,chr1,1950,T/C,True,0.9
324,chr19,919,T/A,True,0.9
325,chr17,1001,G/A,True,0.9
326,chr18,1368,G/G,True,0.9
327,chrY,1739,C/A,True,0.9
328,chrX,1026,C/T,True,0.9
329,chr2,201,G/A,True,0.9
330,chr12,76,T/T,True,0.9
331,chr9,1656,G/C,True,0.9
332,chr22,1237,A/A,True,0.9
333,chr3,913,G/A,True,0.9
334,chr21,1697,G/T,True,0.9
335,chr11,494,G/T,True,0.9
336,chr21,1486,A/C,True,0.9
337,chr18,226,C/T,True,0.9
338,chr3,1043,A/G,True,0.9
339,chr20,1578,C/A,True,0.9
340,chrY,1812,A/A,True,0.9
341,chr6,1961,G/A,True,0.9
342,chr2,1106,A/A,True,0.9
343,chr19,1801,C/A,True,0.9
344,chr5,708,T/C,True,0.9
345,chr20,122,T/T,True,0.9
346,chr7,707,C/C,True,0.9
347,chr10,1389,G/G,True,0.9
348,chrY,867,G/A,True,0.9
349,chr1,1495,A/A,True,0.9
350,chr21,751,C/G,True,0.9
351,chr17,1966,C/A,True,0.9
352,chr21,242,G/G,True,0.9
353,chr8,1630,T/G,True,0.9
354,chrX,1793,A/G,True,0.9
355,chr3,351,A/C,True,0.9
356,chr6,457,T/C,True,0.9
357,chr3,165,G/G,True,0.9
358,chr18,1163,T/G,True,0.9
359,chr16,105,C/C,True,0.9
360,chr8,480,T/A,True,0.9
361,chr19,1981,A/G,True,0.9
362,chr10,1834,T/C,True,0.9
363,chr14,497,G/T,True,0.9
364,chr18,1989,C/T,True,0.9
365,chr5,976,T/G,True,0.9
366,chr12,928,G/G,True,0.9
367,chr1,361,G/C,True,0.9
368,chr18,862,A/T,True,0.9
369,chr18,1337,G/T,True,0.9
370,chr4,679,G/G,True,0.9
371,chr6,1896,A/T,True,0.9
372,chr13,1205,C/A,True,0.9
373,chr17,572,T/A,True,0.9
374,chr9,1363,A/C,True,0.9
375,chr18,1750,T/A,True,0.9
376,chr20,959,C/G,True,0.9
377,chr8,1159,G/A,True,0.9
378,chr15,1414,A/T,True,0.9
379,chr9,1153,G/C,True,0.9
380,chr19,1253,C/T,True,0.9
381,chr18,255,T/G,True,0.9
382,chr11,904,T/T,True,0.9
383,chr2,1848,C/A,True,0.9
384,chr20,1270,A/A,True,0.9
385,chr11,1621,C/C,True,0.9
386,chr1,510,G/C,True,0.9
387,chr16,421,C/G,True,0.9
388,chr17,1435,T/C,True,0.9
389,chr21,387,A/T,True,0.9
390,chr15,636,C/G,True,0.9
391,chr20,1731,A/G,True,0.9
392,chr17,371,G/T,True,0.9
393,chr16,663,T/T,True,0.9
394,chr19,1458,G/G,True,0.9
395,chr10,1914,A/A,True,0.9
396,chr7,1327,T/T,True,0.9
397,chr16,1926,A/G,True,0.9
398,chr20,761,C/G,True,0.9
399,chr4,1381,C/A,True,0.9
400,chr11,1900,A/C,True,0.9
401,chr5,1988,G/C,True,0.9
402,chr1,1271,G/A,True,0.9
403,chr19,767,A/T,True,0.9
404,chr2,989,C/C,True,0.9
405,chr22,1007,G/A,True,0.9
406,chr1,1899,C/C,True,0.9
407,chr5,311,G/C,True,0.9
408,chr18,1529,C/G,True,0.9
409,chr17,1871,C/A,True,0.9
410,chr12,230,C/G,True,0.9
411,chrY,1275,A/A,True,0.9
412,chr4,447,T/T,True,0.9
413,chr18,1831,A/A,True,0.9
414,chrY,1217,A/T,True,0.9
415,chrY,39,A/C,True,0.9
416,chr17,77,T/A,True,0.9
417,chr3,640,T/G,True,0.9
418,chr18,1061,C/C,True,0.9
419,chr6,1857,G/C,True,0.9
420,chr1,1727,A/C,True,0.9
421,chr16,31,C/T,True,0.9
422,chr13,1113,C/C,True,0.9
423,chr17,1235,T/A,True,0.9
424,chr6,609,A/T,True,0.9
425,chr1,570,A/T,True,0.9
426,chr18,110,G/C,True,0.9
427,chrX,234,G/A,True,0.9
428,chr6,228,G/A,True,0.9
429,chr19,380,G/A,True,0.9
430,chr1,857,C/T,True,0.9
431,chr6,1876,C/C,True,0.9
432,chrY,1617,T/T,True,0.9
433,chr21,1589,T/A,True,0.9
434,chr3,414,A/C,True,0.9
435,chr10,1231,A/C,True,0.9
436,chr13,631,T/A,True,0.9
437,chr3,1238,G/A,True,0.9
438,chr2,1036,A/G,True,0.9
439,chr12,84,A/T,True,0.9
440,chrX,200,T/C,True,0.9
441,chr9,1828,T/C,True,0.9
442,chr14,1534,G/C,True,0.9
443,chr3,1519,T/G,True,0.9
444,chr16,527,C/G,True,0.9
445,chr7,1110,T/G,True,0.9
446,chrY,1857,T/T,True,0.9
447,chr13,334,G/C,True,0.9
448,chr4,1994,C/A,True,0.9
449,chr21,1381,T/T,True,0.9
450,chrY,1854,T/C,True,0.9
451,chr22,1554,G/C,True,0.9
452,chr11,1226,A/T,True,0.9
453,chr10,1638,G/T,True,0.9
454,chr11,408,T/T,True,0.9
455,chr1,237,A/A,True,0.9
456,chr10,1927,C/G,True,0.9
457,chr16,647,A/A,True,0.9
458,chr2,1664,A/G,True,0.9
459,chr1,1723,C/T,True,0.9
460,chr9,965,G/G,True,0.9
461,chr17,759,A/T,True,0.9
462,chr2,1755,T/G,True,0.9
463,chr9,1319,G/T,True,0.9
464,chr8,818,G/G,True,0.9
465,chr12,720,A/C,True,0.9
466,chr18,1918,G/A,True,0.9
467,chr1,1676,C/G,True,0.9
468,chr22,86,C/A,True,0.9
469,chr4,1437,A/C,True,0.9
470,chr14,1957,T/C,True,0.9
471,chr7,1767,T/T,True,0.9
472,chr16,1217,T/G,True,0.9
473,chr8,239,G/G,True,0.9
474,chr5,836,C/A,True,0.9
475,chr17,104,C/T,True,0.9
476,chr19,468,C/C,True,0.9
477,chr18,527,T/G,True,0.9
478,chr13,1088,G/C,True,0.9
479,chr11,579,G/T,True,0.9
480,chr20,216,C/A,True,0.9
481,chr19,1830,G/G,True,0.9
482,chr13,734,C/T,True,0.9
483,chr4,150,A/T,True,0.9
484,chr9,1574,T/C,True,0.9
485,chr3,502,A/A,True,0.9
486,chr2,128,C/C,True,0.9
487,chr5,332,C/G,True,0.9
488,chr12,763,G/C,True,0.9
489,chr8,1065,T/C,True,0.9
490,chr5,893,C/T,True,0.9
491,chr21,784,C/A,True,0.9
492,chr21,1602,G/C,True,0.9
493,chr3,1099,A/T,True,0.9
494,chr6,1289,C/A,True,0.9
495,chr22,268,T/G,True,0.9
496,chr1,818,A/G,True,0.9
497,chr8,815,T/G,True,0.9
498,chrX,364,C/C,True,0.9
499,chr17,10,A/A,True,0.9
500,chrY,1971,A/C,True,0.9
