,CHROMOSOME,pos,mut,is_ok,approved_ratio
0,chr10,409,C/C,True,0.9
1,chr7,1170,A/C,True,0.9
2,chr7,1960,G/T,True,0.9
3,chr17,1854,G/A,True,0.9
4,chr15,1760,T/G,True,0.9
5,chr22,1792,G/G,True,0.9
6,chr14,1032,C/T,True,0.9
7,chr10,1253,T/C,True,0.9
8,chr13,1773,T/A,True,0.9
9,chr6,1831,G/G,True,0.9
10,chrY,1431,C/A,True,0.9
11,chr16,308,A/G,True,0.9
12,chr7,346,T/T,True,0.9
13,chr18,624,G/T,True,0.9
14,chr13,511,C/T,True,0.9
15,chr21,532,G/T,True,0.9
16,chr4,972,G/C,True,0.9
17,chr11,677,T/T,True,0.9
18,chr13,1823,A/C,True,0.9
19,chrY,1261,A/C,True,0.9
20,chrX,1102,T/G,True,0.9
21,chr7,401,C/A,True,0.9
22,chr8,630,C/G,True,0.9
23,chr9,1527,T/C,True,0.9
24,chr16,1750,A/C,True,0.9
25,chr3,200,G/A,True,0.9
26,chr19,1015,G/A,True,0.9
27,chr7,1400,C/T,True,0.9
28,chr1,1206,A/T,True,0.9
29,chr13,1976,T/G,True,0.9
30,chr21,600,T/T,True,0.9
31,chr14,825,T/G,True,0.9
32,chr5,321,A/C,True,0.9
33,chr4,1203,A/G,True,0.9
34,chr11,1642,T/C,True,0.9
35,chr4,528,C/A,True,0.9
36,chr7,889,G/C,True,0.9
37,chr10,1176,C/G,True,0.9
38,chr4,438,T/T,True,0.9
39,chr22,1962,T/G,True,0.9
40,chr17,1347,C/C,True,0.9
41,chr6,1894,C/A,True,0.9
42,chr15,569,G/T,True,0.9
43,chr14,212,C/T,True,0.9
44,chrY,1420,A/C,True,0.9
45,chr8,1589,T/A,True,0.9
46,chr9,1227,T/G,True,0.9
47,chr12,1634,G/C,True,0.9
48,chr7,1849,A/T,True,0.9
49,chr20,626,G/C,True,0.9
50,chr9,501,C/C,True,0.9
51,chr4,1554,T/C,True,0.9
52,chrX,991,C/A,True,0.9
53,chr14,532,A/G,True,0.9
54,chr9,233,C/G,True,0.9
55,chrY,588,A/C,True,0.9
56,chrY,1638,A/A,True,0.9
57,chr3,536,C/T,True,0.9
58,chr15,1354,G/G,True,0.9
59,chr4,693,A/T,True,0.9
60,chr22,201,T/G,True,0.9
61,chrY,509,T/T,True,0.9
62,chr1,26,A/A,True,0.9
63,chr6,1313,C/C,True,0.9
64,chrY,1784,T/C,True,0.9
65,chrY,1669,C/A,True,0.9
66,chr14,400,C/A,True,0.9
67,chr9,1341,A/G,True,0.9
68,chr5,1033,A/G,True,0.9
69,chr19,1607,T/G,True,0.9
70,chrX,1106,A/G,True,0.9
71,chr12,1018,T/T,True,0.9
72,chr10,1486,A/C,True,0.9
73,chr7,916,G/T,True,0.9
74,chr1,1023,T/A,True,0.9
75,chr22,1153,A/G,True,0.9
76,chr21,846,A/T,True,0.9
77,chr7,1854,C/A,True,0.9
78,chr21,732,G/G,True,0.9
79,chr10,910,C/C,True,0.9
80,chr10,881,C/T,True,0.9
81,chr16,1372,G/A,True,0.9
82,chr17,1364,C/C,True,0.9
83,chr11,1682,T/A,True,0.9
84,chr22,74,T/T,True,0.9
85,chr12,509,T/T,True,0.9
86,chr19,1514,T/C,True,0.9
87,chr8,1532,A/G,True,0.9
88,chr7,434,C/T,True,0.9
89,chr4,1314,A/G,True,0.9
90,chr12,957,A/T,True,0.9
91,chr1,659,G/C,True,0.9
92,chr6,589,T/C,True,0.9
93,chr4,303,A/C,True,0.9
94,chr15,818,C/T,True,0.9
95,chr16,585,A/C,True,0.9
96,chr9,124,T/A,True,0.9
97,chr18,99,G/C,True,0.9
98,chr1,1429,T/C,True,0.9
99,chr1,256,A/A,True,0.9
100,chrX,842,C/T,True,0.9
101,chr6,1012,A/T,True,0.9
102,chr18,273,T/T,True,0.9
103,chr15,435,C/T,True,0.9
104,chr11,141,C/A,True,0.9
105,chr20,147,T/T,True,0.9
106,chr13,1424,C/T,True,0.9
107,chr3,750,C/A,True,0.9
108,chr21,1382,A/C,True,0.9
109,chr22,897,C/A,True,0.9
110,chr15,838,C/G,True,0.9
111,chr20,1746,G/G,True,0.9
112,chr6,1265,C/C,True,0.9
113,chr20,56,A/C,True,0.9
114,chr7,240,A/G,True,0.9
115,chr13,1582,G/C,True,0.9
116,chr6,1794,C/T,True,0.9
117,chr7,1860,G/T,True,0.9
118,chr1,1633,G/G,True,0.9
119,chr22,441,C/T,True,0.9
120,chr16,922,A/C,True,0.9
121,chr22,35,C/G,True,0.9
122,chr17,60,C/A,True,0.9
123,chrX,842,T/T,True,0.9
124,chr12,1081,A/C,True,0.9
125,chr5,771,G/A,True,0.9
126,chr7,1534,G/T,True,0.9
127,chr16,187,G/G,True,0.9
128,chr22,1204,T/A,True,0.9
129,chr2,308,G/G,True,0.9
130,chr2,1487,G/T,True,0.9
131,chr21,128,A/A,True,0.9
132,chr3,1781,T/C,True,0.9
133,chr1,765,C/A,True,0.9
134,chr16,1437,G/C,True,0.9
135,chr22,1291,T/G,True,0.9
136,chr13,1924,C/T,True,0.9
137,chr2,699,G/G,True,0.9
138,chr18,1453,A/A,True,0.9
139,chr8,499,G/G,True,0.9
140,chr17,1887,C/C,True,0.9
141,chr3,1923,T/A,True,0.9
142,chr12,1840,C/T,True,0.9
143,chr12,1070,T/G,True,0.9
144,chr2,506,G/A,True,0.9
145,chr11,1346,G/G,True,0.9
146,chr7,1550,C/G,True,0.9
147,chr3,157,T/C,True,0.9
148,chr21,424,G/A,True,0.9
149,chr13,1781,A/A,True,0.9
150,chr2,1786,C/A,True,0.9
151,chr15,108,T/G,True,0.9
152,chr15,1064,G/T,True,0.9
153,chr11,1404,A/A,True,0.9
154,chr3,1797,C/A,True,0.9
155,chr1,1416,C/A,True,0.9
156,chr4,52,T/A,True,0.9
157,chr7,658,C/G,True,0.9
158,chr1,832,C/T,True,0.9
159,chr18,1697,T/G,True,0.9
160,chr2,503,C/C,True,0.9
161,chr21,1454,G/C,True,0.9
162,chr19,756,T/T,True,0.9
163,chr21,104,A/A,True,0.9
164,chr20,369,A/C,True,0.9
165,chr5,2,A/G,True,0.9
166,chr16,1685,A/G,True,0.9
167,chr14,1378,G/A,True,0.9
168,chr12,127,C/T,True,0.9
169,chr21,497,T/A,True,0.9
170,chr14,1054,G/C,True,0.9
171,chrY,351,T/A,True,0.9
172,chr11,1605,G/T,True,0.9
173,chr8,525,A/C,True,0.9
174,chr7,630,A/C,True,0.9
175,chr2,1724,C/C,True,0.9
176,chr6,683,C/G,True,0.9
177,chr11,1661,T/A,True,0.9
178,chr22,413,G/C,True,0.9
179,chr13,1407,T/G,True,0.9
180,chr13,1656,G/G,True,0.9
181,chr19,152,C/C,True,0.9
182,chr13,267,T/G,True,0.9
183,chrX,532,T/G,True,0.9
184,chr14,1297,T/A,True,0.9
185,chr13,1795,G/T,True,0.9
186,chr16,1879,A/G,True,0.9
187,chr18,371,G/G,True,0.9
188,chr21,839,T/C,True,0.9
189,chr14,780,A/A,True,0.9
190,chr20,1897,T/A,True,0.9
191,chr20,1442,C/G,True,0.9
192,chr4,1955,G/T,True,0.9
193,chr11,510,T/G,True,0.9
194,chr16,1503,T/G,True,0.9
195,chr16,1695,C/A,True,0.9
196,chr1,1695,T/C,True,0.9
197,chr21,432,T/T,True,0.9
198,chr9,1962,T/C,True,0.9
199,chr6,543,A/A,True,0.9
200,chr14,1117,A/T,True,0.9
201,chr5,1451,G/A,True,0.9
202,chr8,1546,A/T,True,0.9
203,chr19,12,A/C,True,0.9
204,chr5,1245,C/G,True,0.9
205,chr8,735,G/T,True,0.9
206,chr7,37,C/G,True,0.9
207,chr1,93,T/T,True,0.9
208,chr9,219,T/A,True,0.9
209,chr2,495,A/G,True,0.9
210,chr13,1056,T/C,True,0.9
211,chr2,1630,T/T,True,0.9
212,chr9,567,C/A,True,0.9
213,chrX,1409,T/T,True,0.9
214,chr11,822,A/T,True,0.9
215,chr7,1672,C/T,True,0.9
216,chr15,1435,C/T,True,0.9
217,chrX,368,C/C,True,0.9
218,chr2,459,C/G,True,0.9
219,chr4,1703,G/A,True,0.9
220,chr1,841,A/A,True,0.9
221,chr5,1841,G/G,True,0.9
222,chr3,1924,G/T,True,0.9
223,chr2,222,C/G,True,0.9
224,chr7,12,C/C,True,0.9
225,chr4,962,T/G,True,0.9
226,chr7,250,A/A,True,0.9
227,chr15,1673,C/G,True,0.9
228,chr22,1203,G/T,True,0.9
229,chr18,129,T/T,True,0.9
230,chr7,805,G/A,True,0.9
231,chr16,698,A/A,True,0.9
232,chrX,1493,T/A,True,0.9
233,chr8,1040,G/C,True,0.9
234,chr11,1763,G/G,True,0.9
235,chr22,1122,A/G,True,0.9
236,chr7,1864,T/A,True,0.9
237,chr10,1584,T/T,True,0.9
238,chr4,734,G/C,True,0.9
239,chr18,1513,T/C,True,0.9
240,chr17,646,A/A,True,0.9
241,chrX,214,C/C,True,0.9
242,chrX,1096,A/G,True,0.9
243,chr20,405,A/A,True,0.9
244,chr2,1651,T/C,True,0.9
245,chr1,788,A/T,True,0.9
246,chr3,1508,A/G,True,0.9
247,chr17,1495,C/C,True,0.9
248,chr16,123,C/C,True,0.9
249,chr20,302,T/A,True,0.9
250,chr18,204,C/C,True,0.9
251,chr6,1588,A/G,True,0.9
252,chr4,1768,C/T,True,0.9
253,chr7,1856,G/T,True,0.9
254,chr19,79,C/G,True,0.9
255,chrY,465,A/A,True,0.9
256,chr2,1644,C/A,True,0.9
257,chr16,310,G/G,True,0.9
258,chr16,1182,A/T,True,0.9
259,chr2,1357,G/A,True,0.9
260,chr8,1204,T/C,True,0.9
261,chrY,1687,T/T,True,0.9
262,chr9,70,A/A,True,0.9
263,chr21,820,C/A,True,0.9
264,chr19,307,T/A,True,0.9
265,chr10,765,G/T,True,0.9
266,chr12,656,T/A,True,0.9
267,chr19,1675,T/A,True,0.9
268,chr13,677,G/G,True,0.9
269,chr17,1123,T/C,True,0.9
270,chr20,1874,T/C,True,0.9
271,chr15,1626,G/C,True,0.9
272,chrX,1731,G/C,True,0.9
273,chrY,552,A/G,True,0.9
274,chr20,1484,C/A,True,0.9
275,chr14,1418,G/A,True,0.9
276,chrY,573,C/G,True,0.9
277,chr15,1444,C/T,True,0.9
278,chr3,627,G/C,True,0.9
279,chr5,1229,G/C,True,0.9
280,chr16,726,G/T,True,0.9
281,chr7,878,G/C,True,0.9
282,chr21,1599,G/T,True,0.9
283,chrX,417,G/A,True,0.9
284,chr17,1608,T/A,True,0.9
285,chr9,776,A/G,True,0.9
286,chr19,1148,C/G,True,0.9
287,chr9,1793,C/C,True,0.9
288,chr5,426,C/G,True,0.9
289,chr15,740,A/G,True,0.9
290,chr14,1582,C/G,True,0.9
291,chr8,1126,T/C,True,0.9
292,chr20,1194,A/C,True,0.9
293,chr4,902,T/G,True,0.9
294,chrX,337,C/C,True,0.9
295,chr9,1902,A/T,True,0.9
296,chr3,532,T/C,True,0.9
297,chr21,1781,C/G,True,0.9
298,chr10,1900,G/G,True,0.9
299,chrY,784,T/A,True,0.9
300,chr5,94,G/T,True,0.9
301,chr14,165,T/A,True,0.9
302,chr17,1765,C/T,True,0.9
303,chr11,1207,T/C,True,0.9
304,chr13,130,A/G,True,0.9
305,chr9,1085,A/G,True,0.9
306,chr8,230,C/A,True,0.9
307,chr7,732,A/C,True,0.9
308,chr16,1375,T/A,True,0.9
309,chr3,1585,T/A,True,0.9
310,chr11,1316,A/C,True,0.9
311,chr20,140,T/G,True,0.9
312,chr6,1401,A/G,True,0.9
313,chr14,1035,A/A,True,0.9
314,chr3,259,C/T,True,0.9
315,chr22,1978,C/G,True,0.9
316,chr14,1794,T/T,True,0.9
317,chr12,1572,A/T,True,0.9
318,chr19,1889,G/C,True,0.9
319,chr14,1431,G/T,True,0.9
320,chrX,1473,A/T,True,0.9
321,chr16,483,C/G,True,0.9
322,chrX,1230,T/C,True,0.9
323,chr7,159,C/T,True,0.9
324,chr19,449,T/T,True,0.9
325,chr18,1735,T/T,True,0.9
326,chr11,1163,A/A,True,0.9
327,chr10,1527,T/G,True,0.9
328,chr17,1001,G/A,True,0.9
329,chr18,1368,G/G,True,0.9
330,chr4,1056,C/C,True,0.9
331,chr16,651,T/T,True,0.9
332,chr7,355,T/G,True,0.9
333,chr1,1435,T/T,True,0.9
334,chr13,956,T/G,True,0.9
335,chr12,76,T/T,True,0.9
336,chr9,1656,G/C,True,0.9
337,chr6,1998,G/G,True,0.9
338,chr11,494,G/T,True,0.9
339,chr12,284,G/T,True,0.9
340,chr6,1067,C/C,True,0.9
341,chr3,567,G/A,True,0.9
342,chrX,246,G/C,True,0.9
343,chr18,226,C/T,True,0.9
344,chr3,1043,A/G,True,0.9
345,chr6,360,A/T,True,0.9
346,chrY,973,G/A,True,0.9
347,chrY,1812,A/A,True,0.9
348,chrX,939,T/A,True,0.9
349,chr7,1771,T/G,True,0.9
350,chr6,1961,G/A,True,0.9
351,chr6,333,A/G,True,0.9
352,chr10,782,G/T,True,0.9
353,chr18,878,T/A,True,0.9
354,chrY,1052,A/T,True,0.9
355,chrY,867,G/A,True,0.9
356,chr19,1251,A/T,True,0.9
357,chr3,770,G/C,True,0.9
358,chr21,242,G/G,True,0.9
359,chr8,1630,T/G,True,0.9
360,chr22,1261,T/A,True,0.9
361,chr15,375,G/C,True,0.9
362,chr3,351,A/C,True,0.9
363,chr6,457,T/C,True,0.9
364,chr3,165,G/G,True,0.9
365,chrY,1636,C/T,True,0.9
366,chr18,181,T/A,True,0.9
367,chr17,1660,G/G,True,0.9
368,chr19,1981,A/G,True,0.9
369,chr11,525,T/A,True,0.9
370,chr20,29,C/T,True,0.9
371,chr10,1557,G/G,True,0.9
372,chr7,694,C/A,True,0.9
373,chr7,1556,A/G,True,0.9
374,chr3,1352,C/C,True,0.9
375,chr5,976,T/G,True,0.9
376,chr1,1369,G/C,True,0.9
377,chrX,173,A/T,True,0.9
378,chr13,1442,C/C,True,0.9
379,chr17,1241,C/A,True,0.9
380,chr8,689,G/G,True,0.9
381,chr9,498,A/A,True,0.9
382,chr13,1205,C/A,True,0.9
383,chr8,771,C/G,True,0.9
384,chr11,1589,T/C,True,0.9
385,chr2,1399,T/G,True,0.9
386,chr9,1363,A/C,True,0.9
387,chr20,959,C/G,True,0.9
388,chr15,1414,A/T,True,0.9
389,chr4,1079,G/A,True,0.9
390,chr4,1059,A/G,True,0.9
391,chrY,1430,T/A,True,0.9
392,chr3,1639,G/A,True,0.9
393,chr6,1128,A/A,True,0.9
394,chr11,904,T/T,True,0.9
395,chr2,1848,C/A,True,0.9
396,chr20,1270,A/A,True,0.9
397,chr11,1621,C/C,True,0.9
398,chr1,510,G/C,True,0.9
399,chr1,266,A/T,True,0.9
400,chrY,1680,A/C,True,0.9
401,chr4,1421,G/G,True,0.9
402,chr20,1731,A/G,True,0.9
403,chr2,367,A/T,True,0.9
404,chr17,371,G/T,True,0.9
405,chr9,49,C/C,True,0.9
406,chr16,663,T/T,True,0.9
407,chr1,9,G/C,True,0.9
408,chrY,424,T/T,True,0.9
409,chr17,1535,A/C,True,0.9
410,chr7,1327,T/T,True,0.9
411,chr9,1241,C/C,True,0.9
412,chr16,1926,A/G,True,0.9
413,chr12,333,T/G,True,0.9
414,chr7,1195,A/G,True,0.9
415,chr1,787,C/C,True,0.9
416,chr13,1365,C/C,True,0.9
417,chr4,1381,C/A,True,0.9
418,chr11,1900,A/C,True,0.9
419,chr5,1562,A/C,True,0.9
420,chr1,1271,G/A,True,0.9
421,chr9,135,T/G,True,0.9
422,chr7,784,A/T,True,0.9
423,chr17,1160,T/C,True,0.9
424,chr8,583,A/T,True,0.9
425,chr1,1899,C/C,True,0.9
426,chr22,1298,G/G,True,0.9
427,chr5,311,G/C,True,0.9
428,chr3,689,G/G,True,0.9
429,chr18,1529,C/G,True,0.9
430,chr4,704,C/C,True,0.9
431,chr5,666,A/T,True,0.9
432,chr17,1871,C/A,True,0.9
433,chr22,1084,T/G,True,0.9
434,chr14,746,A/T,True,0.9
435,chr12,782,C/G,True,0.9
436,chr8,723,A/A,True,0.9
437,chr16,740,G/C,True,0.9
438,chr6,1720,C/C,True,0.9
439,chr18,1061,C/C,True,0.9
440,chr6,1857,G/C,True,0.9
441,chr1,1727,A/C,True,0.9
442,chr16,31,C/T,True,0.9
443,chr3,1252,G/T,True,0.9
444,chr8,1161,C/T,True,0.9
445,chr10,189,A/T,True,0.9
446,chr17,1235,T/A,True,0.9
447,chr6,609,A/T,True,0.9
448,chr1,570,A/T,True,0.9
449,chr18,110,G/C,True,0.9
450,chr19,380,G/A,True,0.9
451,chrY,1617,T/T,True,0.9
452,chr21,1589,T/A,True,0.9
453,chr21,1082,A/C,True,0.9
454,chr7,1158,A/A,True,0.9
455,chr6,326,T/C,True,0.9
456,chrY,111,G/C,True,0.9
457,chr8,754,A/G,True,0.9
458,chr1,954,T/G,True,0.9
459,chr4,29,T/G,True,0.9
460,chr4,1690,A/G,True,0.9
461,chr4,1474,A/T,True,0.9
462,chr20,765,A/G,True,0.9
463,chr3,1519,T/G,True,0.9
464,chr7,332,A/T,True,0.9
465,chr6,1346,C/C,True,0.9
466,chr13,1663,G/A,True,0.9
467,chr21,1381,T/T,True,0.9
468,chrX,1438,T/A,True,0.9
469,chr22,73,A/C,True,0.9
470,chr1,237,A/A,True,0.9
471,chr10,1927,C/G,True,0.9
472,chr14,1467,C/A,True,0.9
473,chr18,970,T/G,True,0.9
474,chr16,338,C/C,True,0.9
475,chr22,235,T/C,True,0.9
476,chr14,1266,C/T,True,0.9
477,chr6,614,T/A,True,0.9
478,chrY,448,A/T,True,0.9
479,chr2,1334,G/C,True,0.9
480,chr8,1293,A/A,True,0.9
481,chr8,818,G/G,True,0.9
482,chr14,1088,G/C,True,0.9
483,chr17,1685,A/C,True,0.9
484,chr14,1957,T/C,True,0.9
485,chr7,1767,T/T,True,0.9
486,chr8,239,G/G,True,0.9
487,chr4,1432,G/T,True,0.9
488,chr6,1829,C/G,True,0.9
489,chr21,75,C/T,True,0.9
490,chr17,1697,A/C,True,0.9
491,chr20,216,C/A,True,0.9
492,chr11,728,A/C,True,0.9
493,chr22,1590,A/C,True,0.9
494,chr17,1899,T/G,True,0.9
495,chr5,332,C/G,True,0.9
496,chr16,72,C/T,True,0.9
497,chr6,1022,C/T,True,0.9
498,chr21,1602,G/C,True,0.9
499,chr3,1099,A/T,True,0.9
500,chr6,1289,C/A,True,0.9
501,chr11,1987,T/T,True,0.9
502,chr11,746,A/A,True,0.9
503,chr18,627,C/T,True,0.9
504,chrY,895,G/A,True,0.9
505,chr15,392,G/C,True,0.9
