,CHROMOSOME,pos,mut,is_ok,approved_ratio
0,chr10,409,C/C,True,0.9
1,chr19,249,T/G,True,0.9
2,chr15,1760,T/G,True,0.9
3,chr4,1695,A/T,True,0.9
4,chr19,1330,A/C,True,0.9
5,chr15,763,G/A,True,0.9
6,chr10,1253,T/C,True,0.9
7,chr13,1773,T/A,True,0.9
8,chr11,1748,C/A,True,0.9
9,chr16,100,G/T,True,0.9
10,chrY,1265,G/A,True,0.9
11,chr7,346,T/T,True,0.9
12,chr7,1821,G/C,True,0.9
13,chr21,1195,C/C,True,0.9
14,chr4,972,G/C,True,0.9
15,chr7,1901,A/G,True,0.9
16,chr3,382,G/T,True,0.9
17,chr13,1823,A/C,True,0.9
18,chrY,288,G/G,True,0.9
19,chr14,1900,C/C,True,0.9
20,chr14,154,G/G,True,0.9
21,chr6,1899,A/G,True,0.9
22,chr8,630,C/G,True,0.9
23,chr17,238,G/A,True,0.9
24,chr3,200,G/A,True,0.9
25,chr11,1259,A/T,True,0.9
26,chr1,1068,A/C,True,0.9
27,chr5,795,A/A,True,0.9
28,chr22,1533,A/G,True,0.9
29,chrY,1859,T/C,True,0.9
30,chrY,1230,A/G,True,0.9
31,chr4,438,T/T,True,0.9
32,chr2,1679,C/T,True,0.9
33,chr17,1347,C/C,True,0.9
34,chr6,1894,C/A,True,0.9
35,chr10,609,A/T,True,0.9
36,chr2,1058,G/T,True,0.9
37,chr13,945,T/A,True,0.9
38,chr11,609,G/T,True,0.9
39,chr14,1496,A/T,True,0.9
40,chr4,1506,A/G,True,0.9
41,chr8,1589,T/A,True,0.9
42,chr12,766,A/C,True,0.9
43,chr9,501,C/C,True,0.9
44,chr7,279,A/C,True,0.9
45,chr15,737,T/G,True,0.9
46,chrY,123,G/C,True,0.9
47,chr4,836,T/A,True,0.9
48,chrX,991,C/A,True,0.9
49,chr14,532,A/G,True,0.9
50,chr3,468,T/C,True,0.9
51,chr9,233,C/G,True,0.9
52,chr11,1799,A/A,True,0.9
53,chr16,905,G/A,True,0.9
54,chr15,1354,G/G,True,0.9
55,chrY,509,T/T,True,0.9
56,chr1,569,A/C,True,0.9
57,chr1,26,A/A,True,0.9
58,chr6,227,A/A,True,0.9
59,chr6,1313,C/C,True,0.9
60,chr11,136,G/G,True,0.9
61,chrY,1784,T/C,True,0.9
62,chrY,1669,C/A,True,0.9
63,chr6,1620,C/C,True,0.9
64,chr10,554,G/C,True,0.9
65,chr13,1629,G/A,True,0.9
66,chr7,227,A/A,True,0.9
67,chrX,1106,A/G,True,0.9
68,chr5,666,T/G,True,0.9
69,chr19,260,C/A,True,0.9
70,chr22,536,T/T,True,0.9
71,chr7,1854,C/A,True,0.9
72,chr21,732,G/G,True,0.9
73,chr6,1398,A/A,True,0.9
74,chr12,1214,A/C,True,0.9
75,chr16,1372,G/A,True,0.9
76,chr17,1364,C/C,True,0.9
77,chr11,1682,T/A,True,0.9
78,chr22,74,T/T,True,0.9
79,chr7,896,C/G,True,0.9
80,chr4,1270,A/T,True,0.9
81,chr8,72,T/A,True,0.9
82,chr9,1726,A/T,True,0.9
83,chr16,1137,G/C,True,0.9
84,chr12,957,A/T,True,0.9
85,chr1,659,G/C,True,0.9
86,chr15,818,C/T,True,0.9
87,chr16,585,A/C,True,0.9
88,chr8,1114,G/C,True,0.9
89,chr12,690,T/T,True,0.9
90,chr22,1000,C/C,True,0.9
91,chrX,1594,G/G,True,0.9
92,chr14,821,C/G,True,0.9
93,chr5,1392,G/C,True,0.9
94,chr12,900,A/A,True,0.9
95,chr12,1692,C/G,True,0.9
96,chr14,130,T/T,True,0.9
97,chr4,1447,T/A,True,0.9
98,chr13,1424,C/T,True,0.9
99,chr3,750,C/A,True,0.9
100,chr20,879,G/C,True,0.9
101,chr22,406,G/C,True,0.9
102,chr13,709,A/A,True,0.9
103,chr13,1345,A/C,True,0.9
104,chr21,1382,A/C,True,0.9
105,chr15,838,C/G,True,0.9
106,chr16,420,T/T,True,0.9
107,chrX,1767,G/A,True,0.9
108,chr11,1081,C/G,True,0.9
109,chr16,893,T/T,True,0.9
110,chrX,1767,A/C,True,0.9
111,chr18,812,C/T,True,0.9
112,chr3,304,C/A,True,0.9
113,chr14,829,A/G,True,0.9
114,chr15,385,C/T,True,0.9
115,chr11,744,A/A,True,0.9
116,chr22,1204,T/A,True,0.9
117,chr2,308,G/G,True,0.9
118,chr3,1781,T/C,True,0.9
119,chr19,1138,C/G,True,0.9
120,chr21,848,G/A,True,0.9
121,chr16,1437,G/C,True,0.9
122,chr11,57,C/G,True,0.9
123,chr15,1986,A/C,True,0.9
124,chr9,1133,C/C,True,0.9
125,chr9,1510,C/A,True,0.9
126,chr10,1685,G/T,True,0.9
127,chr21,471,C/A,True,0.9
128,chr6,279,T/C,True,0.9
129,chr8,1843,A/G,True,0.9
130,chrX,539,C/C,True,0.9
131,chr6,1810,G/G,True,0.9
132,chr12,1840,C/T,True,0.9
133,chr11,1346,G/G,True,0.9
134,chr13,1781,A/A,True,0.9
135,chr19,88,T/T,True,0.9
136,chr6,1493,G/C,True,0.9
137,chr12,876,C/G,True,0.9
138,chr5,910,C/A,True,0.9
139,chr14,1609,C/G,True,0.9
140,chr6,1008,A/G,True,0.9
141,chr9,1629,C/C,True,0.9
142,chr10,1404,C/G,True,0.9
143,chr13,110,A/G,True,0.9
144,chr1,394,T/C,True,0.9
145,chr14,458,T/T,True,0.9
146,chr7,658,C/G,True,0.9
147,chr1,832,C/T,True,0.9
148,chr18,1697,T/G,True,0.9
149,chr2,503,C/C,True,0.9
150,chr21,1454,G/C,True,0.9
151,chr19,756,T/T,True,0.9
152,chr21,104,A/A,True,0.9
153,chr5,2,A/G,True,0.9
154,chr1,1007,A/T,True,0.9
155,chr2,429,A/G,True,0.9
156,chr14,1378,G/A,True,0.9
157,chr12,127,C/T,True,0.9
158,chr4,1399,A/T,True,0.9
159,chr14,1054,G/C,True,0.9
160,chr1,525,A/G,True,0.9
161,chr11,1605,G/T,True,0.9
162,chr19,1646,T/A,True,0.9
163,chr7,630,A/C,True,0.9
164,chr11,1335,T/G,True,0.9
165,chr18,480,C/G,True,0.9
166,chr7,580,G/T,True,0.9
167,chr3,1934,A/G,True,0.9
168,chr22,413,G/C,True,0.9
169,chr9,1707,C/A,True,0.9
170,chr15,1215,G/A,True,0.9
171,chr13,1407,T/G,True,0.9
172,chr13,1656,G/G,True,0.9
173,chr14,92,G/C,True,0.9
174,chr3,280,G/C,True,0.9
175,chrX,532,T/G,True,0.9
176,chr16,1293,A/G,True,0.9
177,chr14,1297,T/A,True,0.9
178,chr2,658,G/A,True,0.9
179,chr15,281,C/T,True,0.9
180,chr3,1553,T/T,True,0.9
181,chr13,663,A/A,True,0.9
182,chr18,371,G/G,True,0.9
183,chr7,1401,T/A,True,0.9
184,chr20,1442,C/G,True,0.9
185,chr11,510,T/G,True,0.9
186,chrY,412,A/A,True,0.9
187,chr7,1146,T/T,True,0.9
188,chr14,1956,G/T,True,0.9
189,chr14,51,A/A,True,0.9
190,chr3,1249,T/C,True,0.9
191,chr6,458,T/G,True,0.9
192,chr21,432,T/T,True,0.9
193,chr8,473,T/C,True,0.9
194,chr9,1962,T/C,True,0.9
195,chr8,698,G/G,True,0.9
196,chr15,341,A/G,True,0.9
197,chr19,1174,G/A,True,0.9
198,chr10,1794,C/T,True,0.9
199,chr16,619,T/C,True,0.9
200,chr4,1854,G/A,True,0.9
201,chr5,1451,G/A,True,0.9
202,chr4,825,A/A,True,0.9
203,chr3,601,A/G,True,0.9
204,chr13,754,T/T,True,0.9
205,chr6,63,C/A,True,0.9
206,chr15,361,A/G,True,0.9
207,chr10,460,C/G,True,0.9
208,chr20,1292,A/C,True,0.9
209,chr8,1725,T/T,True,0.9
210,chr22,1239,T/A,True,0.9
211,chr5,1887,G/A,True,0.9
212,chr1,1891,C/A,True,0.9
213,chr1,93,T/T,True,0.9
214,chr5,797,C/G,True,0.9
215,chr2,495,A/G,True,0.9
216,chr6,115,C/C,True,0.9
217,chr2,1630,T/T,True,0.9
218,chr19,1360,C/T,True,0.9
219,chr1,841,A/A,True,0.9
220,chr7,337,A/A,True,0.9
221,chr12,1234,C/T,True,0.9
222,chr16,387,C/C,True,0.9
223,chr12,352,T/T,True,0.9
224,chr4,962,T/G,True,0.9
225,chr19,1423,C/G,True,0.9
226,chr17,837,C/G,True,0.9
227,chr22,1203,G/T,True,0.9
228,chr20,1919,C/G,True,0.9
229,chr18,1368,A/C,True,0.9
230,chr7,805,G/A,True,0.9
231,chr15,1477,C/T,True,0.9
232,chr16,698,A/A,True,0.9
233,chr8,1040,G/C,True,0.9
234,chr2,371,T/C,True,0.9
235,chr5,1466,A/G,True,0.9
236,chr4,734,G/C,True,0.9
237,chrX,214,C/C,True,0.9
238,chr17,734,C/A,True,0.9
239,chr3,316,C/A,True,0.9
240,chrX,1096,A/G,True,0.9
241,chr10,793,T/G,True,0.9
242,chr2,1651,T/C,True,0.9
243,chr1,788,A/T,True,0.9
244,chr9,1413,T/G,True,0.9
245,chr2,308,G/T,True,0.9
246,chr16,795,C/A,True,0.9
247,chr10,932,G/G,True,0.9
248,chr5,68,A/A,True,0.9
249,chr13,1523,G/A,True,0.9
250,chr12,947,T/C,True,0.9
251,chr11,499,C/A,True,0.9
252,chr3,1874,C/C,True,0.9
253,chr15,840,T/T,True,0.9
254,chr19,1972,G/T,True,0.9
255,chr2,1357,G/A,True,0.9
256,chr4,1444,G/C,True,0.9
257,chr11,412,C/G,True,0.9
258,chr7,1671,T/A,True,0.9
259,chr8,1940,T/C,True,0.9
260,chr21,820,C/A,True,0.9
261,chr10,765,G/T,True,0.9
262,chr12,656,T/A,True,0.9
263,chr13,677,G/G,True,0.9
264,chr17,1123,T/C,True,0.9
265,chr22,680,A/A,True,0.9
266,chr20,1874,T/C,True,0.9
267,chr15,1626,G/C,True,0.9
268,chr4,1022,C/T,True,0.9
269,chr5,17,A/T,True,0.9
270,chrY,552,A/G,True,0.9
271,chr14,1418,G/A,True,0.9
272,chr15,1444,C/T,True,0.9
273,chr3,627,G/C,True,0.9
274,chr16,1360,T/T,True,0.9
275,chr7,878,G/C,True,0.9
276,chr15,1745,A/T,True,0.9
277,chr22,1172,A/T,True,0.9
278,chr17,1995,G/C,True,0.9
279,chr19,1148,C/G,True,0.9
280,chrX,1661,T/G,True,0.9
281,chr13,1209,G/T,True,0.9
282,chrX,514,T/A,True,0.9
283,chr9,1793,C/C,True,0.9
284,chr5,426,C/G,True,0.9
285,chr16,287,C/G,True,0.9
286,chr2,731,C/C,True,0.9
287,chr14,1582,C/G,True,0.9
288,chr22,580,G/G,True,0.9
289,chr14,234,C/C,True,0.9
290,chr1,392,G/C,True,0.9
291,chr13,265,A/A,True,0.9
292,chr15,1506,C/A,True,0.9
293,chr14,1307,T/A,True,0.9
294,chr4,902,T/G,True,0.9
295,chr9,1902,A/T,True,0.9
296,chr3,532,T/C,True,0.9
297,chr21,1781,C/G,True,0.9
298,chr5,94,G/T,True,0.9
299,chr14,165,T/A,True,0.9
300,chr17,1765,C/T,True,0.9
301,chr7,1555,C/A,True,0.9
302,chr10,471,T/C,True,0.9
303,chrX,1658,G/A,True,0.9
304,chr1,497,C/A,True,0.9
305,chr7,272,T/A,True,0.9
306,chr3,259,C/T,True,0.9
307,chr15,600,G/G,True,0.9
308,chr1,459,G/G,True,0.9
309,chr14,825,A/C,True,0.9
310,chr10,1587,A/G,True,0.9
311,chr8,623,G/A,True,0.9
312,chrY,458,T/A,True,0.9
313,chr16,35,A/T,True,0.9
314,chr8,1915,C/C,True,0.9
315,chr10,411,A/G,True,0.9
316,chr18,1669,G/A,True,0.9
317,chr14,1024,A/T,True,0.9
318,chr10,147,A/G,True,0.9
319,chr2,1981,C/G,True,0.9
320,chr11,1163,A/A,True,0.9
321,chr10,1527,T/G,True,0.9
322,chr12,762,A/T,True,0.9
323,chr1,1950,T/C,True,0.9
324,chr10,823,T/A,True,0.9
325,chr17,1001,G/A,True,0.9
326,chr18,1368,G/G,True,0.9
327,chr16,545,A/G,True,0.9
328,chr4,1056,C/C,True,0.9
329,chr14,1474,T/G,True,0.9
330,chr20,729,G/T,True,0.9
331,chr2,201,G/A,True,0.9
332,chr7,1683,G/G,True,0.9
333,chr10,1134,C/A,True,0.9
334,chr2,1806,A/G,True,0.9
335,chr9,1656,G/C,True,0.9
336,chr22,1237,A/A,True,0.9
337,chr11,494,G/T,True,0.9
338,chr14,1227,C/C,True,0.9
339,chr2,1604,G/G,True,0.9
340,chrY,1812,A/A,True,0.9
341,chr7,1771,T/G,True,0.9
342,chr6,1961,G/A,True,0.9
343,chr6,333,A/G,True,0.9
344,chr4,873,T/A,True,0.9
345,chr18,878,T/A,True,0.9
346,chr19,1801,C/A,True,0.9
347,chr1,1466,C/T,True,0.9
348,chr3,770,G/C,True,0.9
349,chr11,1308,G/C,True,0.9
350,chr20,1512,C/A,True,0.9
351,chr1,1495,A/A,True,0.9
352,chr11,947,A/T,True,0.9
353,chr21,242,G/G,True,0.9
354,chr21,494,T/C,True,0.9
355,chr8,480,T/A,True,0.9
356,chrY,1636,C/T,True,0.9
357,chr19,1981,A/G,True,0.9
358,chr14,497,G/T,True,0.9
359,chr7,694,C/A,True,0.9
360,chr7,1556,A/G,True,0.9
361,chr3,1352,C/C,True,0.9
362,chrX,173,A/T,True,0.9
363,chr18,862,A/T,True,0.9
364,chr18,1337,G/T,True,0.9
365,chr22,444,T/G,True,0.9
366,chr9,136,C/C,True,0.9
367,chr3,1625,C/G,True,0.9
368,chr4,679,G/G,True,0.9
369,chr16,495,A/C,True,0.9
370,chr7,1407,C/A,True,0.9
371,chr19,1643,T/T,True,0.9
372,chr17,572,T/A,True,0.9
373,chr8,771,C/G,True,0.9
374,chr5,1579,T/C,True,0.9
375,chr11,1589,T/C,True,0.9
376,chr2,1399,T/G,True,0.9
377,chr9,1363,A/C,True,0.9
378,chrY,372,G/C,True,0.9
379,chr20,959,C/G,True,0.9
380,chr8,1159,G/A,True,0.9
381,chr4,1079,G/A,True,0.9
382,chrY,1430,T/A,True,0.9
383,chr9,1153,G/C,True,0.9
384,chr19,1253,C/T,True,0.9
385,chr11,904,T/T,True,0.9
386,chr2,1848,C/A,True,0.9
387,chr20,1270,A/A,True,0.9
388,chr16,421,C/G,True,0.9
389,chr1,266,A/T,True,0.9
390,chr9,1029,G/G,True,0.9
391,chr17,371,G/T,True,0.9
392,chr19,1458,G/G,True,0.9
393,chr1,9,G/C,True,0.9
394,chr9,1241,C/C,True,0.9
395,chr12,333,T/G,True,0.9
396,chr13,1365,C/C,True,0.9
397,chr15,362,G/T,True,0.9
398,chr1,1271,G/A,True,0.9
399,chr19,767,A/T,True,0.9
400,chr2,989,C/C,True,0.9
401,chr7,784,A/T,True,0.9
402,chr2,555,T/G,True,0.9
403,chr17,1160,T/C,True,0.9
404,chr13,701,T/G,True,0.9
405,chr7,1849,T/C,True,0.9
406,chr12,1205,G/G,True,0.9
407,chr5,666,A/T,True,0.9
408,chr10,1620,C/C,True,0.9
409,chrY,1275,A/A,True,0.9
410,chr4,447,T/T,True,0.9
411,chr18,1831,A/A,True,0.9
412,chr22,1084,T/G,True,0.9
413,chrY,39,A/C,True,0.9
414,chr3,1239,C/T,True,0.9
415,chr17,77,T/A,True,0.9
416,chr3,640,T/G,True,0.9
417,chr16,740,G/C,True,0.9
418,chr13,1019,C/A,True,0.9
419,chr6,1857,G/C,True,0.9
420,chr1,1727,A/C,True,0.9
421,chr18,1269,A/G,True,0.9
422,chr12,1095,C/T,True,0.9
423,chr21,1091,A/G,True,0.9
424,chr9,468,A/C,True,0.9
425,chr19,515,T/C,True,0.9
426,chr10,189,A/T,True,0.9
427,chr19,1000,A/A,True,0.9
428,chr1,570,A/T,True,0.9
429,chr16,1352,G/A,True,0.9
430,chr6,228,G/A,True,0.9
431,chr19,380,G/A,True,0.9
432,chr3,1931,C/G,True,0.9
433,chr1,857,C/T,True,0.9
434,chr17,1710,G/T,True,0.9
435,chr12,684,A/G,True,0.9
436,chr6,1876,C/C,True,0.9
437,chrY,1617,T/T,True,0.9
438,chr3,414,A/C,True,0.9
439,chr10,1231,A/C,True,0.9
440,chr11,1415,A/C,True,0.9
441,chr3,917,A/A,True,0.9
442,chr1,954,T/G,True,0.9
443,chr7,479,C/T,True,0.9
444,chr12,236,A/G,True,0.9
445,chr12,84,A/T,True,0.9
446,chr4,29,T/G,True,0.9
447,chr4,1690,A/G,True,0.9
448,chrY,1909,T/A,True,0.9
449,chr21,1913,C/A,True,0.9
450,chrX,1033,C/T,True,0.9
451,chr14,1534,G/C,True,0.9
452,chr3,1519,T/G,True,0.9
453,chr16,527,C/G,True,0.9
454,chr7,332,A/T,True,0.9
455,chrY,1857,T/T,True,0.9
456,chr13,334,G/C,True,0.9
457,chrX,1892,C/A,True,0.9
458,chr15,690,A/T,True,0.9
459,chr21,1381,T/T,True,0.9
460,chr22,1554,G/C,True,0.9
461,chr12,1870,A/G,True,0.9
462,chr22,73,A/C,True,0.9
463,chr12,241,G/A,True,0.9
464,chr1,237,A/A,True,0.9
465,chr10,1927,C/G,True,0.9
466,chr18,970,T/G,True,0.9
467,chr22,235,T/C,True,0.9
468,chr4,1527,C/A,True,0.9
469,chr15,1206,T/G,True,0.9
470,chr7,1566,C/C,True,0.9
471,chr18,1918,G/A,True,0.9
472,chr22,86,C/A,True,0.9
473,chr4,1437,A/C,True,0.9
474,chr14,1957,T/C,True,0.9
475,chr7,1767,T/T,True,0.9
476,chr22,1815,A/C,True,0.9
477,chr5,836,C/A,True,0.9
478,chr8,655,C/T,True,0.9
479,chr12,863,T/A,True,0.9
480,chr14,327,T/A,True,0.9
481,chr13,189,G/T,True,0.9
482,chr9,977,G/G,True,0.9
483,chr13,734,C/T,True,0.9
484,chr11,728,A/C,True,0.9
485,chr3,502,A/A,True,0.9
486,chr15,544,A/C,True,0.9
487,chr6,954,T/T,True,0.9
488,chr2,128,C/C,True,0.9
489,chr22,1844,G/T,True,0.9
490,chr17,1899,T/G,True,0.9
491,chr22,1679,G/G,True,0.9
492,chr12,763,G/C,True,0.9
493,chr5,893,C/T,True,0.9
494,chr16,72,C/T,True,0.9
495,chr8,1276,A/T,True,0.9
496,chrY,618,C/C,True,0.9
497,chr6,1584,C/C,True,0.9
498,chr1,818,A/G,True,0.9
499,chr6,308,C/T,True,0.9
500,chr21,1733,A/C,True,0.9
501,chr17,10,A/A,True,0.9
502,chr15,392,G/C,True,0.9
