,CHROMOSOME,pos,mut,is_ok,approved_ratio
0,chr18,1597,G/A,True,0.9
1,chr10,409,C/C,True,0.9
2,chr17,1854,G/A,True,0.9
3,chr11,1682,G/A,True,0.9
4,chr2,501,C/T,True,0.9
5,chrX,1095,T/G,True,0.9
6,chr15,763,G/A,True,0.9
7,chr6,1831,G/G,True,0.9
8,chrX,395,T/A,True,0.9
9,chr18,624,G/T,True,0.9
10,chr13,511,C/T,True,0.9
11,chr4,1796,A/C,True,0.9
12,chr7,1901,A/G,True,0.9
13,chr11,677,T/T,True,0.9
14,chr21,361,G/C,True,0.9
15,chr14,154,G/G,True,0.9
16,chr22,1804,G/C,True,0.9
17,chr6,1899,A/G,True,0.9
18,chrX,1815,A/C,True,0.9
19,chr15,1346,A/G,True,0.9
20,chr16,1572,G/A,True,0.9
21,chr16,1750,A/C,True,0.9
22,chr9,142,T/T,True,0.9
23,chr18,81,G/T,True,0.9
24,chr19,1015,G/A,True,0.9
25,chr11,1259,A/T,True,0.9
26,chr1,1206,A/T,True,0.9
27,chr7,1540,G/G,True,0.9
28,chr14,825,T/G,True,0.9
29,chr22,1533,A/G,True,0.9
30,chr11,1642,T/C,True,0.9
31,chr11,814,G/T,True,0.9
32,chr10,1176,C/G,True,0.9
33,chr22,1962,T/G,True,0.9
34,chr2,1679,C/T,True,0.9
35,chr6,377,T/T,True,0.9
36,chr17,1347,C/C,True,0.9
37,chr10,1448,T/T,True,0.9
38,chr15,569,G/T,True,0.9
39,chr3,1808,G/C,True,0.9
40,chr14,212,C/T,True,0.9
41,chr11,609,G/T,True,0.9
42,chr4,1506,A/G,True,0.9
43,chr12,1634,G/C,True,0.9
44,chr15,737,T/G,True,0.9
45,chrY,123,G/C,True,0.9
46,chr4,836,T/A,True,0.9
47,chrY,1935,C/G,True,0.9
48,chr9,233,C/G,True,0.9
49,chrY,588,A/C,True,0.9
50,chr16,1246,T/C,True,0.9
51,chr1,1522,T/C,True,0.9
52,chr18,608,T/C,True,0.9
53,chr15,1354,G/G,True,0.9
54,chr4,693,A/T,True,0.9
55,chr22,201,T/G,True,0.9
56,chrY,782,G/C,True,0.9
57,chr22,1350,C/C,True,0.9
58,chr6,227,A/A,True,0.9
59,chr19,1433,G/G,True,0.9
60,chrY,1669,C/A,True,0.9
61,chr14,400,C/A,True,0.9
62,chr12,1247,A/G,True,0.9
63,chr13,1608,T/C,True,0.9
64,chr9,1341,A/G,True,0.9
65,chr10,1942,G/T,True,0.9
66,chrX,362,G/A,True,0.9
67,chr10,1486,A/C,True,0.9
68,chr7,1854,C/A,True,0.9
69,chr10,910,C/C,True,0.9
70,chr6,1398,A/A,True,0.9
71,chr2,349,T/G,True,0.9
72,chr16,1372,G/A,True,0.9
73,chr1,1298,A/A,True,0.9
74,chr17,1364,C/C,True,0.9
75,chr19,420,G/T,True,0.9
76,chr10,37,A/T,True,0.9
77,chr15,143,A/C,True,0.9
78,chr7,896,C/G,True,0.9
79,chr8,72,T/A,True,0.9
80,chr7,434,C/T,True,0.9
81,chr9,1726,A/T,True,0.9
82,chr5,590,T/A,True,0.9
83,chr16,1137,G/C,True,0.9
84,chr12,957,A/T,True,0.9
85,chr1,1549,C/G,True,0.9
86,chr10,1898,G/T,True,0.9
87,chr20,1677,A/T,True,0.9
88,chr15,818,C/T,True,0.9
89,chr16,585,A/C,True,0.9
90,chrX,1954,T/A,True,0.9
91,chr5,1965,G/A,True,0.9
92,chr1,1429,T/C,True,0.9
93,chrX,1594,G/G,True,0.9
94,chr14,821,C/G,True,0.9
95,chr12,442,C/G,True,0.9
96,chr1,256,A/A,True,0.9
97,chr6,1012,A/T,True,0.9
98,chr6,1270,A/G,True,0.9
99,chr5,1392,G/C,True,0.9
100,chr12,1692,C/G,True,0.9
101,chr14,130,T/T,True,0.9
102,chr13,1424,C/T,True,0.9
103,chr5,668,A/T,True,0.9
104,chr8,1502,A/T,True,0.9
105,chr8,1272,G/G,True,0.9
106,chr13,1345,A/C,True,0.9
107,chr18,830,T/A,True,0.9
108,chr22,897,C/A,True,0.9
109,chr6,565,T/G,True,0.9
110,chr20,1746,G/G,True,0.9
111,chr19,568,T/G,True,0.9
112,chr6,1265,C/C,True,0.9
113,chr20,56,A/C,True,0.9
114,chr13,1582,G/C,True,0.9
115,chr1,1633,G/G,True,0.9
116,chr22,441,C/T,True,0.9
117,chr22,35,C/G,True,0.9
118,chr16,884,A/G,True,0.9
119,chr4,1945,A/C,True,0.9
120,chr12,945,A/T,True,0.9
121,chr21,1034,A/T,True,0.9
122,chrX,1417,G/T,True,0.9
123,chr15,385,C/T,True,0.9
124,chr21,628,A/A,True,0.9
125,chr3,520,A/A,True,0.9
126,chr14,726,C/A,True,0.9
127,chr1,765,C/A,True,0.9
128,chr11,141,C/C,True,0.9
129,chr22,1291,T/G,True,0.9
130,chr9,1133,C/C,True,0.9
131,chr18,1453,A/A,True,0.9
132,chr18,121,C/G,True,0.9
133,chr9,1510,C/A,True,0.9
134,chr10,1685,G/T,True,0.9
135,chr8,499,G/G,True,0.9
136,chr21,471,C/A,True,0.9
137,chr8,1843,A/G,True,0.9
138,chrX,539,C/C,True,0.9
139,chr3,462,G/C,True,0.9
140,chr12,1070,T/G,True,0.9
141,chr4,299,C/C,True,0.9
142,chr11,1119,A/G,True,0.9
143,chr4,1914,G/G,True,0.9
144,chr3,157,T/C,True,0.9
145,chr2,30,T/T,True,0.9
146,chr13,1781,A/A,True,0.9
147,chr15,108,T/G,True,0.9
148,chr6,1493,G/C,True,0.9
149,chr13,1416,T/G,True,0.9
150,chr11,1404,A/A,True,0.9
151,chr3,1797,C/A,True,0.9
152,chr1,1416,C/A,True,0.9
153,chr9,1629,C/C,True,0.9
154,chr7,746,C/G,True,0.9
155,chr17,566,C/C,True,0.9
156,chrX,403,T/A,True,0.9
157,chr19,756,T/T,True,0.9
158,chr1,1007,A/T,True,0.9
159,chr14,1378,G/A,True,0.9
160,chr12,1539,A/T,True,0.9
161,chr4,1399,A/T,True,0.9
162,chr14,1054,G/C,True,0.9
163,chr1,525,A/G,True,0.9
164,chr11,1605,G/T,True,0.9
165,chr5,644,C/G,True,0.9
166,chr8,1719,A/A,True,0.9
167,chr11,1386,T/C,True,0.9
168,chr6,350,C/A,True,0.9
169,chr5,1551,C/G,True,0.9
170,chr11,1335,T/G,True,0.9
171,chr7,580,G/T,True,0.9
172,chr6,683,C/G,True,0.9
173,chr22,413,G/C,True,0.9
174,chr22,179,T/G,True,0.9
175,chr9,1707,C/A,True,0.9
176,chr14,92,G/C,True,0.9
177,chr13,267,T/G,True,0.9
178,chr22,653,C/T,True,0.9
179,chrX,532,T/G,True,0.9
180,chr22,1848,C/A,True,0.9
181,chr16,1293,A/G,True,0.9
182,chr15,281,C/T,True,0.9
183,chr16,1179,A/G,True,0.9
184,chr11,534,G/T,True,0.9
185,chr13,1795,G/T,True,0.9
186,chr16,1879,A/G,True,0.9
187,chr21,839,T/C,True,0.9
188,chr21,1169,T/A,True,0.9
189,chr20,1442,C/G,True,0.9
190,chr21,679,G/C,True,0.9
191,chr6,500,G/G,True,0.9
192,chrY,412,A/A,True,0.9
193,chr7,1146,T/T,True,0.9
194,chr6,458,T/G,True,0.9
195,chr16,1503,T/G,True,0.9
196,chr16,1695,C/A,True,0.9
197,chr19,257,C/A,True,0.9
198,chr8,698,G/G,True,0.9
199,chr15,341,A/G,True,0.9
200,chr19,1174,G/A,True,0.9
201,chr10,1794,C/T,True,0.9
202,chr8,1546,A/T,True,0.9
203,chr4,825,A/A,True,0.9
204,chr18,762,G/A,True,0.9
205,chr7,620,C/G,True,0.9
206,chr17,301,T/G,True,0.9
207,chr12,508,T/G,True,0.9
208,chr5,1245,C/G,True,0.9
209,chr20,1292,A/C,True,0.9
210,chr1,326,A/G,True,0.9
211,chr2,1630,T/T,True,0.9
212,chr8,1284,T/A,True,0.9
213,chr9,567,C/A,True,0.9
214,chrX,1409,T/T,True,0.9
215,chr11,822,A/T,True,0.9
216,chr2,459,C/G,True,0.9
217,chr13,1421,A/G,True,0.9
218,chr19,1360,C/T,True,0.9
219,chr1,841,A/A,True,0.9
220,chr10,1701,G/T,True,0.9
221,chr7,337,A/A,True,0.9
222,chr12,1234,C/T,True,0.9
223,chr17,540,C/G,True,0.9
224,chr12,352,T/T,True,0.9
225,chr7,12,C/C,True,0.9
226,chr4,962,T/G,True,0.9
227,chr7,250,A/A,True,0.9
228,chr15,1673,C/G,True,0.9
229,chr19,1423,C/G,True,0.9
230,chr17,837,C/G,True,0.9
231,chr22,1203,G/T,True,0.9
232,chr18,1368,A/C,True,0.9
233,chr21,1869,G/G,True,0.9
234,chr11,1763,G/G,True,0.9
235,chr15,80,A/T,True,0.9
236,chr7,685,G/C,True,0.9
237,chr7,1864,T/A,True,0.9
238,chr10,1584,T/T,True,0.9
239,chr4,734,G/C,True,0.9
240,chr17,646,A/A,True,0.9
241,chrX,214,C/C,True,0.9
242,chr13,411,G/T,True,0.9
243,chrX,576,T/C,True,0.9
244,chr20,405,A/A,True,0.9
245,chr10,793,T/G,True,0.9
246,chr2,1651,T/C,True,0.9
247,chr17,71,C/T,True,0.9
248,chr9,1413,T/G,True,0.9
249,chr4,1875,C/T,True,0.9
250,chr2,308,G/T,True,0.9
251,chr17,538,A/C,True,0.9
252,chr16,123,C/C,True,0.9
253,chr22,258,C/C,True,0.9
254,chr3,1360,C/T,True,0.9
255,chr14,1083,C/T,True,0.9
256,chr11,499,C/A,True,0.9
257,chr9,1098,A/A,True,0.9
258,chr15,840,T/T,True,0.9
259,chr19,1972,G/T,True,0.9
260,chr7,964,G/T,True,0.9
261,chr19,410,C/G,True,0.9
262,chr8,1204,T/C,True,0.9
263,chr9,70,A/A,True,0.9
264,chr7,1671,T/A,True,0.9
265,chr16,1543,A/G,True,0.9
266,chr19,307,T/A,True,0.9
267,chr12,656,T/A,True,0.9
268,chr13,677,G/G,True,0.9
269,chr15,1626,G/C,True,0.9
270,chr20,206,T/A,True,0.9
271,chrX,1731,G/C,True,0.9
272,chrY,552,A/G,True,0.9
273,chr15,1444,C/T,True,0.9
274,chr19,1945,C/A,True,0.9
275,chr3,627,G/C,True,0.9
276,chr5,1229,G/C,True,0.9
277,chr7,1586,A/C,True,0.9
278,chr16,1360,T/T,True,0.9
279,chr7,878,G/C,True,0.9
280,chr18,51,C/T,True,0.9
281,chr15,1745,A/T,True,0.9
282,chr22,1172,A/T,True,0.9
283,chr20,1297,G/T,True,0.9
284,chrX,749,C/A,True,0.9
285,chr16,1168,G/T,True,0.9
286,chr9,776,A/G,True,0.9
287,chr19,1148,C/G,True,0.9
288,chr12,665,A/T,True,0.9
289,chr9,1793,C/C,True,0.9
290,chr15,800,A/T,True,0.9
291,chr2,731,C/C,True,0.9
292,chr14,1582,C/G,True,0.9
293,chr4,939,G/G,True,0.9
294,chr10,1915,T/A,True,0.9
295,chr16,1593,G/A,True,0.9
296,chr9,1714,C/C,True,0.9
297,chr13,265,A/A,True,0.9
298,chr15,1506,C/A,True,0.9
299,chrX,337,C/C,True,0.9
300,chr2,342,C/A,True,0.9
301,chrY,784,T/A,True,0.9
302,chr14,165,T/A,True,0.9
303,chr1,1947,G/T,True,0.9
304,chr11,1207,T/C,True,0.9
305,chr8,230,C/A,True,0.9
306,chr11,1316,A/C,True,0.9
307,chrY,1475,G/C,True,0.9
308,chrX,1658,G/A,True,0.9
309,chr14,1035,A/A,True,0.9
310,chr22,1978,C/G,True,0.9
311,chr1,459,G/G,True,0.9
312,chr18,849,T/G,True,0.9
313,chr12,1572,A/T,True,0.9
314,chr14,825,A/C,True,0.9
315,chr13,849,G/T,True,0.9
316,chr16,483,C/G,True,0.9
317,chr8,623,G/A,True,0.9
318,chr14,1116,C/C,True,0.9
319,chr19,449,T/T,True,0.9
320,chr15,390,G/A,True,0.9
321,chr8,1915,C/C,True,0.9
322,chr10,411,A/G,True,0.9
323,chr18,1669,G/A,True,0.9
324,chr4,1028,A/T,True,0.9
325,chr2,1981,C/G,True,0.9
326,chr12,762,A/T,True,0.9
327,chr1,1950,T/C,True,0.9
328,chr10,823,T/A,True,0.9
329,chr17,1001,G/A,True,0.9
330,chr4,1056,C/C,True,0.9
331,chr19,1156,A/G,True,0.9
332,chr6,392,A/C,True,0.9
333,chr20,729,G/T,True,0.9
334,chr4,658,C/A,True,0.9
335,chr10,1134,C/A,True,0.9
336,chr2,1806,A/G,True,0.9
337,chr9,1656,G/C,True,0.9
338,chr21,1697,G/T,True,0.9
339,chr6,1998,G/G,True,0.9
340,chr11,494,G/T,True,0.9
341,chr6,1067,C/C,True,0.9
342,chr3,567,G/A,True,0.9
343,chrX,246,G/C,True,0.9
344,chr18,226,C/T,True,0.9
345,chr3,1043,A/G,True,0.9
346,chr11,827,A/A,True,0.9
347,chr2,1155,C/T,True,0.9
348,chr7,1771,T/G,True,0.9
349,chr4,873,T/A,True,0.9
350,chr19,1801,C/A,True,0.9
351,chrY,1052,A/T,True,0.9
352,chr5,708,T/C,True,0.9
353,chr20,122,T/T,True,0.9
354,chr14,844,T/C,True,0.9
355,chr1,1466,C/T,True,0.9
356,chrY,1672,A/T,True,0.9
357,chr3,770,G/C,True,0.9
358,chr20,1512,C/A,True,0.9
359,chr20,628,C/T,True,0.9
360,chr8,1693,C/A,True,0.9
361,chr1,1495,A/A,True,0.9
362,chr17,1966,C/A,True,0.9
363,chr8,1630,T/G,True,0.9
364,chr3,351,A/C,True,0.9
365,chr6,457,T/C,True,0.9
366,chr3,165,G/G,True,0.9
367,chr18,1163,T/G,True,0.9
368,chr8,480,T/A,True,0.9
369,chrX,1701,C/C,True,0.9
370,chrY,1636,C/T,True,0.9
371,chr20,129,T/G,True,0.9
372,chr19,1981,A/G,True,0.9
373,chr21,1518,G/G,True,0.9
374,chr14,497,G/T,True,0.9
375,chr1,1281,C/C,True,0.9
376,chr10,1557,G/G,True,0.9
377,chr2,1399,C/A,True,0.9
378,chr12,928,G/G,True,0.9
379,chr18,862,A/T,True,0.9
380,chr18,1337,G/T,True,0.9
381,chr17,1241,C/A,True,0.9
382,chr9,136,C/C,True,0.9
383,chr7,1407,C/A,True,0.9
384,chr4,298,A/T,True,0.9
385,chr9,498,A/A,True,0.9
386,chr19,1643,T/T,True,0.9
387,chr6,711,A/A,True,0.9
388,chr11,1589,T/C,True,0.9
389,chrY,372,G/C,True,0.9
390,chr3,323,G/C,True,0.9
391,chr20,959,C/G,True,0.9
392,chr15,1414,A/T,True,0.9
393,chr4,1079,G/A,True,0.9
394,chr2,1889,G/C,True,0.9
395,chr22,1448,G/T,True,0.9
396,chr9,1153,G/C,True,0.9
397,chr19,1253,C/T,True,0.9
398,chr2,326,T/G,True,0.9
399,chr18,255,T/G,True,0.9
400,chr6,1128,A/A,True,0.9
401,chr3,1899,T/C,True,0.9
402,chr16,421,C/G,True,0.9
403,chr16,1053,G/A,True,0.9
404,chr1,266,A/T,True,0.9
405,chrY,1680,A/C,True,0.9
406,chrY,198,G/G,True,0.9
407,chr9,49,C/C,True,0.9
408,chr7,1327,T/T,True,0.9
409,chr9,1241,C/C,True,0.9
410,chr12,333,T/G,True,0.9
411,chr7,1195,A/G,True,0.9
412,chr8,950,T/C,True,0.9
413,chr9,135,T/G,True,0.9
414,chr14,1523,A/C,True,0.9
415,chr22,1739,G/T,True,0.9
416,chr21,1076,C/G,True,0.9
417,chr17,1160,T/C,True,0.9
418,chr8,583,A/T,True,0.9
419,chr13,701,T/G,True,0.9
420,chr9,428,A/T,True,0.9
421,chr14,1896,A/G,True,0.9
422,chr4,704,C/C,True,0.9
423,chr15,724,A/C,True,0.9
424,chr5,666,A/T,True,0.9
425,chr17,1871,C/A,True,0.9
426,chr4,447,T/T,True,0.9
427,chr7,275,T/G,True,0.9
428,chr14,746,A/T,True,0.9
429,chrY,39,A/C,True,0.9
430,chr22,581,G/A,True,0.9
431,chr3,1239,C/T,True,0.9
432,chr18,1467,G/A,True,0.9
433,chr3,640,T/G,True,0.9
434,chr1,1107,A/C,True,0.9
435,chr6,1720,C/C,True,0.9
436,chrY,1610,T/T,True,0.9
437,chr18,1269,A/G,True,0.9
438,chr12,1095,C/T,True,0.9
439,chr10,189,A/T,True,0.9
440,chr18,77,T/C,True,0.9
441,chr17,558,A/A,True,0.9
442,chr15,1369,G/A,True,0.9
443,chr19,380,G/A,True,0.9
444,chr3,1931,C/G,True,0.9
445,chr6,1876,C/C,True,0.9
446,chr5,1031,G/G,True,0.9
447,chr17,1226,G/C,True,0.9
448,chr12,84,A/T,True,0.9
449,chr7,492,T/T,True,0.9
450,chr4,1690,A/G,True,0.9
451,chr21,1910,G/C,True,0.9
452,chrX,1033,C/T,True,0.9
453,chr16,527,C/G,True,0.9
454,chrX,1892,C/A,True,0.9
455,chr4,1994,C/A,True,0.9
456,chr15,690,A/T,True,0.9
457,chr21,1381,T/T,True,0.9
458,chr12,361,G/A,True,0.9
459,chr12,1870,A/G,True,0.9
460,chr11,1226,A/T,True,0.9
461,chr22,73,A/C,True,0.9
462,chr1,483,C/G,True,0.9
463,chr8,1649,T/C,True,0.9
464,chr1,237,A/A,True,0.9
465,chr10,1836,C/T,True,0.9
466,chr10,1927,C/G,True,0.9
467,chr14,1467,C/A,True,0.9
468,chr16,338,C/C,True,0.9
469,chr22,235,T/C,True,0.9
470,chr1,1723,C/T,True,0.9
471,chr15,1206,T/G,True,0.9
472,chr2,1334,G/C,True,0.9
473,chr8,1244,A/A,True,0.9
474,chr7,1566,C/C,True,0.9
475,chr8,1293,A/A,True,0.9
476,chr17,1685,A/C,True,0.9
477,chr18,1918,G/A,True,0.9
478,chr4,1437,A/C,True,0.9
479,chr17,1986,T/A,True,0.9
480,chr1,1172,T/C,True,0.9
481,chr20,685,A/C,True,0.9
482,chr7,1767,T/T,True,0.9
483,chr22,1815,A/C,True,0.9
484,chr11,848,A/T,True,0.9
485,chr22,1553,G/C,True,0.9
486,chr18,527,T/G,True,0.9
487,chr20,13,A/T,True,0.9
488,chr12,863,T/A,True,0.9
489,chr6,1829,C/G,True,0.9
490,chr7,1623,G/C,True,0.9
491,chr13,599,A/C,True,0.9
492,chrY,1762,G/T,True,0.9
493,chr11,728,A/C,True,0.9
494,chr19,1472,G/C,True,0.9
495,chr22,1590,A/C,True,0.9
496,chr2,128,C/C,True,0.9
497,chr17,62,C/T,True,0.9
498,chr2,1356,A/T,True,0.9
499,chr6,1022,C/T,True,0.9
500,chr6,133,C/G,True,0.9
501,chr10,1080,G/C,True,0.9
502,chr13,1445,G/T,True,0.9
503,chr22,268,T/G,True,0.9
504,chr15,670,T/T,True,0.9
505,chr1,64,C/A,True,0.9
506,chr17,10,A/A,True,0.9
