,CHROMOSOME,pos,mut,is_ok,approved_ratio
0,chr18,1597,G/A,True,0.9
1,chr19,249,T/G,True,0.9
2,chr17,1854,G/A,True,0.9
3,chr11,1748,C/A,True,0.9
4,chr6,1360,A/A,True,0.9
5,chr6,1031,T/T,True,0.9
6,chr7,430,G/T,True,0.9
7,chrX,395,T/A,True,0.9
8,chr16,308,A/G,True,0.9
9,chr8,1426,C/T,True,0.9
10,chr7,1901,A/G,True,0.9
11,chr13,1823,A/C,True,0.9
12,chrY,852,C/T,True,0.9
13,chrY,809,T/G,True,0.9
14,chrY,1261,A/C,True,0.9
15,chrX,1102,T/G,True,0.9
16,chr14,1900,C/C,True,0.9
17,chr14,215,A/T,True,0.9
18,chr6,1899,A/G,True,0.9
19,chr8,630,C/G,True,0.9
20,chr15,1346,A/G,True,0.9
21,chr16,1572,G/A,True,0.9
22,chr16,1750,A/C,True,0.9
23,chr3,200,G/A,True,0.9
24,chr18,871,T/G,True,0.9
25,chr21,324,C/A,True,0.9
26,chr7,1540,G/G,True,0.9
27,chr6,1644,T/A,True,0.9
28,chrY,1230,A/G,True,0.9
29,chr4,1203,A/G,True,0.9
30,chr11,1642,T/C,True,0.9
31,chr4,528,C/A,True,0.9
32,chr6,1710,C/A,True,0.9
33,chr7,1361,C/T,True,0.9
34,chr10,1176,C/G,True,0.9
35,chr4,438,T/T,True,0.9
36,chr6,377,T/T,True,0.9
37,chr17,1347,C/C,True,0.9
38,chr11,1201,G/C,True,0.9
39,chr15,569,G/T,True,0.9
40,chr14,819,A/G,True,0.9
41,chr2,1058,G/T,True,0.9
42,chr11,609,G/T,True,0.9
43,chrY,1420,A/C,True,0.9
44,chr8,1589,T/A,True,0.9
45,chr12,1634,G/C,True,0.9
46,chr7,1849,A/T,True,0.9
47,chr20,626,G/C,True,0.9
48,chr9,501,C/C,True,0.9
49,chr11,1971,C/T,True,0.9
50,chrY,123,G/C,True,0.9
51,chr9,456,C/A,True,0.9
52,chr14,532,A/G,True,0.9
53,chr2,1902,C/T,True,0.9
54,chr2,1618,C/C,True,0.9
55,chr19,1203,A/C,True,0.9
56,chr12,966,T/T,True,0.9
57,chr11,477,A/C,True,0.9
58,chr22,1874,A/A,True,0.9
59,chrX,1943,A/C,True,0.9
60,chr12,1577,G/C,True,0.9
61,chrY,1638,A/A,True,0.9
62,chr16,1246,T/C,True,0.9
63,chr1,1522,T/C,True,0.9
64,chr18,608,T/C,True,0.9
65,chr15,1354,G/G,True,0.9
66,chr4,693,A/T,True,0.9
67,chr1,26,A/A,True,0.9
68,chr6,227,A/A,True,0.9
69,chr9,1786,G/A,True,0.9
70,chr14,400,C/A,True,0.9
71,chr6,1620,C/C,True,0.9
72,chr9,1341,A/G,True,0.9
73,chr10,1942,G/T,True,0.9
74,chr19,1607,T/G,True,0.9
75,chr7,227,A/A,True,0.9
76,chr11,788,C/A,True,0.9
77,chr5,666,T/G,True,0.9
78,chr7,916,G/T,True,0.9
79,chr22,1153,A/G,True,0.9
80,chr10,881,C/T,True,0.9
81,chr9,1717,T/A,True,0.9
82,chr16,1372,G/A,True,0.9
83,chr1,986,C/T,True,0.9
84,chr19,420,G/T,True,0.9
85,chr7,896,C/G,True,0.9
86,chr8,72,T/A,True,0.9
87,chr12,509,T/T,True,0.9
88,chr12,1673,T/C,True,0.9
89,chr3,830,C/A,True,0.9
90,chr2,1440,G/G,True,0.9
91,chr1,1549,C/G,True,0.9
92,chr10,1898,G/T,True,0.9
93,chr15,818,C/T,True,0.9
94,chr11,102,C/T,True,0.9
95,chr12,690,T/T,True,0.9
96,chr18,99,G/C,True,0.9
97,chr1,1914,G/T,True,0.9
98,chr6,1270,A/G,True,0.9
99,chr15,435,C/T,True,0.9
100,chr5,1522,G/C,True,0.9
101,chr12,1692,C/G,True,0.9
102,chr13,1424,C/T,True,0.9
103,chr21,822,A/C,True,0.9
104,chr5,668,A/T,True,0.9
105,chr22,406,G/C,True,0.9
106,chr13,709,A/A,True,0.9
107,chr18,830,T/A,True,0.9
108,chr22,897,C/A,True,0.9
109,chr6,565,T/G,True,0.9
110,chr15,838,C/G,True,0.9
111,chr13,1582,G/C,True,0.9
112,chr11,1081,C/G,True,0.9
113,chr22,441,C/T,True,0.9
114,chr16,893,T/T,True,0.9
115,chrX,842,T/T,True,0.9
116,chr5,771,G/A,True,0.9
117,chr2,1833,A/A,True,0.9
118,chr4,1945,A/C,True,0.9
119,chrX,1767,A/C,True,0.9
120,chr14,829,A/G,True,0.9
121,chr12,130,G/G,True,0.9
122,chr6,821,C/G,True,0.9
123,chr6,272,T/A,True,0.9
124,chr1,765,C/A,True,0.9
125,chr11,57,C/G,True,0.9
126,chr15,1986,A/C,True,0.9
127,chr22,1291,T/G,True,0.9
128,chr2,699,G/G,True,0.9
129,chr18,1453,A/A,True,0.9
130,chr8,499,G/G,True,0.9
131,chr6,279,T/C,True,0.9
132,chr8,1843,A/G,True,0.9
133,chr7,1718,A/A,True,0.9
134,chrX,539,C/C,True,0.9
135,chr14,1831,A/T,True,0.9
136,chr21,166,T/A,True,0.9
137,chr6,1810,G/G,True,0.9
138,chr10,311,T/C,True,0.9
139,chr3,462,G/C,True,0.9
140,chr11,1119,A/G,True,0.9
141,chr2,30,T/T,True,0.9
142,chr13,1781,A/A,True,0.9
143,chr19,88,T/T,True,0.9
144,chr6,1493,G/C,True,0.9
145,chr15,1064,G/T,True,0.9
146,chr13,1416,T/G,True,0.9
147,chr13,1620,G/C,True,0.9
148,chr10,1785,A/A,True,0.9
149,chr1,1416,C/A,True,0.9
150,chr9,1629,C/C,True,0.9
151,chr10,1404,C/G,True,0.9
152,chr13,110,A/G,True,0.9
153,chr7,746,C/G,True,0.9
154,chr7,658,C/G,True,0.9
155,chr17,566,C/C,True,0.9
156,chr2,503,C/C,True,0.9
157,chr21,1454,G/C,True,0.9
158,chr19,427,C/G,True,0.9
159,chr19,756,T/T,True,0.9
160,chr21,104,A/A,True,0.9
161,chr5,2,A/G,True,0.9
162,chr17,110,G/C,True,0.9
163,chr1,525,A/G,True,0.9
164,chr11,1386,T/C,True,0.9
165,chr6,350,C/A,True,0.9
166,chr18,480,C/G,True,0.9
167,chr6,683,C/G,True,0.9
168,chr22,413,G/C,True,0.9
169,chr22,179,T/G,True,0.9
170,chr16,1605,A/C,True,0.9
171,chr9,1707,C/A,True,0.9
172,chr15,1347,T/C,True,0.9
173,chr13,1407,T/G,True,0.9
174,chr20,489,C/T,True,0.9
175,chr2,104,C/C,True,0.9
176,chr11,798,G/G,True,0.9
177,chr3,280,G/C,True,0.9
178,chr2,385,G/T,True,0.9
179,chrX,532,T/G,True,0.9
180,chr15,281,C/T,True,0.9
181,chr3,1553,T/T,True,0.9
182,chr16,1179,A/G,True,0.9
183,chr13,1795,G/T,True,0.9
184,chr21,773,C/C,True,0.9
185,chr16,1879,A/G,True,0.9
186,chr13,663,A/A,True,0.9
187,chr18,371,G/G,True,0.9
188,chr21,1169,T/A,True,0.9
189,chr7,454,G/C,True,0.9
190,chr11,510,T/G,True,0.9
191,chr6,500,G/G,True,0.9
192,chr14,1956,G/T,True,0.9
193,chrY,151,T/G,True,0.9
194,chr19,257,C/A,True,0.9
195,chr8,473,T/C,True,0.9
196,chr9,1962,T/C,True,0.9
197,chr8,698,G/G,True,0.9
198,chr15,349,G/T,True,0.9
199,chr19,1174,G/A,True,0.9
200,chr10,1794,C/T,True,0.9
201,chr16,619,T/C,True,0.9
202,chr4,1854,G/A,True,0.9
203,chr18,1703,T/A,True,0.9
204,chr10,394,T/G,True,0.9
205,chr5,1451,G/A,True,0.9
206,chr8,1546,A/T,True,0.9
207,chr4,825,A/A,True,0.9
208,chr7,620,C/G,True,0.9
209,chr3,601,A/G,True,0.9
210,chr6,63,C/A,True,0.9
211,chr17,301,T/G,True,0.9
212,chr22,1861,A/C,True,0.9
213,chr10,460,C/G,True,0.9
214,chr20,1292,A/C,True,0.9
215,chr8,735,G/T,True,0.9
216,chr22,1239,T/A,True,0.9
217,chr1,1891,C/A,True,0.9
218,chr1,93,T/T,True,0.9
219,chr9,219,T/A,True,0.9
220,chr13,1056,T/C,True,0.9
221,chr1,326,A/G,True,0.9
222,chr2,1630,T/T,True,0.9
223,chr2,980,G/G,True,0.9
224,chr9,567,C/A,True,0.9
225,chr15,1435,C/T,True,0.9
226,chr4,1550,C/C,True,0.9
227,chr3,1785,G/T,True,0.9
228,chr2,459,C/G,True,0.9
229,chr4,1703,G/A,True,0.9
230,chr1,841,A/A,True,0.9
231,chr12,1234,C/T,True,0.9
232,chr17,540,C/G,True,0.9
233,chr16,387,C/C,True,0.9
234,chr2,1039,G/G,True,0.9
235,chr2,222,C/G,True,0.9
236,chr4,962,T/G,True,0.9
237,chr15,1673,C/G,True,0.9
238,chr22,1203,G/T,True,0.9
239,chr20,1919,C/G,True,0.9
240,chr18,129,T/T,True,0.9
241,chr18,1368,A/C,True,0.9
242,chr7,805,G/A,True,0.9
243,chr21,1869,G/G,True,0.9
244,chr21,848,T/C,True,0.9
245,chr9,1112,A/C,True,0.9
246,chr11,1763,G/G,True,0.9
247,chr22,1122,A/G,True,0.9
248,chr18,1524,G/G,True,0.9
249,chr2,371,T/C,True,0.9
250,chr5,1466,A/G,True,0.9
251,chrX,214,C/C,True,0.9
252,chr17,734,C/A,True,0.9
253,chr13,411,G/T,True,0.9
254,chr1,788,A/T,True,0.9
255,chr2,308,G/T,True,0.9
256,chr17,1495,C/C,True,0.9
257,chr5,68,A/A,True,0.9
258,chr22,258,C/C,True,0.9
259,chr6,1588,A/G,True,0.9
260,chr4,1768,C/T,True,0.9
261,chr19,79,C/G,True,0.9
262,chr12,947,T/C,True,0.9
263,chrY,465,A/A,True,0.9
264,chr3,1874,C/C,True,0.9
265,chr9,1098,A/A,True,0.9
266,chr14,157,A/G,True,0.9
267,chr16,310,G/G,True,0.9
268,chrY,276,T/C,True,0.9
269,chr2,1357,G/A,True,0.9
270,chr8,1204,T/C,True,0.9
271,chrY,1687,T/T,True,0.9
272,chr11,412,C/G,True,0.9
273,chr8,1940,T/C,True,0.9
274,chr21,820,C/A,True,0.9
275,chr19,307,T/A,True,0.9
276,chr13,107,T/A,True,0.9
277,chr12,656,T/A,True,0.9
278,chr15,1626,G/C,True,0.9
279,chr18,1472,G/A,True,0.9
280,chr20,206,T/A,True,0.9
281,chrX,1731,G/C,True,0.9
282,chr4,1022,C/T,True,0.9
283,chr5,17,A/T,True,0.9
284,chr9,1473,C/A,True,0.9
285,chr20,1484,C/A,True,0.9
286,chr7,1586,A/C,True,0.9
287,chr14,1041,G/C,True,0.9
288,chr9,776,A/G,True,0.9
289,chr19,1148,C/G,True,0.9
290,chr13,1209,G/T,True,0.9
291,chr6,1979,C/C,True,0.9
292,chr7,399,A/C,True,0.9
293,chr9,1793,C/C,True,0.9
294,chr15,740,A/G,True,0.9
295,chr1,1799,T/G,True,0.9
296,chr9,1714,C/C,True,0.9
297,chr8,1126,T/C,True,0.9
298,chr5,744,G/G,True,0.9
299,chr15,1506,C/A,True,0.9
300,chr20,1194,A/C,True,0.9
301,chr9,568,G/T,True,0.9
302,chrY,266,A/C,True,0.9
303,chr14,1580,C/A,True,0.9
304,chrY,784,T/A,True,0.9
305,chr1,1947,G/T,True,0.9
306,chr5,1883,C/T,True,0.9
307,chr18,1396,T/G,True,0.9
308,chr16,1375,T/A,True,0.9
309,chr11,1316,A/C,True,0.9
310,chr7,1555,C/A,True,0.9
311,chr10,471,T/C,True,0.9
312,chr1,497,C/A,True,0.9
313,chr6,1401,A/G,True,0.9
314,chr7,272,T/A,True,0.9
315,chr3,259,C/T,True,0.9
316,chr15,600,G/G,True,0.9
317,chr18,849,T/G,True,0.9
318,chr12,1572,A/T,True,0.9
319,chr22,165,T/C,True,0.9
320,chr16,483,C/G,True,0.9
321,chr10,1297,C/A,True,0.9
322,chr19,449,T/T,True,0.9
323,chr16,35,A/T,True,0.9
324,chr15,390,G/A,True,0.9
325,chr10,147,A/G,True,0.9
326,chr10,1527,T/G,True,0.9
327,chr17,1001,G/A,True,0.9
328,chr7,355,T/G,True,0.9
329,chr19,1156,A/G,True,0.9
330,chr22,1237,A/A,True,0.9
331,chr11,494,G/T,True,0.9
332,chr21,1486,A/C,True,0.9
333,chr14,1227,C/C,True,0.9
334,chr3,567,G/A,True,0.9
335,chr18,226,C/T,True,0.9
336,chr4,1151,T/C,True,0.9
337,chr20,1578,C/A,True,0.9
338,chr2,1155,C/T,True,0.9
339,chr16,880,A/G,True,0.9
340,chrY,973,G/A,True,0.9
341,chr2,1604,G/G,True,0.9
342,chr8,860,T/G,True,0.9
343,chr7,1771,T/G,True,0.9
344,chr5,708,T/C,True,0.9
345,chr14,844,T/C,True,0.9
346,chrY,1672,A/T,True,0.9
347,chr10,1389,G/G,True,0.9
348,chrY,867,G/A,True,0.9
349,chr19,1251,A/T,True,0.9
350,chr17,833,A/T,True,0.9
351,chr1,1495,A/A,True,0.9
352,chr11,947,A/T,True,0.9
353,chr8,1630,T/G,True,0.9
354,chrX,1793,A/G,True,0.9
355,chr3,351,A/C,True,0.9
356,chr18,1163,T/G,True,0.9
357,chr8,480,T/A,True,0.9
358,chrX,1701,C/C,True,0.9
359,chrY,1636,C/T,True,0.9
360,chr20,129,T/G,True,0.9
361,chr11,525,T/A,True,0.9
362,chr14,497,G/T,True,0.9
363,chr1,1281,C/C,True,0.9
364,chr20,29,C/T,True,0.9
365,chr18,1989,C/T,True,0.9
366,chr3,1352,C/C,True,0.9
367,chr19,1607,A/T,True,0.9
368,chr1,1369,G/C,True,0.9
369,chrX,1951,T/G,True,0.9
370,chr9,662,T/C,True,0.9
371,chr17,1241,C/A,True,0.9
372,chr9,136,C/C,True,0.9
373,chr16,495,A/C,True,0.9
374,chr9,498,A/A,True,0.9
375,chr2,1399,T/G,True,0.9
376,chr9,1363,A/C,True,0.9
377,chr3,323,G/C,True,0.9
378,chr22,1448,G/T,True,0.9
379,chr19,1253,C/T,True,0.9
380,chr2,326,T/G,True,0.9
381,chr6,1128,A/A,True,0.9
382,chr17,158,C/T,True,0.9
383,chr17,1435,T/C,True,0.9
384,chrY,1680,A/C,True,0.9
385,chr20,667,T/G,True,0.9
386,chr2,367,A/T,True,0.9
387,chr17,371,G/T,True,0.9
388,chr16,663,T/T,True,0.9
389,chr17,1535,A/C,True,0.9
390,chr10,1914,A/A,True,0.9
391,chr7,1195,A/G,True,0.9
392,chr1,787,C/C,True,0.9
393,chr8,950,T/C,True,0.9
394,chr4,1381,C/A,True,0.9
395,chr8,1684,C/T,True,0.9
396,chr9,135,T/G,True,0.9
397,chr14,1523,A/C,True,0.9
398,chr16,1607,C/A,True,0.9
399,chr19,767,A/T,True,0.9
400,chr8,1478,G/C,True,0.9
401,chr22,1739,G/T,True,0.9
402,chr7,784,A/T,True,0.9
403,chr22,1007,G/A,True,0.9
404,chr9,428,A/T,True,0.9
405,chr10,1487,G/G,True,0.9
406,chr18,1529,C/G,True,0.9
407,chr7,955,T/A,True,0.9
408,chr10,1620,C/C,True,0.9
409,chr7,275,T/G,True,0.9
410,chr22,1084,T/G,True,0.9
411,chr2,1108,A/G,True,0.9
412,chrY,1217,A/T,True,0.9
413,chr3,1239,C/T,True,0.9
414,chr1,249,A/C,True,0.9
415,chr5,1776,G/G,True,0.9
416,chr16,740,G/C,True,0.9
417,chr13,1019,C/A,True,0.9
418,chr15,587,G/T,True,0.9
419,chr16,31,C/T,True,0.9
420,chr5,1572,C/G,True,0.9
421,chr18,1269,A/G,True,0.9
422,chr21,1091,A/G,True,0.9
423,chr9,468,A/C,True,0.9
424,chr21,26,T/A,True,0.9
425,chr3,1252,G/T,True,0.9
426,chr8,1161,C/T,True,0.9
427,chr19,1000,A/A,True,0.9
428,chr6,609,A/T,True,0.9
429,chr6,228,G/A,True,0.9
430,chr3,1931,C/G,True,0.9
431,chr6,1876,C/C,True,0.9
432,chr7,1158,A/A,True,0.9
433,chr13,1749,T/A,True,0.9
434,chr5,1031,G/G,True,0.9
435,chr13,631,T/A,True,0.9
436,chr4,314,A/A,True,0.9
437,chr7,492,T/T,True,0.9
438,chr9,1828,T/C,True,0.9
439,chr4,1474,A/T,True,0.9
440,chr20,765,A/G,True,0.9
441,chr21,1913,C/A,True,0.9
442,chr13,1253,T/A,True,0.9
443,chrY,1857,T/T,True,0.9
444,chr4,1994,C/A,True,0.9
445,chr15,690,A/T,True,0.9
446,chr22,1554,G/C,True,0.9
447,chr22,73,A/C,True,0.9
448,chr15,150,A/C,True,0.9
449,chr8,1649,T/C,True,0.9
450,chr12,241,G/A,True,0.9
451,chr10,1836,C/T,True,0.9
452,chrX,1535,A/T,True,0.9
453,chr18,970,T/G,True,0.9
454,chr16,647,A/A,True,0.9
455,chr16,338,C/C,True,0.9
456,chr14,1266,C/T,True,0.9
457,chr1,205,T/T,True,0.9
458,chr12,1615,A/T,True,0.9
459,chr8,818,G/G,True,0.9
460,chr14,1088,G/C,True,0.9
461,chr1,1445,T/G,True,0.9
462,chr17,971,G/G,True,0.9
463,chr20,637,T/C,True,0.9
464,chr1,1676,C/G,True,0.9
465,chr14,1957,T/C,True,0.9
466,chr17,1986,T/A,True,0.9
467,chr1,1172,T/C,True,0.9
468,chr11,848,A/T,True,0.9
469,chrY,1065,A/C,True,0.9
470,chr4,1432,G/T,True,0.9
471,chr13,1114,G/A,True,0.9
472,chr13,201,G/C,True,0.9
473,chr8,655,C/T,True,0.9
474,chr12,863,T/A,True,0.9
475,chr8,1059,C/C,True,0.9
476,chr13,599,A/C,True,0.9
477,chr14,327,T/A,True,0.9
478,chr18,226,A/A,True,0.9
479,chr13,189,G/T,True,0.9
480,chr9,977,G/G,True,0.9
481,chr20,216,C/A,True,0.9
482,chr15,544,A/C,True,0.9
483,chr19,1962,A/G,True,0.9
484,chr2,128,C/C,True,0.9
485,chrX,1228,C/G,True,0.9
486,chr8,1065,T/C,True,0.9
487,chrY,354,T/A,True,0.9
488,chr13,245,A/G,True,0.9
489,chr3,1046,G/A,True,0.9
490,chr16,72,C/T,True,0.9
491,chr10,1080,G/C,True,0.9
492,chr22,1950,T/T,True,0.9
493,chr13,1445,G/T,True,0.9
494,chr21,1602,G/C,True,0.9
495,chr3,1099,A/T,True,0.9
496,chr12,778,A/A,True,0.9
497,chr12,237,A/G,True,0.9
498,chr15,392,G/C,True,0.9
