,CHROMOSOME,pos,mut,is_ok,approved_ratio
0,chr18,1597,G/A,True,0.9
1,chr7,1170,A/C,True,0.9
2,chr7,1960,G/T,True,0.9
3,chr17,1854,G/A,True,0.9
4,chr13,514,C/A,True,0.9
5,chr14,1032,C/T,True,0.9
6,chr10,1253,T/C,True,0.9
7,chr6,1360,A/A,True,0.9
8,chr7,430,G/T,True,0.9
9,chrX,395,T/A,True,0.9
10,chr16,308,A/G,True,0.9
11,chr22,1354,A/T,True,0.9
12,chr21,532,G/T,True,0.9
13,chr7,1901,A/G,True,0.9
14,chr11,677,T/T,True,0.9
15,chr7,64,G/G,True,0.9
16,chr6,1137,G/C,True,0.9
17,chr6,1899,A/G,True,0.9
18,chr8,630,C/G,True,0.9
19,chr17,238,G/A,True,0.9
20,chr16,1750,A/C,True,0.9
21,chr19,1015,G/A,True,0.9
22,chr7,1400,C/T,True,0.9
23,chr3,929,T/C,True,0.9
24,chr21,324,C/A,True,0.9
25,chr7,1540,G/G,True,0.9
26,chr19,1840,G/G,True,0.9
27,chrY,1230,A/G,True,0.9
28,chr4,1203,A/G,True,0.9
29,chr15,1846,C/G,True,0.9
30,chr20,1003,C/A,True,0.9
31,chr7,1361,C/T,True,0.9
32,chr17,1347,C/C,True,0.9
33,chr10,1448,T/T,True,0.9
34,chr10,609,A/T,True,0.9
35,chr20,1443,A/G,True,0.9
36,chr2,1058,G/T,True,0.9
37,chr2,1132,G/A,True,0.9
38,chr18,1357,A/G,True,0.9
39,chr4,1506,A/G,True,0.9
40,chr16,1883,C/C,True,0.9
41,chr12,1634,G/C,True,0.9
42,chr20,626,G/C,True,0.9
43,chr7,279,A/C,True,0.9
44,chr9,456,C/A,True,0.9
45,chrX,991,C/A,True,0.9
46,chr14,532,A/G,True,0.9
47,chr9,233,C/G,True,0.9
48,chr2,1618,C/C,True,0.9
49,chr12,966,T/T,True,0.9
50,chr16,905,G/A,True,0.9
51,chr18,1962,C/A,True,0.9
52,chr12,1577,G/C,True,0.9
53,chr8,1697,G/A,True,0.9
54,chr15,1354,G/G,True,0.9
55,chr12,221,T/A,True,0.9
56,chr1,569,A/C,True,0.9
57,chr1,26,A/A,True,0.9
58,chr9,1786,G/A,True,0.9
59,chr19,1433,G/G,True,0.9
60,chr6,1620,C/C,True,0.9
61,chr13,1608,T/C,True,0.9
62,chr22,954,C/G,True,0.9
63,chr9,1341,A/G,True,0.9
64,chr10,554,G/C,True,0.9
65,chr13,1629,G/A,True,0.9
66,chr22,1798,G/T,True,0.9
67,chr16,60,G/C,True,0.9
68,chr5,666,T/G,True,0.9
69,chr19,260,C/A,True,0.9
70,chr12,1018,T/T,True,0.9
71,chr20,1885,C/C,True,0.9
72,chr7,1854,C/A,True,0.9
73,chr4,1514,C/T,True,0.9
74,chr16,1766,C/T,True,0.9
75,chr21,732,G/G,True,0.9
76,chr10,881,C/T,True,0.9
77,chr16,1372,G/A,True,0.9
78,chr1,1298,A/A,True,0.9
79,chr19,420,G/T,True,0.9
80,chr10,37,A/T,True,0.9
81,chr15,143,A/C,True,0.9
82,chr2,1802,G/T,True,0.9
83,chr19,1514,T/C,True,0.9
84,chr7,434,C/T,True,0.9
85,chr4,1314,A/G,True,0.9
86,chr1,659,G/C,True,0.9
87,chr11,495,T/C,True,0.9
88,chr1,1549,C/G,True,0.9
89,chr20,1677,A/T,True,0.9
90,chr16,585,A/C,True,0.9
91,chr9,124,T/A,True,0.9
92,chr12,690,T/T,True,0.9
93,chr1,1429,T/C,True,0.9
94,chrX,1594,G/G,True,0.9
95,chr8,1132,C/T,True,0.9
96,chr5,1818,A/G,True,0.9
97,chr1,256,A/A,True,0.9
98,chrX,842,C/T,True,0.9
99,chr2,1108,C/C,True,0.9
100,chr12,1692,C/G,True,0.9
101,chr14,130,T/T,True,0.9
102,chr4,1447,T/A,True,0.9
103,chr13,1424,C/T,True,0.9
104,chr21,822,A/C,True,0.9
105,chr22,406,G/C,True,0.9
106,chrY,1149,G/T,True,0.9
107,chr13,709,A/A,True,0.9
108,chr20,1768,G/G,True,0.9
109,chr6,565,T/G,True,0.9
110,chr13,1508,G/A,True,0.9
111,chr13,1582,G/C,True,0.9
112,chr7,1860,G/T,True,0.9
113,chrX,1767,G/A,True,0.9
114,chr1,1633,G/G,True,0.9
115,chr4,829,G/T,True,0.9
116,chr16,922,A/C,True,0.9
117,chrX,842,T/T,True,0.9
118,chr12,1081,A/C,True,0.9
119,chr2,1833,A/A,True,0.9
120,chr12,945,A/T,True,0.9
121,chrX,1417,G/T,True,0.9
122,chr3,304,C/A,True,0.9
123,chr14,829,A/G,True,0.9
124,chr7,1534,G/T,True,0.9
125,chr11,744,A/A,True,0.9
126,chr16,187,G/G,True,0.9
127,chr2,308,G/G,True,0.9
128,chr2,1487,G/T,True,0.9
129,chr3,1781,T/C,True,0.9
130,chr7,1292,C/A,True,0.9
131,chr21,848,G/A,True,0.9
132,chr18,812,A/A,True,0.9
133,chr11,57,C/G,True,0.9
134,chr15,1986,A/C,True,0.9
135,chr9,1133,C/C,True,0.9
136,chr13,1924,C/T,True,0.9
137,chr21,471,C/A,True,0.9
138,chr19,1538,A/C,True,0.9
139,chr7,1718,A/A,True,0.9
140,chr9,1849,A/G,True,0.9
141,chr5,1587,T/T,True,0.9
142,chr6,1810,G/G,True,0.9
143,chr10,311,T/C,True,0.9
144,chr3,462,G/C,True,0.9
145,chr12,1070,T/G,True,0.9
146,chr2,506,G/A,True,0.9
147,chr7,1550,C/G,True,0.9
148,chr13,1407,A/T,True,0.9
149,chr17,629,C/A,True,0.9
150,chr15,1064,G/T,True,0.9
151,chr5,910,C/A,True,0.9
152,chr14,1609,C/G,True,0.9
153,chr10,1785,A/A,True,0.9
154,chr10,1404,C/G,True,0.9
155,chr1,394,T/C,True,0.9
156,chr7,658,C/G,True,0.9
157,chr1,832,C/T,True,0.9
158,chr8,1712,C/G,True,0.9
159,chr19,427,C/G,True,0.9
160,chr10,79,T/G,True,0.9
161,chrX,403,T/A,True,0.9
162,chr21,104,A/A,True,0.9
163,chr5,1985,C/T,True,0.9
164,chr1,1007,A/T,True,0.9
165,chr16,1685,A/G,True,0.9
166,chr12,127,C/T,True,0.9
167,chr4,1399,A/T,True,0.9
168,chrY,351,T/A,True,0.9
169,chr19,1646,T/A,True,0.9
170,chr8,525,A/C,True,0.9
171,chr6,350,C/A,True,0.9
172,chr2,1724,C/C,True,0.9
173,chr11,1335,T/G,True,0.9
174,chr7,580,G/T,True,0.9
175,chr6,683,C/G,True,0.9
176,chr3,1934,A/G,True,0.9
177,chr16,1605,A/C,True,0.9
178,chr9,1707,C/A,True,0.9
179,chr15,1347,T/C,True,0.9
180,chr13,1656,G/G,True,0.9
181,chr15,800,A/A,True,0.9
182,chr2,104,C/C,True,0.9
183,chr9,721,A/C,True,0.9
184,chr11,798,G/G,True,0.9
185,chr10,1288,C/T,True,0.9
186,chr22,1848,C/A,True,0.9
187,chr14,1297,T/A,True,0.9
188,chr16,1179,A/G,True,0.9
189,chr5,647,G/G,True,0.9
190,chr16,1879,A/G,True,0.9
191,chr7,454,G/C,True,0.9
192,chr14,780,A/A,True,0.9
193,chr20,1897,T/A,True,0.9
194,chr20,1442,C/G,True,0.9
195,chr4,1955,G/T,True,0.9
196,chrY,412,A/A,True,0.9
197,chr7,1146,T/T,True,0.9
198,chr16,1503,T/G,True,0.9
199,chr19,293,G/G,True,0.9
200,chr16,1695,C/A,True,0.9
201,chr19,257,C/A,True,0.9
202,chr21,432,T/T,True,0.9
203,chr8,473,T/C,True,0.9
204,chr15,349,G/T,True,0.9
205,chr10,394,T/G,True,0.9
206,chr5,1451,G/A,True,0.9
207,chr8,1416,C/G,True,0.9
208,chr3,601,A/G,True,0.9
209,chr19,12,A/C,True,0.9
210,chr6,63,C/A,True,0.9
211,chr22,1861,A/C,True,0.9
212,chr20,1292,A/C,True,0.9
213,chr8,1725,T/T,True,0.9
214,chr7,37,C/G,True,0.9
215,chr22,1199,G/A,True,0.9
216,chr1,93,T/T,True,0.9
217,chr5,797,C/G,True,0.9
218,chr13,1056,T/C,True,0.9
219,chr6,115,C/C,True,0.9
220,chr8,1284,T/A,True,0.9
221,chr11,822,A/T,True,0.9
222,chr3,1988,G/C,True,0.9
223,chr7,1672,C/T,True,0.9
224,chr15,1435,C/T,True,0.9
225,chr5,1841,G/G,True,0.9
226,chr16,387,C/C,True,0.9
227,chr12,352,T/T,True,0.9
228,chr3,1924,G/T,True,0.9
229,chr7,12,C/C,True,0.9
230,chr4,962,T/G,True,0.9
231,chr7,250,A/A,True,0.9
232,chr19,1423,C/G,True,0.9
233,chr20,1919,C/G,True,0.9
234,chr2,1956,C/G,True,0.9
235,chr1,1113,A/G,True,0.9
236,chr18,943,C/C,True,0.9
237,chr13,1202,A/A,True,0.9
238,chr18,1524,G/G,True,0.9
239,chr7,1864,T/A,True,0.9
240,chr10,1584,T/T,True,0.9
241,chr20,1836,T/T,True,0.9
242,chr13,411,G/T,True,0.9
243,chrX,576,T/C,True,0.9
244,chr20,405,A/A,True,0.9
245,chr3,1508,A/G,True,0.9
246,chr9,1413,T/G,True,0.9
247,chr4,1875,C/T,True,0.9
248,chr2,308,G/T,True,0.9
249,chr4,1868,T/A,True,0.9
250,chr16,795,C/A,True,0.9
251,chr20,302,T/A,True,0.9
252,chr5,68,A/A,True,0.9
253,chr18,204,C/C,True,0.9
254,chr22,258,C/C,True,0.9
255,chr6,1588,A/G,True,0.9
256,chr14,1083,C/T,True,0.9
257,chr4,1768,C/T,True,0.9
258,chr19,79,C/G,True,0.9
259,chr11,499,C/A,True,0.9
260,chr16,310,G/G,True,0.9
261,chrY,276,T/C,True,0.9
262,chr2,1357,G/A,True,0.9
263,chr8,1204,T/C,True,0.9
264,chr9,70,A/A,True,0.9
265,chr22,393,T/T,True,0.9
266,chr5,225,T/C,True,0.9
267,chr13,107,T/A,True,0.9
268,chr13,677,G/G,True,0.9
269,chr2,1665,A/A,True,0.9
270,chr17,1123,T/C,True,0.9
271,chr22,680,A/A,True,0.9
272,chr18,1472,G/A,True,0.9
273,chr5,17,A/T,True,0.9
274,chrY,552,A/G,True,0.9
275,chr20,1484,C/A,True,0.9
276,chr14,474,G/C,True,0.9
277,chrY,573,C/G,True,0.9
278,chr3,627,G/C,True,0.9
279,chr14,1041,G/C,True,0.9
280,chr16,1360,T/T,True,0.9
281,chr18,51,C/T,True,0.9
282,chr17,1608,T/A,True,0.9
283,chr16,1168,G/T,True,0.9
284,chr6,129,T/T,True,0.9
285,chr19,1148,C/G,True,0.9
286,chrX,1661,T/G,True,0.9
287,chr12,665,A/T,True,0.9
288,chrX,514,T/A,True,0.9
289,chr5,426,C/G,True,0.9
290,chr9,1714,C/C,True,0.9
291,chr14,1715,T/G,True,0.9
292,chr1,392,G/C,True,0.9
293,chr5,744,G/G,True,0.9
294,chr13,265,A/A,True,0.9
295,chr15,1506,C/A,True,0.9
296,chr9,211,T/C,True,0.9
297,chr9,568,G/T,True,0.9
298,chr12,1669,T/A,True,0.9
299,chrY,266,A/C,True,0.9
300,chr2,342,C/A,True,0.9
301,chr14,1580,C/A,True,0.9
302,chr21,1781,C/G,True,0.9
303,chr11,1207,T/C,True,0.9
304,chr13,130,A/G,True,0.9
305,chr8,230,C/A,True,0.9
306,chr18,1396,T/G,True,0.9
307,chr11,1316,A/C,True,0.9
308,chrY,1475,G/C,True,0.9
309,chr7,1555,C/A,True,0.9
310,chr7,120,A/A,True,0.9
311,chr10,471,T/C,True,0.9
312,chr1,497,C/A,True,0.9
313,chr6,1401,A/G,True,0.9
314,chr14,1035,A/A,True,0.9
315,chr22,1978,C/G,True,0.9
316,chr17,1704,A/C,True,0.9
317,chr18,849,T/G,True,0.9
318,chr22,295,C/A,True,0.9
319,chr14,825,A/C,True,0.9
320,chr22,165,T/C,True,0.9
321,chr10,1587,A/G,True,0.9
322,chr16,483,C/G,True,0.9
323,chr10,1297,C/A,True,0.9
324,chrX,1230,T/C,True,0.9
325,chr5,1267,A/T,True,0.9
326,chr10,411,A/G,True,0.9
327,chr18,1735,T/T,True,0.9
328,chr11,1604,T/A,True,0.9
329,chr18,1368,G/G,True,0.9
330,chr16,545,A/G,True,0.9
331,chr16,651,T/T,True,0.9
332,chr7,355,T/G,True,0.9
333,chr7,1683,G/G,True,0.9
334,chr2,1806,A/G,True,0.9
335,chr21,1697,G/T,True,0.9
336,chr6,1998,G/G,True,0.9
337,chr12,284,G/T,True,0.9
338,chr17,737,A/A,True,0.9
339,chr4,1151,T/C,True,0.9
340,chrY,973,G/A,True,0.9
341,chrX,939,T/A,True,0.9
342,chr6,333,A/G,True,0.9
343,chr10,782,G/T,True,0.9
344,chr7,707,C/C,True,0.9
345,chr14,844,T/C,True,0.9
346,chr1,1466,C/T,True,0.9
347,chrY,1672,A/T,True,0.9
348,chrY,867,G/A,True,0.9
349,chr19,1251,A/T,True,0.9
350,chr11,1308,G/C,True,0.9
351,chr21,751,C/G,True,0.9
352,chr8,1630,T/G,True,0.9
353,chr3,351,A/C,True,0.9
354,chr6,457,T/C,True,0.9
355,chr3,165,G/G,True,0.9
356,chr16,105,C/C,True,0.9
357,chr10,1834,T/C,True,0.9
358,chr1,1281,C/C,True,0.9
359,chr10,1557,G/G,True,0.9
360,chr18,1989,C/T,True,0.9
361,chr7,694,C/A,True,0.9
362,chr2,540,G/T,True,0.9
363,chr19,1607,A/T,True,0.9
364,chr1,1369,G/C,True,0.9
365,chrX,1951,T/G,True,0.9
366,chr9,662,T/C,True,0.9
367,chr12,928,G/G,True,0.9
368,chr1,361,G/C,True,0.9
369,chr18,1337,G/T,True,0.9
370,chr22,444,T/G,True,0.9
371,chr17,1241,C/A,True,0.9
372,chr9,136,C/C,True,0.9
373,chr4,679,G/G,True,0.9
374,chr6,1896,A/T,True,0.9
375,chr16,495,A/C,True,0.9
376,chr17,1599,T/T,True,0.9
377,chr4,298,A/T,True,0.9
378,chr17,572,T/A,True,0.9
379,chr5,1579,T/C,True,0.9
380,chr6,711,A/A,True,0.9
381,chr2,1399,T/G,True,0.9
382,chr9,1363,A/C,True,0.9
383,chr9,1055,C/C,True,0.9
384,chr2,1889,G/C,True,0.9
385,chrY,1430,T/A,True,0.9
386,chr22,1448,G/T,True,0.9
387,chr9,1153,G/C,True,0.9
388,chr11,904,T/T,True,0.9
389,chr20,1270,A/A,True,0.9
390,chr11,1621,C/C,True,0.9
391,chr16,421,C/G,True,0.9
392,chr15,636,C/G,True,0.9
393,chr2,367,A/T,True,0.9
394,chr16,365,T/A,True,0.9
395,chr16,1926,A/G,True,0.9
396,chr12,333,T/G,True,0.9
397,chr13,1365,C/C,True,0.9
398,chr20,761,C/G,True,0.9
399,chr4,1381,C/A,True,0.9
400,chr5,1562,A/C,True,0.9
401,chr16,241,G/C,True,0.9
402,chr9,135,T/G,True,0.9
403,chr14,1523,A/C,True,0.9
404,chr16,1607,C/A,True,0.9
405,chr4,368,G/A,True,0.9
406,chr19,767,A/T,True,0.9
407,chr22,1298,G/G,True,0.9
408,chr22,868,C/C,True,0.9
409,chr10,1487,G/G,True,0.9
410,chr7,1849,T/C,True,0.9
411,chr5,311,G/C,True,0.9
412,chr3,689,G/G,True,0.9
413,chr10,1620,C/C,True,0.9
414,chr4,447,T/T,True,0.9
415,chr18,1831,A/A,True,0.9
416,chr22,1084,T/G,True,0.9
417,chr8,723,A/A,True,0.9
418,chrY,1337,C/T,True,0.9
419,chr3,640,T/G,True,0.9
420,chr16,740,G/C,True,0.9
421,chr18,1061,C/C,True,0.9
422,chrY,1610,T/T,True,0.9
423,chr13,1019,C/A,True,0.9
424,chr5,1572,C/G,True,0.9
425,chr18,1269,A/G,True,0.9
426,chr3,1252,G/T,True,0.9
427,chr17,1235,T/A,True,0.9
428,chr19,1000,A/A,True,0.9
429,chr16,1395,C/G,True,0.9
430,chrX,234,G/A,True,0.9
431,chr20,1895,G/A,True,0.9
432,chr1,857,C/T,True,0.9
433,chr17,1710,G/T,True,0.9
434,chr20,304,T/A,True,0.9
435,chr12,684,A/G,True,0.9
436,chr2,1348,C/T,True,0.9
437,chr13,1749,T/A,True,0.9
438,chrY,111,G/C,True,0.9
439,chr3,917,A/A,True,0.9
440,chr5,1031,G/G,True,0.9
441,chr12,236,A/G,True,0.9
442,chrY,1909,T/A,True,0.9
443,chr21,1913,C/A,True,0.9
444,chrX,1033,C/T,True,0.9
445,chr5,1143,T/T,True,0.9
446,chr9,957,G/G,True,0.9
447,chr14,1534,G/C,True,0.9
448,chr3,1519,T/G,True,0.9
449,chrX,1892,C/A,True,0.9
450,chr18,1776,G/T,True,0.9
451,chr22,394,A/T,True,0.9
452,chrX,1438,T/A,True,0.9
453,chr7,1062,C/G,True,0.9
454,chr10,1638,G/T,True,0.9
455,chr15,150,A/C,True,0.9
456,chr11,408,T/T,True,0.9
457,chr1,483,C/G,True,0.9
458,chr3,70,C/G,True,0.9
459,chr12,1401,G/T,True,0.9
460,chr18,970,T/G,True,0.9
461,chr13,1111,T/T,True,0.9
462,chr4,1829,G/T,True,0.9
463,chr16,338,C/C,True,0.9
464,chr7,1411,C/C,True,0.9
465,chr6,614,T/A,True,0.9
466,chr15,1206,T/G,True,0.9
467,chrY,448,A/T,True,0.9
468,chr2,1334,G/C,True,0.9
469,chr17,759,A/T,True,0.9
470,chr9,1319,G/T,True,0.9
471,chr12,1615,A/T,True,0.9
472,chr8,1293,A/A,True,0.9
473,chr14,1088,G/C,True,0.9
474,chr1,1445,T/G,True,0.9
475,chr18,1918,G/A,True,0.9
476,chr3,1481,T/A,True,0.9
477,chr1,1676,C/G,True,0.9
478,chr22,86,C/A,True,0.9
479,chr21,706,C/C,True,0.9
480,chr18,1833,T/G,True,0.9
481,chr7,1767,T/T,True,0.9
482,chrY,1065,A/C,True,0.9
483,chr20,850,A/A,True,0.9
484,chr5,836,C/A,True,0.9
485,chr4,1432,G/T,True,0.9
486,chr10,1921,T/A,True,0.9
487,chr20,13,A/T,True,0.9
488,chr6,1829,C/G,True,0.9
489,chr19,597,G/G,True,0.9
490,chr11,579,G/T,True,0.9
491,chr19,1394,A/G,True,0.9
492,chr4,1531,C/C,True,0.9
493,chr13,189,G/T,True,0.9
494,chr16,1709,A/A,True,0.9
495,chr9,1574,T/C,True,0.9
496,chr21,536,G/G,True,0.9
497,chr6,954,T/T,True,0.9
498,chrX,1228,C/G,True,0.9
499,chr5,332,C/G,True,0.9
500,chr2,1356,A/T,True,0.9
501,chr3,1046,G/A,True,0.9
502,chr19,1992,C/G,True,0.9
503,chr3,567,G/G,True,0.9
504,chr14,341,T/G,True,0.9
505,chr16,72,C/T,True,0.9
506,chr6,1022,C/T,True,0.9
507,chr22,1419,T/A,True,0.9
508,chr3,1099,A/T,True,0.9
509,chr6,1289,C/A,True,0.9
510,chr18,627,C/T,True,0.9
511,chr12,237,A/G,True,0.9
512,chr17,10,A/A,True,0.9
