,CHROMOSOME,pos,mut,is_ok,approved_ratio
0,chr10,409,C/C,True,0.9
1,chr7,1170,A/C,True,0.9
2,chr2,501,C/T,True,0.9
3,chr11,1748,C/A,True,0.9
4,chr16,100,G/T,True,0.9
5,chr6,1031,T/T,True,0.9
6,chr7,430,G/T,True,0.9
7,chrY,1265,G/A,True,0.9
8,chr16,308,A/G,True,0.9
9,chr22,1354,A/T,True,0.9
10,chr18,624,G/T,True,0.9
11,chr13,511,C/T,True,0.9
12,chr21,1195,C/C,True,0.9
13,chr3,382,G/T,True,0.9
14,chr21,361,G/C,True,0.9
15,chr15,1987,T/A,True,0.9
16,chrY,852,C/T,True,0.9
17,chr7,1632,T/C,True,0.9
18,chrY,809,T/G,True,0.9
19,chr7,401,C/A,True,0.9
20,chr6,1899,A/G,True,0.9
21,chr3,200,G/A,True,0.9
22,chr19,1015,G/A,True,0.9
23,chr11,1259,A/T,True,0.9
24,chr18,871,T/G,True,0.9
25,chr5,795,A/A,True,0.9
26,chr21,324,C/A,True,0.9
27,chr7,1540,G/G,True,0.9
28,chr13,1976,T/G,True,0.9
29,chr5,321,A/C,True,0.9
30,chrY,1859,T/C,True,0.9
31,chr20,1003,C/A,True,0.9
32,chr7,1361,C/T,True,0.9
33,chrX,1495,G/T,True,0.9
34,chrY,650,T/T,True,0.9
35,chr21,1523,G/C,True,0.9
36,chr10,609,A/T,True,0.9
37,chr14,819,A/G,True,0.9
38,chr20,1443,A/G,True,0.9
39,chr14,212,C/T,True,0.9
40,chr19,70,T/C,True,0.9
41,chr16,1883,C/C,True,0.9
42,chr12,766,A/C,True,0.9
43,chr19,420,C/A,True,0.9
44,chr4,836,T/A,True,0.9
45,chr4,1554,T/C,True,0.9
46,chrX,991,C/A,True,0.9
47,chr14,532,A/G,True,0.9
48,chrY,1935,C/G,True,0.9
49,chr5,643,T/A,True,0.9
50,chr12,966,T/T,True,0.9
51,chr22,1874,A/A,True,0.9
52,chrX,1943,A/C,True,0.9
53,chr12,1577,G/C,True,0.9
54,chr16,1246,T/C,True,0.9
55,chr3,536,C/T,True,0.9
56,chr15,1354,G/G,True,0.9
57,chr4,693,A/T,True,0.9
58,chr12,221,T/A,True,0.9
59,chr22,201,T/G,True,0.9
60,chr1,569,A/C,True,0.9
61,chr6,227,A/A,True,0.9
62,chr6,1313,C/C,True,0.9
63,chr11,136,G/G,True,0.9
64,chr22,954,C/G,True,0.9
65,chr19,1607,T/G,True,0.9
66,chr13,1629,G/A,True,0.9
67,chr22,1798,G/T,True,0.9
68,chr11,788,C/A,True,0.9
69,chr12,1018,T/T,True,0.9
70,chr10,1486,A/C,True,0.9
71,chr7,916,G/T,True,0.9
72,chr6,193,T/T,True,0.9
73,chr7,1854,C/A,True,0.9
74,chr2,349,T/G,True,0.9
75,chr10,881,C/T,True,0.9
76,chr16,1372,G/A,True,0.9
77,chr1,986,C/T,True,0.9
78,chr1,1298,A/A,True,0.9
79,chr19,420,G/T,True,0.9
80,chr22,74,T/T,True,0.9
81,chr2,1802,G/T,True,0.9
82,chr12,509,T/T,True,0.9
83,chr6,365,G/T,True,0.9
84,chr9,1726,A/T,True,0.9
85,chr12,1673,T/C,True,0.9
86,chr16,1137,G/C,True,0.9
87,chr3,830,C/A,True,0.9
88,chr2,1440,G/G,True,0.9
89,chr10,1898,G/T,True,0.9
90,chr16,585,A/C,True,0.9
91,chr9,124,T/A,True,0.9
92,chr11,102,C/T,True,0.9
93,chr12,690,T/T,True,0.9
94,chrX,1954,T/A,True,0.9
95,chr22,1000,C/C,True,0.9
96,chrX,1594,G/G,True,0.9
97,chr8,1132,C/T,True,0.9
98,chr14,821,C/G,True,0.9
99,chr12,442,C/G,True,0.9
100,chr12,900,A/A,True,0.9
101,chr4,1447,T/A,True,0.9
102,chr13,1424,C/T,True,0.9
103,chr21,822,A/C,True,0.9
104,chr20,879,G/C,True,0.9
105,chr20,1746,G/G,True,0.9
106,chr7,240,A/G,True,0.9
107,chr18,915,C/G,True,0.9
108,chr7,1860,G/T,True,0.9
109,chrX,1767,G/A,True,0.9
110,chr1,1633,G/G,True,0.9
111,chr16,922,A/C,True,0.9
112,chr11,165,A/G,True,0.9
113,chr16,893,T/T,True,0.9
114,chr12,1081,A/C,True,0.9
115,chr12,945,A/T,True,0.9
116,chrX,1767,A/C,True,0.9
117,chr18,812,C/T,True,0.9
118,chr21,1034,A/T,True,0.9
119,chr15,385,C/T,True,0.9
120,chr21,628,A/A,True,0.9
121,chr11,744,A/A,True,0.9
122,chr15,1520,T/T,True,0.9
123,chr12,130,G/G,True,0.9
124,chr2,1487,G/T,True,0.9
125,chr21,128,A/A,True,0.9
126,chr14,726,C/A,True,0.9
127,chr3,1781,T/C,True,0.9
128,chr19,1138,C/G,True,0.9
129,chr7,1292,C/A,True,0.9
130,chr16,1437,G/C,True,0.9
131,chr15,1986,A/C,True,0.9
132,chr16,577,T/T,True,0.9
133,chr13,1924,C/T,True,0.9
134,chr2,699,G/G,True,0.9
135,chr9,1510,C/A,True,0.9
136,chr17,1887,C/C,True,0.9
137,chr8,1843,A/G,True,0.9
138,chr7,1718,A/A,True,0.9
139,chr14,1831,A/T,True,0.9
140,chr21,166,T/A,True,0.9
141,chr9,1849,A/G,True,0.9
142,chr10,311,T/C,True,0.9
143,chr12,1070,T/G,True,0.9
144,chr11,1119,A/G,True,0.9
145,chr4,1914,G/G,True,0.9
146,chr3,157,T/C,True,0.9
147,chr2,1786,C/A,True,0.9
148,chr15,108,T/G,True,0.9
149,chr15,1064,G/T,True,0.9
150,chr5,910,C/A,True,0.9
151,chr3,1797,C/A,True,0.9
152,chr10,1785,A/A,True,0.9
153,chr6,1008,A/G,True,0.9
154,chr13,110,A/G,True,0.9
155,chr1,394,T/C,True,0.9
156,chr1,832,C/T,True,0.9
157,chr18,1697,T/G,True,0.9
158,chr19,427,C/G,True,0.9
159,chr10,79,T/G,True,0.9
160,chr10,1722,A/C,True,0.9
161,chrX,403,T/A,True,0.9
162,chr20,369,A/C,True,0.9
163,chr5,1985,C/T,True,0.9
164,chr2,429,A/G,True,0.9
165,chr16,1685,A/G,True,0.9
166,chr17,110,G/C,True,0.9
167,chr12,1539,A/T,True,0.9
168,chr12,127,C/T,True,0.9
169,chr1,525,A/G,True,0.9
170,chr11,1605,G/T,True,0.9
171,chr8,1719,A/A,True,0.9
172,chr8,525,A/C,True,0.9
173,chr11,1335,T/G,True,0.9
174,chr11,1661,T/A,True,0.9
175,chr16,1605,A/C,True,0.9
176,chr15,1347,T/C,True,0.9
177,chr13,1656,G/G,True,0.9
178,chr15,800,A/A,True,0.9
179,chr20,489,C/T,True,0.9
180,chr19,152,C/C,True,0.9
181,chr14,92,G/C,True,0.9
182,chr22,653,C/T,True,0.9
183,chr3,280,G/C,True,0.9
184,chr2,385,G/T,True,0.9
185,chr4,1321,A/G,True,0.9
186,chr22,1848,C/A,True,0.9
187,chr2,658,G/A,True,0.9
188,chr15,281,C/T,True,0.9
189,chr5,647,G/G,True,0.9
190,chr21,773,C/C,True,0.9
191,chr18,371,G/G,True,0.9
192,chr21,839,T/C,True,0.9
193,chr7,454,G/C,True,0.9
194,chr11,510,T/G,True,0.9
195,chr13,653,A/C,True,0.9
196,chr6,500,G/G,True,0.9
197,chrY,412,A/A,True,0.9
198,chr19,293,G/G,True,0.9
199,chr16,1695,C/A,True,0.9
200,chr1,1695,T/C,True,0.9
201,chr8,698,G/G,True,0.9
202,chr6,543,A/A,True,0.9
203,chr21,300,G/G,True,0.9
204,chr4,1854,G/A,True,0.9
205,chr18,1703,T/A,True,0.9
206,chr10,394,T/G,True,0.9
207,chr18,762,G/A,True,0.9
208,chr8,1416,C/G,True,0.9
209,chr9,612,T/C,True,0.9
210,chr15,361,A/G,True,0.9
211,chr20,1292,A/C,True,0.9
212,chr8,735,G/T,True,0.9
213,chr9,778,T/C,True,0.9
214,chr22,1239,T/A,True,0.9
215,chrY,1149,C/A,True,0.9
216,chr13,1056,T/C,True,0.9
217,chr9,567,C/A,True,0.9
218,chr4,1550,C/C,True,0.9
219,chr2,459,C/G,True,0.9
220,chr4,1703,G/A,True,0.9
221,chr1,841,A/A,True,0.9
222,chr5,1841,G/G,True,0.9
223,chr4,1699,A/C,True,0.9
224,chr12,1234,C/T,True,0.9
225,chr2,222,C/G,True,0.9
226,chr7,12,C/C,True,0.9
227,chr17,837,C/G,True,0.9
228,chr15,1477,C/T,True,0.9
229,chr8,1040,G/C,True,0.9
230,chr21,1869,G/G,True,0.9
231,chr17,31,C/T,True,0.9
232,chr19,1025,T/T,True,0.9
233,chr18,1513,T/C,True,0.9
234,chr17,646,A/A,True,0.9
235,chrX,214,C/C,True,0.9
236,chrX,1096,A/G,True,0.9
237,chr13,411,G/T,True,0.9
238,chr10,793,T/G,True,0.9
239,chr2,1651,T/C,True,0.9
240,chr1,788,A/T,True,0.9
241,chr2,308,G/T,True,0.9
242,chr17,1495,C/C,True,0.9
243,chr16,123,C/C,True,0.9
244,chr20,302,T/A,True,0.9
245,chr22,258,C/C,True,0.9
246,chr3,1360,C/T,True,0.9
247,chr15,1275,A/C,True,0.9
248,chr4,1768,C/T,True,0.9
249,chr13,1523,G/A,True,0.9
250,chr12,947,T/C,True,0.9
251,chr3,1874,C/C,True,0.9
252,chr19,1972,G/T,True,0.9
253,chr19,410,C/G,True,0.9
254,chrY,1687,T/T,True,0.9
255,chr9,70,A/A,True,0.9
256,chr22,393,T/T,True,0.9
257,chr19,307,T/A,True,0.9
258,chr13,107,T/A,True,0.9
259,chr20,206,T/A,True,0.9
260,chr4,1022,C/T,True,0.9
261,chr21,416,T/C,True,0.9
262,chr14,474,G/C,True,0.9
263,chrY,573,C/G,True,0.9
264,chr19,1945,C/A,True,0.9
265,chr3,627,G/C,True,0.9
266,chr5,1229,G/C,True,0.9
267,chr16,726,G/T,True,0.9
268,chr16,1360,T/T,True,0.9
269,chr7,878,G/C,True,0.9
270,chr15,1745,A/T,True,0.9
271,chr21,1599,G/T,True,0.9
272,chr22,1172,A/T,True,0.9
273,chrX,417,G/A,True,0.9
274,chr20,1297,G/T,True,0.9
275,chrX,749,C/A,True,0.9
276,chr16,1168,G/T,True,0.9
277,chr19,1148,C/G,True,0.9
278,chr12,665,A/T,True,0.9
279,chr6,1979,C/C,True,0.9
280,chr11,1630,T/T,True,0.9
281,chr16,1593,G/A,True,0.9
282,chr1,1799,T/G,True,0.9
283,chr1,392,G/C,True,0.9
284,chr5,744,G/G,True,0.9
285,chr13,265,A/A,True,0.9
286,chr20,1194,A/C,True,0.9
287,chr9,211,T/C,True,0.9
288,chrY,266,A/C,True,0.9
289,chr2,342,C/A,True,0.9
290,chr14,1580,C/A,True,0.9
291,chr10,1900,G/G,True,0.9
292,chr5,94,G/T,True,0.9
293,chr14,165,T/A,True,0.9
294,chr7,732,A/C,True,0.9
295,chr9,329,A/A,True,0.9
296,chr3,1585,T/A,True,0.9
297,chr7,1555,C/A,True,0.9
298,chr10,471,T/C,True,0.9
299,chrX,1658,G/A,True,0.9
300,chr14,1035,A/A,True,0.9
301,chr3,259,C/T,True,0.9
302,chr14,205,G/T,True,0.9
303,chr8,1082,A/G,True,0.9
304,chr18,849,T/G,True,0.9
305,chr14,825,A/C,True,0.9
306,chrX,1230,T/C,True,0.9
307,chr3,1172,C/G,True,0.9
308,chr8,623,G/A,True,0.9
309,chr5,1267,A/T,True,0.9
310,chr16,35,A/T,True,0.9
311,chr15,390,G/A,True,0.9
312,chr10,411,A/G,True,0.9
313,chr10,147,A/G,True,0.9
314,chr12,762,A/T,True,0.9
315,chr1,1950,T/C,True,0.9
316,chr19,919,T/A,True,0.9
317,chr11,1604,T/A,True,0.9
318,chr16,651,T/T,True,0.9
319,chr19,1156,A/G,True,0.9
320,chr4,658,C/A,True,0.9
321,chr13,956,T/G,True,0.9
322,chr21,1697,G/T,True,0.9
323,chr12,284,G/T,True,0.9
324,chr21,1486,A/C,True,0.9
325,chr3,567,G/A,True,0.9
326,chr1,262,C/A,True,0.9
327,chr20,1578,C/A,True,0.9
328,chr16,880,A/G,True,0.9
329,chrY,973,G/A,True,0.9
330,chrY,1812,A/A,True,0.9
331,chrX,939,T/A,True,0.9
332,chr7,1771,T/G,True,0.9
333,chr10,782,G/T,True,0.9
334,chr2,1106,A/A,True,0.9
335,chr4,873,T/A,True,0.9
336,chr18,878,T/A,True,0.9
337,chr7,707,C/C,True,0.9
338,chr14,844,T/C,True,0.9
339,chrY,1672,A/T,True,0.9
340,chr10,1389,G/G,True,0.9
341,chrY,867,G/A,True,0.9
342,chr19,1251,A/T,True,0.9
343,chr3,770,G/C,True,0.9
344,chr11,1308,G/C,True,0.9
345,chr21,751,C/G,True,0.9
346,chr22,1261,T/A,True,0.9
347,chr6,457,T/C,True,0.9
348,chr18,1163,T/G,True,0.9
349,chr18,181,T/A,True,0.9
350,chr20,942,T/G,True,0.9
351,chr11,525,T/A,True,0.9
352,chr14,497,G/T,True,0.9
353,chr1,1281,C/C,True,0.9
354,chr18,1989,C/T,True,0.9
355,chr16,520,G/A,True,0.9
356,chr7,1556,A/G,True,0.9
357,chr3,1352,C/C,True,0.9
358,chr1,1369,G/C,True,0.9
359,chrX,1951,T/G,True,0.9
360,chr9,662,T/C,True,0.9
361,chr18,1337,G/T,True,0.9
362,chr22,444,T/G,True,0.9
363,chr17,1241,C/A,True,0.9
364,chr9,136,C/C,True,0.9
365,chr8,689,G/G,True,0.9
366,chr4,679,G/G,True,0.9
367,chr17,1599,T/T,True,0.9
368,chr19,1643,T/T,True,0.9
369,chr6,711,A/A,True,0.9
370,chr11,1589,T/C,True,0.9
371,chr2,1685,C/C,True,0.9
372,chr9,1363,A/C,True,0.9
373,chr18,1750,T/A,True,0.9
374,chr15,1414,A/T,True,0.9
375,chr4,1079,G/A,True,0.9
376,chrY,1430,T/A,True,0.9
377,chr19,1253,C/T,True,0.9
378,chr6,1128,A/A,True,0.9
379,chr11,904,T/T,True,0.9
380,chrY,1680,A/C,True,0.9
381,chrY,198,G/G,True,0.9
382,chr16,365,T/A,True,0.9
383,chr19,1458,G/G,True,0.9
384,chr7,1327,T/T,True,0.9
385,chr12,333,T/G,True,0.9
386,chr20,761,C/G,True,0.9
387,chr8,1684,C/T,True,0.9
388,chr5,1562,A/C,True,0.9
389,chr16,241,G/C,True,0.9
390,chr5,1988,G/C,True,0.9
391,chr1,1271,G/A,True,0.9
392,chr10,787,T/T,True,0.9
393,chr2,989,C/C,True,0.9
394,chr7,784,A/T,True,0.9
395,chr21,998,T/A,True,0.9
396,chr21,1076,C/G,True,0.9
397,chr17,1265,A/A,True,0.9
398,chr14,1896,A/G,True,0.9
399,chr9,1485,A/T,True,0.9
400,chr10,755,T/T,True,0.9
401,chr17,1871,C/A,True,0.9
402,chr10,1620,C/C,True,0.9
403,chr7,275,T/G,True,0.9
404,chr14,746,A/T,True,0.9
405,chr12,782,C/G,True,0.9
406,chrY,39,A/C,True,0.9
407,chr22,581,G/A,True,0.9
408,chr18,1467,G/A,True,0.9
409,chr1,1107,A/C,True,0.9
410,chr6,1720,C/C,True,0.9
411,chr5,1572,C/G,True,0.9
412,chr13,1113,C/C,True,0.9
413,chr8,1161,C/T,True,0.9
414,chr8,1822,A/C,True,0.9
415,chr19,1000,A/A,True,0.9
416,chr6,609,A/T,True,0.9
417,chr1,570,A/T,True,0.9
418,chr17,558,A/A,True,0.9
419,chr15,1369,G/A,True,0.9
420,chrX,234,G/A,True,0.9
421,chr3,1931,C/G,True,0.9
422,chr17,1710,G/T,True,0.9
423,chr20,304,T/A,True,0.9
424,chr12,684,A/G,True,0.9
425,chr21,1589,T/A,True,0.9
426,chr21,1082,A/C,True,0.9
427,chr7,1158,A/A,True,0.9
428,chr2,1348,C/T,True,0.9
429,chr10,1231,A/C,True,0.9
430,chr11,1415,A/C,True,0.9
431,chr5,1031,G/G,True,0.9
432,chr8,754,A/G,True,0.9
433,chr17,1226,G/C,True,0.9
434,chr4,1474,A/T,True,0.9
435,chr20,765,A/G,True,0.9
436,chr21,1913,C/A,True,0.9
437,chr5,1143,T/T,True,0.9
438,chr9,957,G/G,True,0.9
439,chr14,1534,G/C,True,0.9
440,chr16,527,C/G,True,0.9
441,chr7,332,A/T,True,0.9
442,chrX,1892,C/A,True,0.9
443,chr22,1554,G/C,True,0.9
444,chr12,1870,A/G,True,0.9
445,chr11,1226,A/T,True,0.9
446,chr7,1062,C/G,True,0.9
447,chr8,1649,T/C,True,0.9
448,chr10,1836,C/T,True,0.9
449,chr3,70,C/G,True,0.9
450,chr14,1467,C/A,True,0.9
451,chr16,647,A/A,True,0.9
452,chr13,1111,T/T,True,0.9
453,chr4,1829,G/T,True,0.9
454,chr16,338,C/C,True,0.9
455,chr14,1266,C/T,True,0.9
456,chrY,448,A/T,True,0.9
457,chr8,1244,A/A,True,0.9
458,chr7,1566,C/C,True,0.9
459,chr12,1615,A/T,True,0.9
460,chr8,1293,A/A,True,0.9
461,chr10,1624,A/A,True,0.9
462,chr8,818,G/G,True,0.9
463,chr12,720,A/C,True,0.9
464,chr17,1685,A/C,True,0.9
465,chr12,31,A/T,True,0.9
466,chr1,1676,C/G,True,0.9
467,chr22,86,C/A,True,0.9
468,chr18,1833,T/G,True,0.9
469,chr7,1767,T/T,True,0.9
470,chr8,239,G/G,True,0.9
471,chr11,848,A/T,True,0.9
472,chr20,850,A/A,True,0.9
473,chr10,1921,T/A,True,0.9
474,chr13,201,G/C,True,0.9
475,chr19,468,C/C,True,0.9
476,chr13,1400,C/T,True,0.9
477,chr19,597,G/G,True,0.9
478,chr21,75,C/T,True,0.9
479,chr7,1623,G/C,True,0.9
480,chr4,1531,C/C,True,0.9
481,chr14,327,T/A,True,0.9
482,chrX,1549,C/A,True,0.9
483,chr20,216,C/A,True,0.9
484,chr22,61,G/A,True,0.9
485,chr15,544,A/C,True,0.9
486,chr21,1522,T/T,True,0.9
487,chr12,763,G/C,True,0.9
488,chr8,1065,T/C,True,0.9
489,chr3,1046,G/A,True,0.9
490,chr5,1414,G/T,True,0.9
491,chr6,1022,C/T,True,0.9
492,chr10,1946,G/C,True,0.9
493,chr19,1802,T/A,True,0.9
494,chr6,133,C/G,True,0.9
495,chr5,183,G/C,True,0.9
496,chr6,1289,C/A,True,0.9
497,chr1,1236,G/A,True,0.9
498,chr15,68,G/G,True,0.9
499,chr15,1966,T/T,True,0.9
500,chr6,308,C/T,True,0.9
501,chr9,710,C/T,True,0.9
502,chrX,364,C/C,True,0.9
503,chr15,392,G/C,True,0.9
