,CHROMOSOME,pos,mut,is_ok,approved_ratio
0,chr18,1597,G/A,True,0.9
1,chr19,29,A/A,True,0.9
2,chr17,1854,G/A,True,0.9
3,chr4,1695,A/T,True,0.9
4,chrX,1095,T/G,True,0.9
5,chr6,1360,A/A,True,0.9
6,chr16,100,G/T,True,0.9
7,chrY,1431,C/A,True,0.9
8,chr7,346,T/T,True,0.9
9,chr13,511,C/T,True,0.9
10,chr21,1195,C/C,True,0.9
11,chr4,972,G/C,True,0.9
12,chr11,677,T/T,True,0.9
13,chr7,1632,T/C,True,0.9
14,chrY,809,T/G,True,0.9
15,chr4,1464,C/T,True,0.9
16,chr6,1137,G/C,True,0.9
17,chr14,154,G/G,True,0.9
18,chr6,1899,A/G,True,0.9
19,chr17,238,G/A,True,0.9
20,chr16,1572,G/A,True,0.9
21,chr9,1527,T/C,True,0.9
22,chr14,1599,C/G,True,0.9
23,chr18,81,G/T,True,0.9
24,chr3,200,G/A,True,0.9
25,chr7,1400,C/T,True,0.9
26,chr3,929,T/C,True,0.9
27,chr11,1259,A/T,True,0.9
28,chr5,795,A/A,True,0.9
29,chr21,324,C/A,True,0.9
30,chr13,1976,T/G,True,0.9
31,chrY,1859,T/C,True,0.9
32,chr15,1846,C/G,True,0.9
33,chr20,1003,C/A,True,0.9
34,chr7,889,G/C,True,0.9
35,chr22,1962,T/G,True,0.9
36,chr6,1894,C/A,True,0.9
37,chr10,1448,T/T,True,0.9
38,chr21,1523,G/C,True,0.9
39,chr18,1357,A/G,True,0.9
40,chr20,398,C/C,True,0.9
41,chrY,1420,A/C,True,0.9
42,chr12,766,A/C,True,0.9
43,chr9,501,C/C,True,0.9
44,chr11,1971,C/T,True,0.9
45,chr15,737,T/G,True,0.9
46,chr9,456,C/A,True,0.9
47,chrY,1935,C/G,True,0.9
48,chr3,468,T/C,True,0.9
49,chr9,233,C/G,True,0.9
50,chr2,1902,C/T,True,0.9
51,chr2,1618,C/C,True,0.9
52,chr19,1203,A/C,True,0.9
53,chr11,477,A/C,True,0.9
54,chr18,1962,C/A,True,0.9
55,chr12,1577,G/C,True,0.9
56,chr16,1246,T/C,True,0.9
57,chr3,536,C/T,True,0.9
58,chr8,1697,G/A,True,0.9
59,chr1,1522,T/C,True,0.9
60,chr18,608,T/C,True,0.9
61,chr9,1786,G/A,True,0.9
62,chr19,1433,G/G,True,0.9
63,chr5,938,T/C,True,0.9
64,chr6,1620,C/C,True,0.9
65,chr10,554,G/C,True,0.9
66,chr19,1607,T/G,True,0.9
67,chr7,227,A/A,True,0.9
68,chr11,788,C/A,True,0.9
69,chr5,666,T/G,True,0.9
70,chr19,260,C/A,True,0.9
71,chr1,1023,T/A,True,0.9
72,chr22,1153,A/G,True,0.9
73,chr22,536,T/T,True,0.9
74,chr21,846,A/T,True,0.9
75,chr9,1717,T/A,True,0.9
76,chr4,487,A/G,True,0.9
77,chr16,1372,G/A,True,0.9
78,chr1,986,C/T,True,0.9
79,chr11,1682,T/A,True,0.9
80,chr10,37,A/T,True,0.9
81,chr4,1270,A/T,True,0.9
82,chr8,1532,A/G,True,0.9
83,chr9,1726,A/T,True,0.9
84,chr5,590,T/A,True,0.9
85,chr16,1137,G/C,True,0.9
86,chr1,659,G/C,True,0.9
87,chr11,495,T/C,True,0.9
88,chr19,621,T/G,True,0.9
89,chr4,303,A/C,True,0.9
90,chr10,1898,G/T,True,0.9
91,chr15,818,C/T,True,0.9
92,chr18,99,G/C,True,0.9
93,chrX,1954,T/A,True,0.9
94,chr5,1965,G/A,True,0.9
95,chr8,1132,C/T,True,0.9
96,chr5,1818,A/G,True,0.9
97,chr8,1199,C/A,True,0.9
98,chrX,842,C/T,True,0.9
99,chr1,1914,G/T,True,0.9
100,chr18,273,T/T,True,0.9
101,chr5,1522,G/C,True,0.9
102,chr12,900,A/A,True,0.9
103,chr4,1447,T/A,True,0.9
104,chr21,822,A/C,True,0.9
105,chr3,750,C/A,True,0.9
106,chr5,668,A/T,True,0.9
107,chr20,879,G/C,True,0.9
108,chr8,1502,A/T,True,0.9
109,chr22,406,G/C,True,0.9
110,chr13,1345,A/C,True,0.9
111,chr20,1768,G/G,True,0.9
112,chr22,897,C/A,True,0.9
113,chr20,1746,G/G,True,0.9
114,chr13,1508,G/A,True,0.9
115,chr6,1794,C/T,True,0.9
116,chr14,814,T/C,True,0.9
117,chr7,1860,G/T,True,0.9
118,chrX,1767,G/A,True,0.9
119,chr11,1081,C/G,True,0.9
120,chr22,441,C/T,True,0.9
121,chr16,922,A/C,True,0.9
122,chr22,35,C/G,True,0.9
123,chr5,771,G/A,True,0.9
124,chr16,884,A/G,True,0.9
125,chr12,945,A/T,True,0.9
126,chr18,812,C/T,True,0.9
127,chr3,304,C/A,True,0.9
128,chr7,1534,G/T,True,0.9
129,chr15,1520,T/T,True,0.9
130,chr12,130,G/G,True,0.9
131,chr3,520,A/A,True,0.9
132,chr14,726,C/A,True,0.9
133,chr3,1781,T/C,True,0.9
134,chr11,1711,C/C,True,0.9
135,chr7,1292,C/A,True,0.9
136,chr6,272,T/A,True,0.9
137,chr1,765,C/A,True,0.9
138,chr16,1437,G/C,True,0.9
139,chr15,1986,A/C,True,0.9
140,chr9,1510,C/A,True,0.9
141,chr6,279,T/C,True,0.9
142,chr19,1538,A/C,True,0.9
143,chrX,539,C/C,True,0.9
144,chr3,1923,T/A,True,0.9
145,chr21,166,T/A,True,0.9
146,chr9,1849,A/G,True,0.9
147,chr5,1587,T/T,True,0.9
148,chr12,1840,C/T,True,0.9
149,chr4,299,C/C,True,0.9
150,chr11,1346,G/G,True,0.9
151,chr7,1550,C/G,True,0.9
152,chr21,424,G/A,True,0.9
153,chr2,1786,C/A,True,0.9
154,chr13,406,C/C,True,0.9
155,chr17,629,C/A,True,0.9
156,chr6,1493,G/C,True,0.9
157,chr12,876,C/G,True,0.9
158,chr11,1404,A/A,True,0.9
159,chr1,1416,C/A,True,0.9
160,chr10,1404,C/G,True,0.9
161,chr1,394,T/C,True,0.9
162,chr7,746,C/G,True,0.9
163,chr1,832,C/T,True,0.9
164,chr2,503,C/C,True,0.9
165,chr10,1722,A/C,True,0.9
166,chrX,403,T/A,True,0.9
167,chr20,369,A/C,True,0.9
168,chr11,1716,T/T,True,0.9
169,chr2,429,A/G,True,0.9
170,chr14,1378,G/A,True,0.9
171,chr12,127,C/T,True,0.9
172,chrY,351,T/A,True,0.9
173,chr11,1605,G/T,True,0.9
174,chr8,1719,A/A,True,0.9
175,chr6,350,C/A,True,0.9
176,chr5,1551,C/G,True,0.9
177,chr18,480,C/G,True,0.9
178,chr7,580,G/T,True,0.9
179,chr11,1661,T/A,True,0.9
180,chr9,721,A/C,True,0.9
181,chr11,798,G/G,True,0.9
182,chr10,1288,C/T,True,0.9
183,chr14,1297,T/A,True,0.9
184,chr2,658,G/A,True,0.9
185,chr15,281,C/T,True,0.9
186,chr3,1553,T/T,True,0.9
187,chr21,773,C/C,True,0.9
188,chr18,371,G/G,True,0.9
189,chr7,1401,T/A,True,0.9
190,chr14,780,A/A,True,0.9
191,chr13,653,A/C,True,0.9
192,chr21,679,G/C,True,0.9
193,chr7,1146,T/T,True,0.9
194,chr14,51,A/A,True,0.9
195,chr16,1503,T/G,True,0.9
196,chr1,1695,T/C,True,0.9
197,chr9,1962,T/C,True,0.9
198,chr14,1117,A/T,True,0.9
199,chr15,349,G/T,True,0.9
200,chr21,300,G/G,True,0.9
201,chr19,1174,G/A,True,0.9
202,chr16,619,T/C,True,0.9
203,chr4,1854,G/A,True,0.9
204,chr4,825,A/A,True,0.9
205,chr15,1360,A/G,True,0.9
206,chr6,63,C/A,True,0.9
207,chr15,361,A/G,True,0.9
208,chr5,1245,C/G,True,0.9
209,chr20,1292,A/C,True,0.9
210,chr8,1725,T/T,True,0.9
211,chr9,778,T/C,True,0.9
212,chr5,1887,G/A,True,0.9
213,chr2,495,A/G,True,0.9
214,chr1,326,A/G,True,0.9
215,chr2,1630,T/T,True,0.9
216,chr8,1284,T/A,True,0.9
217,chr9,567,C/A,True,0.9
218,chr4,1703,G/A,True,0.9
219,chr7,337,A/A,True,0.9
220,chr12,1234,C/T,True,0.9
221,chr16,387,C/C,True,0.9
222,chrX,837,C/C,True,0.9
223,chr12,352,T/T,True,0.9
224,chr3,1924,G/T,True,0.9
225,chr2,1039,G/G,True,0.9
226,chr2,222,C/G,True,0.9
227,chr15,1673,C/G,True,0.9
228,chr22,1203,G/T,True,0.9
229,chr15,1477,C/T,True,0.9
230,chrX,1493,T/A,True,0.9
231,chr8,1040,G/C,True,0.9
232,chr21,1869,G/G,True,0.9
233,chr9,1112,A/C,True,0.9
234,chr18,1524,G/G,True,0.9
235,chr15,80,A/T,True,0.9
236,chr7,685,G/C,True,0.9
237,chr2,371,T/C,True,0.9
238,chr5,1466,A/G,True,0.9
239,chr10,1584,T/T,True,0.9
240,chr18,1513,T/C,True,0.9
241,chr17,646,A/A,True,0.9
242,chr20,1836,T/T,True,0.9
243,chr3,316,C/A,True,0.9
244,chrX,1096,A/G,True,0.9
245,chr10,793,T/G,True,0.9
246,chr2,1651,T/C,True,0.9
247,chr3,1508,A/G,True,0.9
248,chr17,71,C/T,True,0.9
249,chr9,1413,T/G,True,0.9
250,chr2,308,G/T,True,0.9
251,chr17,1495,C/C,True,0.9
252,chr20,302,T/A,True,0.9
253,chr14,1783,G/C,True,0.9
254,chr22,258,C/C,True,0.9
255,chr4,1768,C/T,True,0.9
256,chr19,79,C/G,True,0.9
257,chr11,499,C/A,True,0.9
258,chr14,157,A/G,True,0.9
259,chr2,1644,C/A,True,0.9
260,chr16,310,G/G,True,0.9
261,chr7,964,G/T,True,0.9
262,chrY,276,T/C,True,0.9
263,chr2,1357,G/A,True,0.9
264,chrY,1687,T/T,True,0.9
265,chr8,1940,T/C,True,0.9
266,chr21,820,C/A,True,0.9
267,chr10,765,G/T,True,0.9
268,chr5,225,T/C,True,0.9
269,chr13,107,T/A,True,0.9
270,chr12,656,T/A,True,0.9
271,chr13,677,G/G,True,0.9
272,chr17,1123,T/C,True,0.9
273,chr22,680,A/A,True,0.9
274,chr20,1874,T/C,True,0.9
275,chrX,1731,G/C,True,0.9
276,chr4,1022,C/T,True,0.9
277,chr9,1473,C/A,True,0.9
278,chrY,552,A/G,True,0.9
279,chr21,416,T/C,True,0.9
280,chr14,1418,G/A,True,0.9
281,chrY,573,C/G,True,0.9
282,chr19,1945,C/A,True,0.9
283,chr14,1041,G/C,True,0.9
284,chr15,1745,A/T,True,0.9
285,chrX,749,C/A,True,0.9
286,chr17,1608,T/A,True,0.9
287,chr17,1995,G/C,True,0.9
288,chr19,1148,C/G,True,0.9
289,chrX,514,T/A,True,0.9
290,chr6,1979,C/C,True,0.9
291,chr16,1593,G/A,True,0.9
292,chr8,1879,T/T,True,0.9
293,chr1,392,G/C,True,0.9
294,chr14,1307,T/A,True,0.9
295,chr7,292,G/G,True,0.9
296,chr9,568,G/T,True,0.9
297,chr9,1902,A/T,True,0.9
298,chr21,1781,C/G,True,0.9
299,chr10,1900,G/G,True,0.9
300,chr1,1947,G/T,True,0.9
301,chr13,308,A/C,True,0.9
302,chr5,1883,C/T,True,0.9
303,chr18,1396,T/G,True,0.9
304,chr16,1375,T/A,True,0.9
305,chr21,806,A/G,True,0.9
306,chr7,120,A/A,True,0.9
307,chr20,140,T/G,True,0.9
308,chr6,1401,A/G,True,0.9
309,chr15,600,G/G,True,0.9
310,chr14,1794,T/T,True,0.9
311,chr18,849,T/G,True,0.9
312,chr19,1889,G/C,True,0.9
313,chr22,295,C/A,True,0.9
314,chr14,1431,G/T,True,0.9
315,chr5,1322,A/C,True,0.9
316,chr16,483,C/G,True,0.9
317,chr5,1267,A/T,True,0.9
318,chr14,1024,A/T,True,0.9
319,chr4,1028,A/T,True,0.9
320,chr2,1981,C/G,True,0.9
321,chr19,919,T/A,True,0.9
322,chr17,1001,G/A,True,0.9
323,chr7,355,T/G,True,0.9
324,chr14,1474,T/G,True,0.9
325,chr20,729,G/T,True,0.9
326,chr7,1683,G/G,True,0.9
327,chr12,76,T/T,True,0.9
328,chr9,1656,G/C,True,0.9
329,chr3,913,G/A,True,0.9
330,chr21,1697,G/T,True,0.9
331,chr6,1998,G/G,True,0.9
332,chr12,284,G/T,True,0.9
333,chr14,1227,C/C,True,0.9
334,chr17,1966,C/G,True,0.9
335,chr3,567,G/A,True,0.9
336,chr4,1151,T/C,True,0.9
337,chr20,1578,C/A,True,0.9
338,chr2,1604,G/G,True,0.9
339,chr6,333,A/G,True,0.9
340,chr10,782,G/T,True,0.9
341,chr4,873,T/A,True,0.9
342,chr19,1801,C/A,True,0.9
343,chr1,1466,C/T,True,0.9
344,chrY,867,G/A,True,0.9
345,chr3,770,G/C,True,0.9
346,chr11,1308,G/C,True,0.9
347,chr8,1693,C/A,True,0.9
348,chr1,1495,A/A,True,0.9
349,chr8,1630,T/G,True,0.9
350,chr14,300,A/T,True,0.9
351,chr21,494,T/C,True,0.9
352,chr3,165,G/G,True,0.9
353,chrX,1701,C/C,True,0.9
354,chrY,1636,C/T,True,0.9
355,chr20,129,T/G,True,0.9
356,chr21,1518,G/G,True,0.9
357,chr10,1557,G/G,True,0.9
358,chr18,1989,C/T,True,0.9
359,chr7,694,C/A,True,0.9
360,chr19,1607,A/T,True,0.9
361,chr9,662,T/C,True,0.9
362,chr13,1442,C/C,True,0.9
363,chr18,862,A/T,True,0.9
364,chr3,1625,C/G,True,0.9
365,chr8,689,G/G,True,0.9
366,chr6,1896,A/T,True,0.9
367,chr7,1407,C/A,True,0.9
368,chr4,298,A/T,True,0.9
369,chr16,76,G/C,True,0.9
370,chr9,1363,A/C,True,0.9
371,chrY,372,G/C,True,0.9
372,chr8,1159,G/A,True,0.9
373,chr8,908,C/A,True,0.9
374,chr9,1055,C/C,True,0.9
375,chr15,1414,A/T,True,0.9
376,chr2,1889,G/C,True,0.9
377,chr22,1448,G/T,True,0.9
378,chr3,1639,G/A,True,0.9
379,chr18,255,T/G,True,0.9
380,chr3,1899,T/C,True,0.9
381,chr11,904,T/T,True,0.9
382,chr2,1848,C/A,True,0.9
383,chr20,1270,A/A,True,0.9
384,chr11,1621,C/C,True,0.9
385,chr16,421,C/G,True,0.9
386,chr1,266,A/T,True,0.9
387,chr2,367,A/T,True,0.9
388,chr19,934,A/T,True,0.9
389,chr16,663,T/T,True,0.9
390,chr19,1458,G/G,True,0.9
391,chr5,1841,T/G,True,0.9
392,chr10,1914,A/A,True,0.9
393,chr12,333,T/G,True,0.9
394,chr7,1195,A/G,True,0.9
395,chr11,815,A/G,True,0.9
396,chr13,1365,C/C,True,0.9
397,chr16,1607,C/A,True,0.9
398,chr4,368,G/A,True,0.9
399,chr10,787,T/T,True,0.9
400,chr7,784,A/T,True,0.9
401,chr21,998,T/A,True,0.9
402,chr17,1160,T/C,True,0.9
403,chr8,583,A/T,True,0.9
404,chr1,1899,C/C,True,0.9
405,chr13,701,T/G,True,0.9
406,chr9,428,A/T,True,0.9
407,chr4,704,C/C,True,0.9
408,chr9,1485,A/T,True,0.9
409,chr12,230,C/G,True,0.9
410,chrY,1275,A/A,True,0.9
411,chr12,782,C/G,True,0.9
412,chrY,1217,A/T,True,0.9
413,chrY,39,A/C,True,0.9
414,chr22,581,G/A,True,0.9
415,chr3,1239,C/T,True,0.9
416,chr1,249,A/C,True,0.9
417,chrY,1337,C/T,True,0.9
418,chr16,740,G/C,True,0.9
419,chr18,1269,A/G,True,0.9
420,chr12,1095,C/T,True,0.9
421,chr15,1667,T/C,True,0.9
422,chrY,1062,G/T,True,0.9
423,chr8,1161,C/T,True,0.9
424,chr10,189,A/T,True,0.9
425,chr8,1822,A/C,True,0.9
426,chr19,1000,A/A,True,0.9
427,chr10,801,A/C,True,0.9
428,chr20,1895,G/A,True,0.9
429,chr1,857,C/T,True,0.9
430,chr6,1876,C/C,True,0.9
431,chr21,1589,T/A,True,0.9
432,chr21,1082,A/C,True,0.9
433,chr3,414,A/C,True,0.9
434,chr11,1415,A/C,True,0.9
435,chr13,1749,T/A,True,0.9
436,chrY,111,G/C,True,0.9
437,chr3,917,A/A,True,0.9
438,chr3,1238,G/A,True,0.9
439,chr12,236,A/G,True,0.9
440,chr4,1687,A/C,True,0.9
441,chr12,84,A/T,True,0.9
442,chrX,200,T/C,True,0.9
443,chr9,1828,T/C,True,0.9
444,chr20,765,A/G,True,0.9
445,chr9,957,G/G,True,0.9
446,chr3,1519,T/G,True,0.9
447,chr6,1346,C/C,True,0.9
448,chr13,334,G/C,True,0.9
449,chrX,1892,C/A,True,0.9
450,chr4,1994,C/A,True,0.9
451,chr13,1663,G/A,True,0.9
452,chr21,1381,T/T,True,0.9
453,chrY,1854,T/C,True,0.9
454,chrX,1438,T/A,True,0.9
455,chr7,1062,C/G,True,0.9
456,chr10,1638,G/T,True,0.9
457,chrX,1744,T/A,True,0.9
458,chrX,1535,A/T,True,0.9
459,chr3,70,C/G,True,0.9
460,chr10,1927,C/G,True,0.9
461,chr16,647,A/A,True,0.9
462,chr13,1111,T/T,True,0.9
463,chr4,1527,C/A,True,0.9
464,chrY,448,A/T,True,0.9
465,chr2,1755,T/G,True,0.9
466,chr9,1319,G/T,True,0.9
467,chr12,1615,A/T,True,0.9
468,chr10,1624,A/A,True,0.9
469,chr17,971,G/G,True,0.9
470,chr20,637,T/C,True,0.9
471,chr1,1676,C/G,True,0.9
472,chr14,1957,T/C,True,0.9
473,chr1,1172,T/C,True,0.9
474,chr15,1804,A/A,True,0.9
475,chr8,239,G/G,True,0.9
476,chr5,836,C/A,True,0.9
477,chr17,104,C/T,True,0.9
478,chr13,1114,G/A,True,0.9
479,chr22,1553,G/C,True,0.9
480,chr8,655,C/T,True,0.9
481,chr21,75,C/T,True,0.9
482,chr17,1697,A/C,True,0.9
483,chr14,327,T/A,True,0.9
484,chr19,1830,G/G,True,0.9
485,chr9,1574,T/C,True,0.9
486,chr19,1962,A/G,True,0.9
487,chr17,1899,T/G,True,0.9
488,chr22,1679,G/G,True,0.9
489,chr8,1065,T/C,True,0.9
490,chr17,62,C/T,True,0.9
491,chr8,48,C/T,True,0.9
492,chr6,1022,C/T,True,0.9
493,chr10,1946,G/C,True,0.9
494,chr19,1802,T/A,True,0.9
495,chr22,1950,T/T,True,0.9
496,chr8,1276,A/T,True,0.9
497,chr5,183,G/C,True,0.9
498,chr1,1236,G/A,True,0.9
499,chr11,1987,T/T,True,0.9
500,chr1,818,A/G,True,0.9
501,chr12,237,A/G,True,0.9
502,chr4,233,G/A,True,0.9
503,chr15,392,G/C,True,0.9
