,CHROMOSOME,pos,mut,is_ok,approved_ratio
0,chr5,615,G/A,True,0.9
1,chr7,1960,G/T,True,0.9
2,chr15,1760,T/G,True,0.9
3,chr22,1792,G/G,True,0.9
4,chr6,1831,G/G,True,0.9
5,chr16,100,G/T,True,0.9
6,chrY,1431,C/A,True,0.9
7,chr7,430,G/T,True,0.9
8,chr1,8,G/T,True,0.9
9,chrX,395,T/A,True,0.9
10,chr16,308,A/G,True,0.9
11,chr21,1195,C/C,True,0.9
12,chr7,1901,A/G,True,0.9
13,chrY,852,C/T,True,0.9
14,chrY,288,G/G,True,0.9
15,chr7,64,G/G,True,0.9
16,chr6,1137,G/C,True,0.9
17,chr14,215,A/T,True,0.9
18,chr7,401,C/A,True,0.9
19,chr6,1899,A/G,True,0.9
20,chr15,1346,A/G,True,0.9
21,chr16,1572,G/A,True,0.9
22,chr14,1599,C/G,True,0.9
23,chr18,81,G/T,True,0.9
24,chr7,1400,C/T,True,0.9
25,chr6,1346,A/C,True,0.9
26,chr7,103,C/C,True,0.9
27,chr21,600,T/T,True,0.9
28,chr14,825,T/G,True,0.9
29,chr22,1533,A/G,True,0.9
30,chrY,1230,A/G,True,0.9
31,chr11,1642,T/C,True,0.9
32,chr15,1846,C/G,True,0.9
33,chr6,377,T/T,True,0.9
34,chr6,1894,C/A,True,0.9
35,chrY,650,T/T,True,0.9
36,chr13,945,T/A,True,0.9
37,chr11,609,G/T,True,0.9
38,chr14,1496,A/T,True,0.9
39,chr19,70,T/C,True,0.9
40,chr8,1589,T/A,True,0.9
41,chr16,1883,C/C,True,0.9
42,chr12,1634,G/C,True,0.9
43,chr20,626,G/C,True,0.9
44,chr9,501,C/C,True,0.9
45,chrY,123,G/C,True,0.9
46,chr14,532,A/G,True,0.9
47,chrY,1935,C/G,True,0.9
48,chr5,643,T/A,True,0.9
49,chr20,1300,C/T,True,0.9
50,chr18,1962,C/A,True,0.9
51,chr12,1577,G/C,True,0.9
52,chr8,1697,G/A,True,0.9
53,chr4,693,A/T,True,0.9
54,chrY,782,G/C,True,0.9
55,chr19,1433,G/G,True,0.9
56,chr14,400,C/A,True,0.9
57,chr5,938,T/C,True,0.9
58,chr22,954,C/G,True,0.9
59,chr10,554,G/C,True,0.9
60,chr5,1033,A/G,True,0.9
61,chrX,362,G/A,True,0.9
62,chr16,60,G/C,True,0.9
63,chr19,260,C/A,True,0.9
64,chr20,1885,C/C,True,0.9
65,chr1,1023,T/A,True,0.9
66,chr4,1514,C/T,True,0.9
67,chr21,732,G/G,True,0.9
68,chr2,349,T/G,True,0.9
69,chr10,881,C/T,True,0.9
70,chr4,487,A/G,True,0.9
71,chr17,1364,C/C,True,0.9
72,chr15,143,A/C,True,0.9
73,chr22,74,T/T,True,0.9
74,chr2,1802,G/T,True,0.9
75,chr4,1270,A/T,True,0.9
76,chr10,334,G/C,True,0.9
77,chr6,365,G/T,True,0.9
78,chr16,1137,G/C,True,0.9
79,chr4,1314,A/G,True,0.9
80,chr11,495,T/C,True,0.9
81,chr4,303,A/C,True,0.9
82,chr1,1429,T/C,True,0.9
83,chr8,1199,C/A,True,0.9
84,chr1,256,A/A,True,0.9
85,chr18,273,T/T,True,0.9
86,chr5,1392,G/C,True,0.9
87,chr9,1187,A/T,True,0.9
88,chr3,750,C/A,True,0.9
89,chr5,668,A/T,True,0.9
90,chr13,709,A/A,True,0.9
91,chr8,1272,G/G,True,0.9
92,chr21,1382,A/C,True,0.9
93,chr20,1746,G/G,True,0.9
94,chr19,568,T/G,True,0.9
95,chr7,240,A/G,True,0.9
96,chr13,1582,G/C,True,0.9
97,chr18,915,C/G,True,0.9
98,chr11,1081,C/G,True,0.9
99,chr21,1034,A/T,True,0.9
100,chr19,1138,C/G,True,0.9
101,chr1,765,C/A,True,0.9
102,chr21,848,G/A,True,0.9
103,chr16,1437,G/C,True,0.9
104,chr11,57,C/G,True,0.9
105,chr22,1291,T/G,True,0.9
106,chr9,1133,C/C,True,0.9
107,chr9,1510,C/A,True,0.9
108,chr19,1538,A/C,True,0.9
109,chr17,1887,C/C,True,0.9
110,chrX,539,C/C,True,0.9
111,chr21,166,T/A,True,0.9
112,chr5,1587,T/T,True,0.9
113,chr10,311,T/C,True,0.9
114,chr12,1840,C/T,True,0.9
115,chr12,1070,T/G,True,0.9
116,chr11,1346,G/G,True,0.9
117,chr7,1550,C/G,True,0.9
118,chr11,1119,A/G,True,0.9
119,chr3,157,T/C,True,0.9
120,chr21,424,G/A,True,0.9
121,chr15,108,T/G,True,0.9
122,chr6,1493,G/C,True,0.9
123,chr12,876,C/G,True,0.9
124,chr15,1064,G/T,True,0.9
125,chr5,910,C/A,True,0.9
126,chr13,1416,T/G,True,0.9
127,chr14,1609,C/G,True,0.9
128,chr11,1404,A/A,True,0.9
129,chr11,1002,G/A,True,0.9
130,chr3,1797,C/A,True,0.9
131,chr10,1785,A/A,True,0.9
132,chr6,1008,A/G,True,0.9
133,chr9,1629,C/C,True,0.9
134,chr10,1404,C/G,True,0.9
135,chr1,394,T/C,True,0.9
136,chr7,746,C/G,True,0.9
137,chr1,832,C/T,True,0.9
138,chr18,1697,T/G,True,0.9
139,chr8,1712,C/G,True,0.9
140,chr19,427,C/G,True,0.9
141,chr10,79,T/G,True,0.9
142,chr19,756,T/T,True,0.9
143,chr21,104,A/A,True,0.9
144,chr1,1007,A/T,True,0.9
145,chr16,1685,A/G,True,0.9
146,chr14,1054,G/C,True,0.9
147,chr6,350,C/A,True,0.9
148,chr7,630,A/C,True,0.9
149,chr2,1724,C/C,True,0.9
150,chr11,384,C/A,True,0.9
151,chr7,580,G/T,True,0.9
152,chr11,1661,T/A,True,0.9
153,chr3,1934,A/G,True,0.9
154,chr13,1656,G/G,True,0.9
155,chr20,489,C/T,True,0.9
156,chr19,152,C/C,True,0.9
157,chr3,280,G/C,True,0.9
158,chr4,1321,A/G,True,0.9
159,chr8,1447,G/G,True,0.9
160,chr16,1293,A/G,True,0.9
161,chr14,1297,T/A,True,0.9
162,chr2,658,G/A,True,0.9
163,chr15,281,C/T,True,0.9
164,chr16,1179,A/G,True,0.9
165,chr11,534,G/T,True,0.9
166,chr5,647,G/G,True,0.9
167,chr21,773,C/C,True,0.9
168,chr16,1879,A/G,True,0.9
169,chr21,839,T/C,True,0.9
170,chr21,1169,T/A,True,0.9
171,chr7,454,G/C,True,0.9
172,chr20,1897,T/A,True,0.9
173,chr20,1442,C/G,True,0.9
174,chr4,1955,G/T,True,0.9
175,chr13,653,A/C,True,0.9
176,chr21,1742,C/C,True,0.9
177,chr21,679,G/C,True,0.9
178,chr7,1146,T/T,True,0.9
179,chr14,1956,G/T,True,0.9
180,chr3,1249,T/C,True,0.9
181,chrY,151,T/G,True,0.9
182,chr16,1503,T/G,True,0.9
183,chr1,1695,T/C,True,0.9
184,chr21,432,T/T,True,0.9
185,chr8,698,G/G,True,0.9
186,chr6,543,A/A,True,0.9
187,chr15,349,G/T,True,0.9
188,chr21,300,G/G,True,0.9
189,chr10,1794,C/T,True,0.9
190,chr16,619,T/C,True,0.9
191,chr18,1703,T/A,True,0.9
192,chr4,825,A/A,True,0.9
193,chr18,762,G/A,True,0.9
194,chr13,754,T/T,True,0.9
195,chr22,1861,A/C,True,0.9
196,chr10,460,C/G,True,0.9
197,chr20,1292,A/C,True,0.9
198,chr8,735,G/T,True,0.9
199,chr7,37,C/G,True,0.9
200,chr22,1239,T/A,True,0.9
201,chr1,1891,C/A,True,0.9
202,chr5,797,C/G,True,0.9
203,chr13,1056,T/C,True,0.9
204,chr2,1630,T/T,True,0.9
205,chrX,1409,T/T,True,0.9
206,chr11,822,A/T,True,0.9
207,chr3,1988,G/C,True,0.9
208,chr7,1672,C/T,True,0.9
209,chr5,1841,G/G,True,0.9
210,chr4,1699,A/C,True,0.9
211,chr10,1701,G/T,True,0.9
212,chrX,837,C/C,True,0.9
213,chr12,352,T/T,True,0.9
214,chr3,1924,G/T,True,0.9
215,chr2,1039,G/G,True,0.9
216,chr7,250,A/A,True,0.9
217,chr22,1203,G/T,True,0.9
218,chr18,129,T/T,True,0.9
219,chr7,805,G/A,True,0.9
220,chrX,1493,T/A,True,0.9
221,chr1,1113,A/G,True,0.9
222,chr18,943,C/C,True,0.9
223,chr21,1869,G/G,True,0.9
224,chr13,1202,A/A,True,0.9
225,chr17,31,C/T,True,0.9
226,chr7,1864,T/A,True,0.9
227,chr19,1025,T/T,True,0.9
228,chr2,371,T/C,True,0.9
229,chr5,1466,A/G,True,0.9
230,chrX,214,C/C,True,0.9
231,chr3,316,C/A,True,0.9
232,chr13,411,G/T,True,0.9
233,chrX,576,T/C,True,0.9
234,chr20,405,A/A,True,0.9
235,chr10,793,T/G,True,0.9
236,chr3,1508,A/G,True,0.9
237,chr2,308,G/T,True,0.9
238,chr17,1495,C/C,True,0.9
239,chr18,204,C/C,True,0.9
240,chr22,258,C/C,True,0.9
241,chr6,1588,A/G,True,0.9
242,chr15,1275,A/C,True,0.9
243,chr7,1856,G/T,True,0.9
244,chr19,79,C/G,True,0.9
245,chr11,499,C/A,True,0.9
246,chr9,1098,A/A,True,0.9
247,chr15,840,T/T,True,0.9
248,chr16,310,G/G,True,0.9
249,chr7,964,G/T,True,0.9
250,chr16,1182,A/T,True,0.9
251,chrY,276,T/C,True,0.9
252,chr2,1357,G/A,True,0.9
253,chr8,1204,T/C,True,0.9
254,chrY,1687,T/T,True,0.9
255,chr16,1543,A/G,True,0.9
256,chr8,1940,T/C,True,0.9
257,chr22,393,T/T,True,0.9
258,chr19,307,T/A,True,0.9
259,chr10,765,G/T,True,0.9
260,chr12,656,T/A,True,0.9
261,chr19,1675,T/A,True,0.9
262,chr20,206,T/A,True,0.9
263,chrX,1731,G/C,True,0.9
264,chr4,1022,C/T,True,0.9
265,chr5,17,A/T,True,0.9
266,chrY,552,A/G,True,0.9
267,chr14,1418,G/A,True,0.9
268,chr15,1444,C/T,True,0.9
269,chr5,1229,G/C,True,0.9
270,chr16,726,G/T,True,0.9
271,chr16,1360,T/T,True,0.9
272,chrX,749,C/A,True,0.9
273,chr17,1995,G/C,True,0.9
274,chr9,1793,C/C,True,0.9
275,chr5,426,C/G,True,0.9
276,chr15,740,A/G,True,0.9
277,chr22,580,G/G,True,0.9
278,chr10,1915,T/A,True,0.9
279,chr14,1715,T/G,True,0.9
280,chr8,1126,T/C,True,0.9
281,chr13,265,A/A,True,0.9
282,chr20,1194,A/C,True,0.9
283,chr9,211,T/C,True,0.9
284,chr7,292,G/G,True,0.9
285,chr9,568,G/T,True,0.9
286,chr12,103,A/G,True,0.9
287,chr21,1781,C/G,True,0.9
288,chr1,1947,G/T,True,0.9
289,chr17,1765,C/T,True,0.9
290,chr5,1883,C/T,True,0.9
291,chr8,230,C/A,True,0.9
292,chr18,1396,T/G,True,0.9
293,chr3,1585,T/A,True,0.9
294,chrY,1475,G/C,True,0.9
295,chr7,1555,C/A,True,0.9
296,chr10,471,T/C,True,0.9
297,chr1,497,C/A,True,0.9
298,chr15,600,G/G,True,0.9
299,chr14,654,A/A,True,0.9
300,chr14,205,G/T,True,0.9
301,chr17,1704,A/C,True,0.9
302,chr14,1794,T/T,True,0.9
303,chr8,1082,A/G,True,0.9
304,chr12,1572,A/T,True,0.9
305,chr14,825,A/C,True,0.9
306,chr14,1431,G/T,True,0.9
307,chr5,1322,A/C,True,0.9
308,chrX,1473,A/T,True,0.9
309,chr10,1587,A/G,True,0.9
310,chr16,483,C/G,True,0.9
311,chr3,1172,C/G,True,0.9
312,chr14,1116,C/C,True,0.9
313,chr19,449,T/T,True,0.9
314,chr10,411,A/G,True,0.9
315,chr14,1024,A/T,True,0.9
316,chr4,1028,A/T,True,0.9
317,chr10,147,A/G,True,0.9
318,chr18,1735,T/T,True,0.9
319,chr2,1981,C/G,True,0.9
320,chr1,1950,T/C,True,0.9
321,chr19,919,T/A,True,0.9
322,chr17,1001,G/A,True,0.9
323,chr16,545,A/G,True,0.9
324,chr19,1156,A/G,True,0.9
325,chr14,1474,T/G,True,0.9
326,chr1,1435,T/T,True,0.9
327,chr7,1683,G/G,True,0.9
328,chr13,956,T/G,True,0.9
329,chr3,913,G/A,True,0.9
330,chr21,1697,G/T,True,0.9
331,chr12,284,G/T,True,0.9
332,chr3,567,G/A,True,0.9
333,chrX,246,G/C,True,0.9
334,chr18,226,C/T,True,0.9
335,chr2,1155,C/T,True,0.9
336,chr7,1771,T/G,True,0.9
337,chr10,782,G/T,True,0.9
338,chr19,1801,C/A,True,0.9
339,chr5,708,T/C,True,0.9
340,chr14,844,T/C,True,0.9
341,chr1,1466,C/T,True,0.9
342,chr19,1251,A/T,True,0.9
343,chr20,1512,C/A,True,0.9
344,chr20,628,C/T,True,0.9
345,chr8,1693,C/A,True,0.9
346,chr1,1495,A/A,True,0.9
347,chr11,947,A/T,True,0.9
348,chr17,1966,C/A,True,0.9
349,chrX,1793,A/G,True,0.9
350,chr15,375,G/C,True,0.9
351,chr3,351,A/C,True,0.9
352,chr6,457,T/C,True,0.9
353,chr18,1163,T/G,True,0.9
354,chr20,129,T/G,True,0.9
355,chr10,1834,T/C,True,0.9
356,chr11,525,T/A,True,0.9
357,chr20,29,C/T,True,0.9
358,chr10,1557,G/G,True,0.9
359,chr18,1989,C/T,True,0.9
360,chr5,976,T/G,True,0.9
361,chr19,1607,A/T,True,0.9
362,chr8,948,C/T,True,0.9
363,chr2,1399,C/A,True,0.9
364,chr1,361,G/C,True,0.9
365,chr9,136,C/C,True,0.9
366,chr8,689,G/G,True,0.9
367,chr16,495,A/C,True,0.9
368,chr9,498,A/A,True,0.9
369,chr8,771,C/G,True,0.9
370,chr16,76,G/C,True,0.9
371,chr2,1399,T/G,True,0.9
372,chr18,1750,T/A,True,0.9
373,chr15,1414,A/T,True,0.9
374,chr2,1889,G/C,True,0.9
375,chrY,1430,T/A,True,0.9
376,chr18,255,T/G,True,0.9
377,chr20,1270,A/A,True,0.9
378,chr11,1621,C/C,True,0.9
379,chr17,158,C/T,True,0.9
380,chr16,1053,G/A,True,0.9
381,chr21,387,A/T,True,0.9
382,chr15,636,C/G,True,0.9
383,chr4,1421,G/G,True,0.9
384,chr11,1419,T/T,True,0.9
385,chr20,667,T/G,True,0.9
386,chr19,934,A/T,True,0.9
387,chr9,49,C/C,True,0.9
388,chr16,365,T/A,True,0.9
389,chrY,424,T/T,True,0.9
390,chr7,1327,T/T,True,0.9
391,chr16,1926,A/G,True,0.9
392,chr13,1365,C/C,True,0.9
393,chr4,1381,C/A,True,0.9
394,chr15,362,G/T,True,0.9
395,chr5,1562,A/C,True,0.9
396,chr9,135,T/G,True,0.9
397,chr22,1739,G/T,True,0.9
398,chr7,784,A/T,True,0.9
399,chrX,1991,C/G,True,0.9
400,chr21,1076,C/G,True,0.9
401,chr2,555,T/G,True,0.9
402,chr22,1007,G/A,True,0.9
403,chr8,583,A/T,True,0.9
404,chr13,701,T/G,True,0.9
405,chr22,1298,G/G,True,0.9
406,chr22,868,C/C,True,0.9
407,chr10,1487,G/G,True,0.9
408,chr7,1849,T/C,True,0.9
409,chr18,1529,C/G,True,0.9
410,chr4,704,C/C,True,0.9
411,chr9,1485,A/T,True,0.9
412,chr12,230,C/G,True,0.9
413,chr14,746,A/T,True,0.9
414,chrY,1217,A/T,True,0.9
415,chrY,39,A/C,True,0.9
416,chr17,77,T/A,True,0.9
417,chrY,1337,C/T,True,0.9
418,chr5,1776,G/G,True,0.9
419,chr16,740,G/C,True,0.9
420,chr6,1720,C/C,True,0.9
421,chrY,1610,T/T,True,0.9
422,chr6,1857,G/C,True,0.9
423,chr1,1727,A/C,True,0.9
424,chr18,1269,A/G,True,0.9
425,chrY,1062,G/T,True,0.9
426,chr10,189,A/T,True,0.9
427,chr18,77,T/C,True,0.9
428,chr8,1106,T/A,True,0.9
429,chr17,1710,G/T,True,0.9
430,chr21,1082,A/C,True,0.9
431,chr7,1158,A/A,True,0.9
432,chr3,414,A/C,True,0.9
433,chr7,666,C/G,True,0.9
434,chr6,326,T/C,True,0.9
435,chr2,1348,C/T,True,0.9
436,chrY,111,G/C,True,0.9
437,chr1,954,T/G,True,0.9
438,chr2,1036,A/G,True,0.9
439,chr12,236,A/G,True,0.9
440,chr4,1687,A/C,True,0.9
441,chr9,1828,T/C,True,0.9
442,chr4,1474,A/T,True,0.9
443,chrY,1909,T/A,True,0.9
444,chr20,765,A/G,True,0.9
445,chr5,1143,T/T,True,0.9
446,chr9,957,G/G,True,0.9
447,chr16,527,C/G,True,0.9
448,chr7,332,A/T,True,0.9
449,chr7,1110,T/G,True,0.9
450,chr13,1663,G/A,True,0.9
451,chr11,1226,A/T,True,0.9
452,chr7,1062,C/G,True,0.9
453,chr10,1638,G/T,True,0.9
454,chr11,408,T/T,True,0.9
455,chr15,1676,A/A,True,0.9
456,chrX,1535,A/T,True,0.9
457,chr12,1401,G/T,True,0.9
458,chr4,1829,G/T,True,0.9
459,chr16,338,C/C,True,0.9
460,chr22,235,T/C,True,0.9
461,chr7,1411,C/C,True,0.9
462,chrY,448,A/T,True,0.9
463,chr2,98,G/C,True,0.9
464,chr17,759,A/T,True,0.9
465,chr2,1755,T/G,True,0.9
466,chr9,1319,G/T,True,0.9
467,chr12,1615,A/T,True,0.9
468,chr2,539,G/C,True,0.9
469,chr8,818,G/G,True,0.9
470,chr17,971,G/G,True,0.9
471,chr20,637,T/C,True,0.9
472,chr2,1074,C/T,True,0.9
473,chr22,86,C/A,True,0.9
474,chr17,1986,T/A,True,0.9
475,chr20,850,A/A,True,0.9
476,chr6,1829,C/G,True,0.9
477,chr10,1300,G/T,True,0.9
478,chr17,1697,A/C,True,0.9
479,chr19,1394,A/G,True,0.9
480,chr14,327,T/A,True,0.9
481,chrX,1549,C/A,True,0.9
482,chr13,189,G/T,True,0.9
483,chr20,216,C/A,True,0.9
484,chr11,728,A/C,True,0.9
485,chr6,954,T/T,True,0.9
486,chr22,1844,G/T,True,0.9
487,chrX,1228,C/G,True,0.9
488,chr12,763,G/C,True,0.9
489,chr6,1022,C/T,True,0.9
490,chr19,1802,T/A,True,0.9
491,chr6,133,C/G,True,0.9
492,chr22,1950,T/T,True,0.9
493,chr8,1276,A/T,True,0.9
494,chr5,183,G/C,True,0.9
495,chr6,1289,C/A,True,0.9
496,chr6,1584,C/C,True,0.9
497,chrY,895,G/A,True,0.9
498,chr9,710,C/T,True,0.9
