,CHROMOSOME,pos,mut,is_ok,approved_ratio
0,chr10,409,C/C,True,0.9
1,chr17,91,G/G,True,0.9
2,chr19,29,A/A,True,0.9
3,chr7,1960,G/T,True,0.9
4,chr11,1682,G/A,True,0.9
5,chr22,1792,G/G,True,0.9
6,chr14,1032,C/T,True,0.9
7,chr15,763,G/A,True,0.9
8,chr1,1694,G/A,True,0.9
9,chr6,1831,G/G,True,0.9
10,chr6,1360,A/A,True,0.9
11,chr7,430,G/T,True,0.9
12,chr1,8,G/T,True,0.9
13,chr22,1354,A/T,True,0.9
14,chr13,511,C/T,True,0.9
15,chr21,1195,C/C,True,0.9
16,chr7,1901,A/G,True,0.9
17,chr3,382,G/T,True,0.9
18,chr15,1987,T/A,True,0.9
19,chr6,1137,G/C,True,0.9
20,chr14,1900,C/C,True,0.9
21,chr14,215,A/T,True,0.9
22,chrX,1815,A/C,True,0.9
23,chr15,1346,A/G,True,0.9
24,chr16,1572,G/A,True,0.9
25,chr14,1599,C/G,True,0.9
26,chr3,200,G/A,True,0.9
27,chr19,1015,G/A,True,0.9
28,chr11,1259,A/T,True,0.9
29,chr5,795,A/A,True,0.9
30,chr1,1206,A/T,True,0.9
31,chr7,103,C/C,True,0.9
32,chr22,1533,A/G,True,0.9
33,chr5,321,A/C,True,0.9
34,chr11,1642,T/C,True,0.9
35,chr6,1710,C/A,True,0.9
36,chr20,1003,C/A,True,0.9
37,chr7,889,G/C,True,0.9
38,chr4,438,T/T,True,0.9
39,chr22,1962,T/G,True,0.9
40,chr11,1201,G/C,True,0.9
41,chr5,1016,C/T,True,0.9
42,chr10,609,A/T,True,0.9
43,chr3,1808,G/C,True,0.9
44,chr20,1443,A/G,True,0.9
45,chr14,212,C/T,True,0.9
46,chr2,1132,G/A,True,0.9
47,chrY,1553,A/G,True,0.9
48,chr14,1496,A/T,True,0.9
49,chrY,1420,A/C,True,0.9
50,chr7,1849,A/T,True,0.9
51,chr4,836,T/A,True,0.9
52,chr4,1554,T/C,True,0.9
53,chr9,233,C/G,True,0.9
54,chr2,1618,C/C,True,0.9
55,chr11,1799,A/A,True,0.9
56,chr13,839,C/T,True,0.9
57,chr22,1874,A/A,True,0.9
58,chrX,1943,A/C,True,0.9
59,chr18,1962,C/A,True,0.9
60,chr12,1577,G/C,True,0.9
61,chr16,1246,T/C,True,0.9
62,chr3,536,C/T,True,0.9
63,chr11,742,C/T,True,0.9
64,chr6,1313,C/C,True,0.9
65,chr11,136,G/G,True,0.9
66,chr5,938,T/C,True,0.9
67,chr13,1608,T/C,True,0.9
68,chr19,1607,T/G,True,0.9
69,chr7,227,A/A,True,0.9
70,chrX,362,G/A,True,0.9
71,chrX,1106,A/G,True,0.9
72,chr22,1798,G/T,True,0.9
73,chr16,60,G/C,True,0.9
74,chr10,1486,A/C,True,0.9
75,chr20,1885,C/C,True,0.9
76,chr1,1023,T/A,True,0.9
77,chr6,193,T/T,True,0.9
78,chr22,536,T/T,True,0.9
79,chr4,1514,C/T,True,0.9
80,chr16,1766,C/T,True,0.9
81,chr10,910,C/C,True,0.9
82,chr12,1214,A/C,True,0.9
83,chr2,349,T/G,True,0.9
84,chr9,1717,T/A,True,0.9
85,chr1,1298,A/A,True,0.9
86,chr19,420,G/T,True,0.9
87,chr10,37,A/T,True,0.9
88,chr2,1802,G/T,True,0.9
89,chr8,72,T/A,True,0.9
90,chr8,1532,A/G,True,0.9
91,chr5,590,T/A,True,0.9
92,chr16,1137,G/C,True,0.9
93,chr1,659,G/C,True,0.9
94,chr15,818,C/T,True,0.9
95,chr14,224,T/C,True,0.9
96,chr11,102,C/T,True,0.9
97,chrX,1954,T/A,True,0.9
98,chr5,1965,G/A,True,0.9
99,chr22,1000,C/C,True,0.9
100,chr12,442,C/G,True,0.9
101,chr1,256,A/A,True,0.9
102,chrX,842,C/T,True,0.9
103,chr1,1914,G/T,True,0.9
104,chr18,273,T/T,True,0.9
105,chr5,1522,G/C,True,0.9
106,chr12,1692,C/G,True,0.9
107,chr21,822,A/C,True,0.9
108,chr20,879,G/C,True,0.9
109,chr22,406,G/C,True,0.9
110,chr19,1537,G/A,True,0.9
111,chr13,709,A/A,True,0.9
112,chr8,1272,G/G,True,0.9
113,chr18,830,T/A,True,0.9
114,chr20,1768,G/G,True,0.9
115,chr21,1382,A/C,True,0.9
116,chr15,838,C/G,True,0.9
117,chr19,568,T/G,True,0.9
118,chr16,420,T/T,True,0.9
119,chr6,1265,C/C,True,0.9
120,chr13,1508,G/A,True,0.9
121,chr6,1794,C/T,True,0.9
122,chrX,1767,G/A,True,0.9
123,chr22,441,C/T,True,0.9
124,chr16,922,A/C,True,0.9
125,chr6,1474,G/T,True,0.9
126,chr22,35,C/G,True,0.9
127,chrX,842,T/T,True,0.9
128,chrX,1767,A/C,True,0.9
129,chrX,1417,G/T,True,0.9
130,chr7,1534,G/T,True,0.9
131,chr21,628,A/A,True,0.9
132,chr11,744,A/A,True,0.9
133,chr22,1204,T/A,True,0.9
134,chr3,520,A/A,True,0.9
135,chr21,128,A/A,True,0.9
136,chr11,1711,C/C,True,0.9
137,chr21,848,G/A,True,0.9
138,chr22,1291,T/G,True,0.9
139,chr18,121,C/G,True,0.9
140,chr9,1510,C/A,True,0.9
141,chr21,471,C/A,True,0.9
142,chr3,1923,T/A,True,0.9
143,chr21,166,T/A,True,0.9
144,chr12,1070,T/G,True,0.9
145,chr11,1119,A/G,True,0.9
146,chr21,424,G/A,True,0.9
147,chr19,88,T/T,True,0.9
148,chr17,629,C/A,True,0.9
149,chr15,108,T/G,True,0.9
150,chr5,910,C/A,True,0.9
151,chr14,1609,C/G,True,0.9
152,chr11,1404,A/A,True,0.9
153,chr1,1416,C/A,True,0.9
154,chr9,1629,C/C,True,0.9
155,chr7,746,C/G,True,0.9
156,chr1,832,C/T,True,0.9
157,chr18,1697,T/G,True,0.9
158,chr8,1712,C/G,True,0.9
159,chr19,427,C/G,True,0.9
160,chrX,403,T/A,True,0.9
161,chr5,2,A/G,True,0.9
162,chr11,1716,T/T,True,0.9
163,chr12,1539,A/T,True,0.9
164,chr21,497,T/A,True,0.9
165,chr4,1399,A/T,True,0.9
166,chr8,525,A/C,True,0.9
167,chr2,1724,C/C,True,0.9
168,chr7,580,G/T,True,0.9
169,chr11,1661,T/A,True,0.9
170,chr3,1934,A/G,True,0.9
171,chr22,413,G/C,True,0.9
172,chr16,1605,A/C,True,0.9
173,chr13,1656,G/G,True,0.9
174,chr20,489,C/T,True,0.9
175,chr3,280,G/C,True,0.9
176,chr2,385,G/T,True,0.9
177,chr10,1288,C/T,True,0.9
178,chrX,532,T/G,True,0.9
179,chr22,1848,C/A,True,0.9
180,chr8,1447,G/G,True,0.9
181,chr14,1297,T/A,True,0.9
182,chr3,1553,T/T,True,0.9
183,chr13,663,A/A,True,0.9
184,chr21,1169,T/A,True,0.9
185,chr7,454,G/C,True,0.9
186,chr14,1956,G/T,True,0.9
187,chr14,51,A/A,True,0.9
188,chrY,151,T/G,True,0.9
189,chr16,1503,T/G,True,0.9
190,chr19,293,G/G,True,0.9
191,chr16,1695,C/A,True,0.9
192,chr1,1695,T/C,True,0.9
193,chr6,543,A/A,True,0.9
194,chr15,341,A/G,True,0.9
195,chr16,619,T/C,True,0.9
196,chr8,1546,A/T,True,0.9
197,chr18,762,G/A,True,0.9
198,chr7,620,C/G,True,0.9
199,chr9,612,T/C,True,0.9
200,chr19,12,A/C,True,0.9
201,chr13,754,T/T,True,0.9
202,chr17,301,T/G,True,0.9
203,chr15,361,A/G,True,0.9
204,chr22,1861,A/C,True,0.9
205,chr8,735,G/T,True,0.9
206,chr7,37,C/G,True,0.9
207,chrY,1149,C/A,True,0.9
208,chr22,1199,G/A,True,0.9
209,chr1,1891,C/A,True,0.9
210,chr1,93,T/T,True,0.9
211,chr6,115,C/C,True,0.9
212,chr2,1630,T/T,True,0.9
213,chrX,1409,T/T,True,0.9
214,chr15,1435,C/T,True,0.9
215,chr4,1550,C/C,True,0.9
216,chr19,1360,C/T,True,0.9
217,chr5,1841,G/G,True,0.9
218,chr4,1699,A/C,True,0.9
219,chr17,540,C/G,True,0.9
220,chr16,387,C/C,True,0.9
221,chr2,1039,G/G,True,0.9
222,chr13,1798,C/T,True,0.9
223,chr7,12,C/C,True,0.9
224,chr7,250,A/A,True,0.9
225,chr18,129,T/T,True,0.9
226,chr21,1869,G/G,True,0.9
227,chr11,1763,G/G,True,0.9
228,chr7,1864,T/A,True,0.9
229,chr19,1025,T/T,True,0.9
230,chr4,734,G/C,True,0.9
231,chr17,646,A/A,True,0.9
232,chr17,734,C/A,True,0.9
233,chr20,1836,T/T,True,0.9
234,chrX,576,T/C,True,0.9
235,chr16,123,C/C,True,0.9
236,chr20,302,T/A,True,0.9
237,chr5,68,A/A,True,0.9
238,chr18,204,C/C,True,0.9
239,chr3,1360,C/T,True,0.9
240,chr4,1768,C/T,True,0.9
241,chr7,1856,G/T,True,0.9
242,chr12,947,T/C,True,0.9
243,chrY,465,A/A,True,0.9
244,chr11,499,C/A,True,0.9
245,chr3,1874,C/C,True,0.9
246,chr3,1340,G/A,True,0.9
247,chr9,1098,A/A,True,0.9
248,chr15,840,T/T,True,0.9
249,chr2,1644,C/A,True,0.9
250,chr7,964,G/T,True,0.9
251,chr16,1182,A/T,True,0.9
252,chrY,276,T/C,True,0.9
253,chr8,1204,T/C,True,0.9
254,chrY,1687,T/T,True,0.9
255,chr11,412,C/G,True,0.9
256,chr9,70,A/A,True,0.9
257,chr16,1543,A/G,True,0.9
258,chr5,225,T/C,True,0.9
259,chr12,656,T/A,True,0.9
260,chr19,1675,T/A,True,0.9
261,chr17,1123,T/C,True,0.9
262,chr15,1626,G/C,True,0.9
263,chr18,1472,G/A,True,0.9
264,chr20,206,T/A,True,0.9
265,chr4,1022,C/T,True,0.9
266,chr9,1473,C/A,True,0.9
267,chr14,1418,G/A,True,0.9
268,chr15,1444,C/T,True,0.9
269,chr3,627,G/C,True,0.9
270,chr7,878,G/C,True,0.9
271,chr15,1745,A/T,True,0.9
272,chrX,749,C/A,True,0.9
273,chr17,1995,G/C,True,0.9
274,chr6,129,T/T,True,0.9
275,chr9,776,A/G,True,0.9
276,chr21,1042,C/G,True,0.9
277,chrX,1661,T/G,True,0.9
278,chr13,1209,G/T,True,0.9
279,chrX,514,T/A,True,0.9
280,chr6,1979,C/C,True,0.9
281,chr7,399,A/C,True,0.9
282,chr15,800,A/T,True,0.9
283,chr5,426,C/G,True,0.9
284,chr15,740,A/G,True,0.9
285,chr16,287,C/G,True,0.9
286,chr22,580,G/G,True,0.9
287,chr10,1915,T/A,True,0.9
288,chr8,1879,T/T,True,0.9
289,chr14,234,C/C,True,0.9
290,chr14,1715,T/G,True,0.9
291,chr1,392,G/C,True,0.9
292,chr5,1203,A/G,True,0.9
293,chr5,744,G/G,True,0.9
294,chr13,265,A/A,True,0.9
295,chr20,1194,A/C,True,0.9
296,chr9,211,T/C,True,0.9
297,chr7,292,G/G,True,0.9
298,chrY,266,A/C,True,0.9
299,chr9,1902,A/T,True,0.9
300,chr3,532,T/C,True,0.9
301,chrY,784,T/A,True,0.9
302,chr5,94,G/T,True,0.9
303,chr1,1947,G/T,True,0.9
304,chr7,1447,A/G,True,0.9
305,chr13,130,A/G,True,0.9
306,chr9,329,A/A,True,0.9
307,chr16,1375,T/A,True,0.9
308,chrX,324,A/A,True,0.9
309,chr7,120,A/A,True,0.9
310,chr10,471,T/C,True,0.9
311,chr3,259,C/T,True,0.9
312,chr22,1978,C/G,True,0.9
313,chr1,459,G/G,True,0.9
314,chr17,1704,A/C,True,0.9
315,chr18,849,T/G,True,0.9
316,chr14,825,A/C,True,0.9
317,chr10,1587,A/G,True,0.9
318,chr16,483,C/G,True,0.9
319,chr16,35,A/T,True,0.9
320,chr10,411,A/G,True,0.9
321,chr14,1024,A/T,True,0.9
322,chr12,762,A/T,True,0.9
323,chr16,545,A/G,True,0.9
324,chr4,1056,C/C,True,0.9
325,chr7,355,T/G,True,0.9
326,chr19,1156,A/G,True,0.9
327,chr12,76,T/T,True,0.9
328,chr9,1656,G/C,True,0.9
329,chr22,1237,A/A,True,0.9
330,chr3,913,G/A,True,0.9
331,chr21,1697,G/T,True,0.9
332,chr11,494,G/T,True,0.9
333,chr17,1966,C/G,True,0.9
334,chr17,737,A/A,True,0.9
335,chr18,226,C/T,True,0.9
336,chr3,1043,A/G,True,0.9
337,chr8,860,T/G,True,0.9
338,chr6,333,A/G,True,0.9
339,chr5,708,T/C,True,0.9
340,chr1,954,A/A,True,0.9
341,chr20,122,T/T,True,0.9
342,chr10,1389,G/G,True,0.9
343,chr3,770,G/C,True,0.9
344,chr20,1512,C/A,True,0.9
345,chr20,628,C/T,True,0.9
346,chr21,242,G/G,True,0.9
347,chr22,1261,T/A,True,0.9
348,chr15,375,G/C,True,0.9
349,chr3,351,A/C,True,0.9
350,chr8,480,T/A,True,0.9
351,chrY,1636,C/T,True,0.9
352,chr11,865,T/A,True,0.9
353,chr10,1834,T/C,True,0.9
354,chr20,942,T/G,True,0.9
355,chr11,525,T/A,True,0.9
356,chr21,1518,G/G,True,0.9
357,chr7,694,C/A,True,0.9
358,chr2,540,G/T,True,0.9
359,chrX,173,A/T,True,0.9
360,chr18,1337,G/T,True,0.9
361,chr17,1241,C/A,True,0.9
362,chr9,136,C/C,True,0.9
363,chr6,1896,A/T,True,0.9
364,chr16,495,A/C,True,0.9
365,chr9,498,A/A,True,0.9
366,chr17,572,T/A,True,0.9
367,chrX,1014,T/G,True,0.9
368,chr2,1685,C/C,True,0.9
369,chr3,323,G/C,True,0.9
370,chr8,1159,G/A,True,0.9
371,chr2,1889,G/C,True,0.9
372,chr19,1253,C/T,True,0.9
373,chr2,1848,C/A,True,0.9
374,chr1,510,G/C,True,0.9
375,chr17,158,C/T,True,0.9
376,chr4,1421,G/G,True,0.9
377,chr20,1731,A/G,True,0.9
378,chr2,367,A/T,True,0.9
379,chr1,9,G/C,True,0.9
380,chr5,1841,T/G,True,0.9
381,chr17,1535,A/C,True,0.9
382,chr7,1327,T/T,True,0.9
383,chr9,1241,C/C,True,0.9
384,chr13,1365,C/C,True,0.9
385,chr20,761,C/G,True,0.9
386,chr8,950,T/C,True,0.9
387,chr11,1900,A/C,True,0.9
388,chr9,135,T/G,True,0.9
389,chr8,1478,G/C,True,0.9
390,chr21,1076,C/G,True,0.9
391,chr2,555,T/G,True,0.9
392,chr22,1007,G/A,True,0.9
393,chr9,428,A/T,True,0.9
394,chr22,868,C/C,True,0.9
395,chr7,1849,T/C,True,0.9
396,chr3,689,G/G,True,0.9
397,chr12,1205,G/G,True,0.9
398,chr18,1529,C/G,True,0.9
399,chr7,955,T/A,True,0.9
400,chr9,1485,A/T,True,0.9
401,chr10,755,T/T,True,0.9
402,chr10,1620,C/C,True,0.9
403,chr7,275,T/G,True,0.9
404,chr22,1084,T/G,True,0.9
405,chr14,746,A/T,True,0.9
406,chr22,581,G/A,True,0.9
407,chr3,1239,C/T,True,0.9
408,chr17,77,T/A,True,0.9
409,chr18,1467,G/A,True,0.9
410,chr5,1776,G/G,True,0.9
411,chr1,1107,A/C,True,0.9
412,chr12,23,C/C,True,0.9
413,chr19,1249,A/T,True,0.9
414,chr18,1061,C/C,True,0.9
415,chr15,587,G/T,True,0.9
416,chr16,31,C/T,True,0.9
417,chr14,664,C/A,True,0.9
418,chr21,1091,A/G,True,0.9
419,chr9,468,A/C,True,0.9
420,chr19,515,T/C,True,0.9
421,chr6,609,A/T,True,0.9
422,chr8,1106,T/A,True,0.9
423,chr15,1369,G/A,True,0.9
424,chr1,857,C/T,True,0.9
425,chr20,304,T/A,True,0.9
426,chr7,666,C/G,True,0.9
427,chr10,1231,A/C,True,0.9
428,chr5,1031,G/G,True,0.9
429,chr17,1226,G/C,True,0.9
430,chr3,1238,G/A,True,0.9
431,chr7,479,C/T,True,0.9
432,chr2,1036,A/G,True,0.9
433,chr4,29,T/G,True,0.9
434,chr4,1690,A/G,True,0.9
435,chr5,1143,T/T,True,0.9
436,chr14,1534,G/C,True,0.9
437,chrY,1857,T/T,True,0.9
438,chr6,1346,C/C,True,0.9
439,chr15,690,A/T,True,0.9
440,chr21,1381,T/T,True,0.9
441,chrY,1854,T/C,True,0.9
442,chr12,361,G/A,True,0.9
443,chrX,1438,T/A,True,0.9
444,chr7,1062,C/G,True,0.9
445,chr10,1638,G/T,True,0.9
446,chrY,176,G/G,True,0.9
447,chr15,150,A/C,True,0.9
448,chr1,483,C/G,True,0.9
449,chr10,1836,C/T,True,0.9
450,chr18,970,T/G,True,0.9
451,chr16,647,A/A,True,0.9
452,chr9,965,G/G,True,0.9
453,chr14,1266,C/T,True,0.9
454,chrY,448,A/T,True,0.9
455,chr1,205,T/T,True,0.9
456,chr8,1293,A/A,True,0.9
457,chr2,539,G/C,True,0.9
458,chr10,1624,A/A,True,0.9
459,chr12,720,A/C,True,0.9
460,chr2,1074,C/T,True,0.9
461,chr18,1918,G/A,True,0.9
462,chr21,706,C/C,True,0.9
463,chr18,1833,T/G,True,0.9
464,chr1,1172,T/C,True,0.9
465,chr20,685,A/C,True,0.9
466,chr7,1767,T/T,True,0.9
467,chr20,850,A/A,True,0.9
468,chr4,1432,G/T,True,0.9
469,chr13,1400,C/T,True,0.9
470,chr18,527,T/G,True,0.9
471,chr20,13,A/T,True,0.9
472,chr8,1059,C/C,True,0.9
473,chr19,597,G/G,True,0.9
474,chr11,579,G/T,True,0.9
475,chrY,1762,G/T,True,0.9
476,chr13,189,G/T,True,0.9
477,chr20,216,C/A,True,0.9
478,chr19,1830,G/G,True,0.9
479,chr4,150,A/T,True,0.9
480,chr11,728,A/C,True,0.9
481,chr22,61,G/A,True,0.9
482,chr9,1574,T/C,True,0.9
483,chr3,502,A/A,True,0.9
484,chr21,1522,T/T,True,0.9
485,chr2,128,C/C,True,0.9
486,chr8,1065,T/C,True,0.9
487,chrY,354,T/A,True,0.9
488,chr16,72,C/T,True,0.9
489,chr19,427,T/T,True,0.9
490,chr6,133,C/G,True,0.9
491,chr13,1445,G/T,True,0.9
492,chr22,1419,T/A,True,0.9
493,chr21,784,C/A,True,0.9
494,chr21,1602,G/C,True,0.9
495,chr3,1099,A/T,True,0.9
496,chr11,1987,T/T,True,0.9
497,chr18,627,C/T,True,0.9
498,chrY,895,G/A,True,0.9
499,chr8,815,T/G,True,0.9
500,chr15,68,G/G,True,0.9
501,chr12,778,A/A,True,0.9
502,chr12,1987,C/A,True,0.9
503,chr1,64,C/A,True,0.9
