,CHROMOSOME,pos,mut,is_ok,approved_ratio
0,chr18,1597,G/A,True,0.9
1,chr22,1792,G/G,True,0.9
2,chr2,501,C/T,True,0.9
3,chr14,1032,C/T,True,0.9
4,chr19,1330,A/C,True,0.9
5,chr6,1831,G/G,True,0.9
6,chr6,1031,T/T,True,0.9
7,chrY,1431,C/A,True,0.9
8,chr1,8,G/T,True,0.9
9,chr8,1426,C/T,True,0.9
10,chr13,511,C/T,True,0.9
11,chr4,1796,A/C,True,0.9
12,chr21,532,G/T,True,0.9
13,chr7,1901,A/G,True,0.9
14,chr3,382,G/T,True,0.9
15,chr11,677,T/T,True,0.9
16,chrY,288,G/G,True,0.9
17,chr7,1632,T/C,True,0.9
18,chrY,809,T/G,True,0.9
19,chr4,1464,C/T,True,0.9
20,chrY,1261,A/C,True,0.9
21,chrX,1102,T/G,True,0.9
22,chr14,154,G/G,True,0.9
23,chr22,1804,G/C,True,0.9
24,chr14,215,A/T,True,0.9
25,chr6,1899,A/G,True,0.9
26,chrX,1815,A/C,True,0.9
27,chr17,238,G/A,True,0.9
28,chr16,1750,A/C,True,0.9
29,chr9,142,T/T,True,0.9
30,chr19,1015,G/A,True,0.9
31,chr1,1068,A/C,True,0.9
32,chr18,871,T/G,True,0.9
33,chr5,795,A/A,True,0.9
34,chr1,1206,A/T,True,0.9
35,chr19,1840,G/G,True,0.9
36,chr7,103,C/C,True,0.9
37,chr21,600,T/T,True,0.9
38,chr14,825,T/G,True,0.9
39,chr5,321,A/C,True,0.9
40,chr11,1642,T/C,True,0.9
41,chr15,1846,C/G,True,0.9
42,chr20,1003,C/A,True,0.9
43,chrX,1495,G/T,True,0.9
44,chr17,1347,C/C,True,0.9
45,chr5,1016,C/T,True,0.9
46,chr10,1448,T/T,True,0.9
47,chr15,569,G/T,True,0.9
48,chr21,1523,G/C,True,0.9
49,chr10,609,A/T,True,0.9
50,chr20,1443,A/G,True,0.9
51,chr2,1132,G/A,True,0.9
52,chr11,609,G/T,True,0.9
53,chr20,398,C/C,True,0.9
54,chr4,1506,A/G,True,0.9
55,chr20,626,G/C,True,0.9
56,chr15,737,T/G,True,0.9
57,chrY,123,G/C,True,0.9
58,chr4,1554,T/C,True,0.9
59,chr9,233,C/G,True,0.9
60,chr5,643,T/A,True,0.9
61,chr2,1618,C/C,True,0.9
62,chr12,966,T/T,True,0.9
63,chr20,1300,C/T,True,0.9
64,chr18,1962,C/A,True,0.9
65,chrY,1638,A/A,True,0.9
66,chr18,608,T/C,True,0.9
67,chr15,1354,G/G,True,0.9
68,chr4,693,A/T,True,0.9
69,chr1,569,A/C,True,0.9
70,chr1,26,A/A,True,0.9
71,chr6,227,A/A,True,0.9
72,chr9,1786,G/A,True,0.9
73,chr19,1433,G/G,True,0.9
74,chrY,1669,C/A,True,0.9
75,chr14,400,C/A,True,0.9
76,chr6,1620,C/C,True,0.9
77,chr13,1608,T/C,True,0.9
78,chr22,954,C/G,True,0.9
79,chr10,1942,G/T,True,0.9
80,chr19,1607,T/G,True,0.9
81,chr7,227,A/A,True,0.9
82,chrX,362,G/A,True,0.9
83,chr22,1798,G/T,True,0.9
84,chr11,788,C/A,True,0.9
85,chr16,60,G/C,True,0.9
86,chr19,260,C/A,True,0.9
87,chr7,916,G/T,True,0.9
88,chr6,193,T/T,True,0.9
89,chr16,1766,C/T,True,0.9
90,chr21,732,G/G,True,0.9
91,chr10,910,C/C,True,0.9
92,chr9,1717,T/A,True,0.9
93,chr1,986,C/T,True,0.9
94,chr15,143,A/C,True,0.9
95,chr22,74,T/T,True,0.9
96,chr8,72,T/A,True,0.9
97,chr6,365,G/T,True,0.9
98,chr7,434,C/T,True,0.9
99,chr1,659,G/C,True,0.9
100,chr11,495,T/C,True,0.9
101,chr2,1440,G/G,True,0.9
102,chr1,1549,C/G,True,0.9
103,chr9,124,T/A,True,0.9
104,chr14,224,T/C,True,0.9
105,chr12,690,T/T,True,0.9
106,chr5,1965,G/A,True,0.9
107,chr1,1429,T/C,True,0.9
108,chr22,1000,C/C,True,0.9
109,chrX,1594,G/G,True,0.9
110,chr12,442,C/G,True,0.9
111,chr5,1818,A/G,True,0.9
112,chr22,1263,T/T,True,0.9
113,chr5,1522,G/C,True,0.9
114,chr2,1108,C/C,True,0.9
115,chr20,147,T/T,True,0.9
116,chr12,1692,C/G,True,0.9
117,chr14,130,T/T,True,0.9
118,chr4,1447,T/A,True,0.9
119,chr13,1424,C/T,True,0.9
120,chr21,822,A/C,True,0.9
121,chr5,668,A/T,True,0.9
122,chr22,406,G/C,True,0.9
123,chrY,1149,G/T,True,0.9
124,chr20,1768,G/G,True,0.9
125,chr22,897,C/A,True,0.9
126,chr9,654,A/T,True,0.9
127,chr20,1746,G/G,True,0.9
128,chr20,56,A/C,True,0.9
129,chr13,1508,G/A,True,0.9
130,chr14,814,T/C,True,0.9
131,chr18,915,C/G,True,0.9
132,chr6,1474,G/T,True,0.9
133,chr22,35,C/G,True,0.9
134,chr16,893,T/T,True,0.9
135,chr16,884,A/G,True,0.9
136,chr18,812,C/T,True,0.9
137,chr3,304,C/A,True,0.9
138,chr14,829,A/G,True,0.9
139,chr21,628,A/A,True,0.9
140,chr18,623,T/C,True,0.9
141,chr3,1781,T/C,True,0.9
142,chr19,1138,C/G,True,0.9
143,chr11,1711,C/C,True,0.9
144,chr11,141,C/C,True,0.9
145,chr16,1437,G/C,True,0.9
146,chr15,1986,A/C,True,0.9
147,chr22,1291,T/G,True,0.9
148,chr13,1924,C/T,True,0.9
149,chr2,699,G/G,True,0.9
150,chr18,1453,A/A,True,0.9
151,chr8,499,G/G,True,0.9
152,chr6,279,T/C,True,0.9
153,chr8,1843,A/G,True,0.9
154,chr7,1718,A/A,True,0.9
155,chrX,539,C/C,True,0.9
156,chr14,1831,A/T,True,0.9
157,chr5,1587,T/T,True,0.9
158,chr10,311,T/C,True,0.9
159,chr12,1840,C/T,True,0.9
160,chr2,506,G/A,True,0.9
161,chr11,1119,A/G,True,0.9
162,chr4,1914,G/G,True,0.9
163,chr13,406,C/C,True,0.9
164,chr12,876,C/G,True,0.9
165,chr5,910,C/A,True,0.9
166,chr14,1609,C/G,True,0.9
167,chr3,1797,C/A,True,0.9
168,chr10,1785,A/A,True,0.9
169,chr10,1404,C/G,True,0.9
170,chr4,52,T/A,True,0.9
171,chr14,458,T/T,True,0.9
172,chr7,658,C/G,True,0.9
173,chr18,1697,T/G,True,0.9
174,chr17,566,C/C,True,0.9
175,chrX,403,T/A,True,0.9
176,chr21,104,A/A,True,0.9
177,chr5,2,A/G,True,0.9
178,chr17,110,G/C,True,0.9
179,chr12,1539,A/T,True,0.9
180,chr12,127,C/T,True,0.9
181,chr4,1399,A/T,True,0.9
182,chr8,1719,A/A,True,0.9
183,chr19,1646,T/A,True,0.9
184,chr6,350,C/A,True,0.9
185,chr11,384,C/A,True,0.9
186,chr11,1335,T/G,True,0.9
187,chr7,580,G/T,True,0.9
188,chr22,413,G/C,True,0.9
189,chr16,1605,A/C,True,0.9
190,chr15,800,A/A,True,0.9
191,chr20,489,C/T,True,0.9
192,chr19,152,C/C,True,0.9
193,chr22,653,C/T,True,0.9
194,chr11,798,G/G,True,0.9
195,chrX,532,T/G,True,0.9
196,chr8,1447,G/G,True,0.9
197,chr15,281,C/T,True,0.9
198,chr16,1179,A/G,True,0.9
199,chr5,647,G/G,True,0.9
200,chr16,1879,A/G,True,0.9
201,chr18,371,G/G,True,0.9
202,chr4,1955,G/T,True,0.9
203,chr21,1742,C/C,True,0.9
204,chr21,679,G/C,True,0.9
205,chr14,1956,G/T,True,0.9
206,chr3,1249,T/C,True,0.9
207,chr16,1695,C/A,True,0.9
208,chr1,1695,T/C,True,0.9
209,chr19,257,C/A,True,0.9
210,chr8,698,G/G,True,0.9
211,chr16,619,T/C,True,0.9
212,chr10,394,T/G,True,0.9
213,chr5,1451,G/A,True,0.9
214,chr8,1546,A/T,True,0.9
215,chr18,762,G/A,True,0.9
216,chr7,620,C/G,True,0.9
217,chr8,1416,C/G,True,0.9
218,chr19,12,A/C,True,0.9
219,chr15,1360,A/G,True,0.9
220,chr6,63,C/A,True,0.9
221,chr10,460,C/G,True,0.9
222,chr5,1245,C/G,True,0.9
223,chr14,233,T/T,True,0.9
224,chr20,1292,A/C,True,0.9
225,chr8,1725,T/T,True,0.9
226,chr9,778,T/C,True,0.9
227,chr5,1887,G/A,True,0.9
228,chr1,93,T/T,True,0.9
229,chr1,326,A/G,True,0.9
230,chr2,1630,T/T,True,0.9
231,chr8,1284,T/A,True,0.9
232,chr11,822,A/T,True,0.9
233,chrX,368,C/C,True,0.9
234,chr2,459,C/G,True,0.9
235,chr19,1360,C/T,True,0.9
236,chr1,841,A/A,True,0.9
237,chr5,1841,G/G,True,0.9
238,chr17,540,C/G,True,0.9
239,chr3,1924,G/T,True,0.9
240,chr7,12,C/C,True,0.9
241,chr7,250,A/A,True,0.9
242,chr19,1423,C/G,True,0.9
243,chr20,1919,C/G,True,0.9
244,chr18,129,T/T,True,0.9
245,chr7,805,G/A,True,0.9
246,chr15,1477,C/T,True,0.9
247,chrX,1493,T/A,True,0.9
248,chr18,943,C/C,True,0.9
249,chr8,1040,G/C,True,0.9
250,chr11,1763,G/G,True,0.9
251,chr18,1524,G/G,True,0.9
252,chr7,685,G/C,True,0.9
253,chr10,1584,T/T,True,0.9
254,chr4,734,G/C,True,0.9
255,chr18,1513,T/C,True,0.9
256,chr20,1836,T/T,True,0.9
257,chrX,576,T/C,True,0.9
258,chr1,788,A/T,True,0.9
259,chr3,1508,A/G,True,0.9
260,chr9,1413,T/G,True,0.9
261,chr4,1875,C/T,True,0.9
262,chr17,538,A/C,True,0.9
263,chr16,123,C/C,True,0.9
264,chr14,1783,G/C,True,0.9
265,chr5,68,A/A,True,0.9
266,chr22,258,C/C,True,0.9
267,chr6,1588,A/G,True,0.9
268,chr15,1275,A/C,True,0.9
269,chr13,1523,G/A,True,0.9
270,chr19,79,C/G,True,0.9
271,chr12,947,T/C,True,0.9
272,chr11,499,C/A,True,0.9
273,chr19,1972,G/T,True,0.9
274,chr7,964,G/T,True,0.9
275,chr11,412,C/G,True,0.9
276,chr7,1671,T/A,True,0.9
277,chr22,393,T/T,True,0.9
278,chr10,765,G/T,True,0.9
279,chr7,1582,A/T,True,0.9
280,chr13,107,T/A,True,0.9
281,chr13,677,G/G,True,0.9
282,chr17,1123,T/C,True,0.9
283,chr20,1874,T/C,True,0.9
284,chr18,1472,G/A,True,0.9
285,chr20,206,T/A,True,0.9
286,chr5,17,A/T,True,0.9
287,chr9,1473,C/A,True,0.9
288,chr21,416,T/C,True,0.9
289,chr20,1484,C/A,True,0.9
290,chrY,573,C/G,True,0.9
291,chr19,1945,C/A,True,0.9
292,chr7,1586,A/C,True,0.9
293,chr14,1041,G/C,True,0.9
294,chr15,1745,A/T,True,0.9
295,chr21,1599,G/T,True,0.9
296,chr20,1297,G/T,True,0.9
297,chr6,1979,C/C,True,0.9
298,chr7,399,A/C,True,0.9
299,chr5,426,C/G,True,0.9
300,chr15,740,A/G,True,0.9
301,chr2,731,C/C,True,0.9
302,chr16,1593,G/A,True,0.9
303,chr8,1879,T/T,True,0.9
304,chr14,1715,T/G,True,0.9
305,chr8,1126,T/C,True,0.9
306,chr5,744,G/G,True,0.9
307,chr13,265,A/A,True,0.9
308,chr14,1307,T/A,True,0.9
309,chr9,211,T/C,True,0.9
310,chr9,1902,A/T,True,0.9
311,chrY,784,T/A,True,0.9
312,chr13,308,A/C,True,0.9
313,chr17,1765,C/T,True,0.9
314,chr21,806,A/G,True,0.9
315,chr10,471,T/C,True,0.9
316,chr1,497,C/A,True,0.9
317,chr3,259,C/T,True,0.9
318,chr15,600,G/G,True,0.9
319,chrX,395,T/G,True,0.9
320,chr14,654,A/A,True,0.9
321,chr17,1704,A/C,True,0.9
322,chr14,1794,T/T,True,0.9
323,chr8,1082,A/G,True,0.9
324,chr19,1889,G/C,True,0.9
325,chr14,825,A/C,True,0.9
326,chr22,165,T/C,True,0.9
327,chr13,849,G/T,True,0.9
328,chr10,1587,A/G,True,0.9
329,chr16,483,C/G,True,0.9
330,chr3,1172,C/G,True,0.9
331,chr8,623,G/A,True,0.9
332,chr14,1116,C/C,True,0.9
333,chrY,458,T/A,True,0.9
334,chr16,35,A/T,True,0.9
335,chr10,411,A/G,True,0.9
336,chr14,1024,A/T,True,0.9
337,chr10,147,A/G,True,0.9
338,chr18,1735,T/T,True,0.9
339,chr10,1527,T/G,True,0.9
340,chr19,919,T/A,True,0.9
341,chr10,823,T/A,True,0.9
342,chr11,1604,T/A,True,0.9
343,chr17,1001,G/A,True,0.9
344,chr16,545,A/G,True,0.9
345,chr19,1156,A/G,True,0.9
346,chrX,1026,C/T,True,0.9
347,chr1,1435,T/T,True,0.9
348,chr7,1683,G/G,True,0.9
349,chr13,956,T/G,True,0.9
350,chr9,1656,G/C,True,0.9
351,chr21,1697,G/T,True,0.9
352,chr11,494,G/T,True,0.9
353,chr12,284,G/T,True,0.9
354,chr21,1486,A/C,True,0.9
355,chr17,737,A/A,True,0.9
356,chr18,226,C/T,True,0.9
357,chr3,1043,A/G,True,0.9
358,chr4,1151,T/C,True,0.9
359,chr2,1155,C/T,True,0.9
360,chr16,880,A/G,True,0.9
361,chrY,973,G/A,True,0.9
362,chrY,1812,A/A,True,0.9
363,chrX,939,T/A,True,0.9
364,chr7,1771,T/G,True,0.9
365,chr6,333,A/G,True,0.9
366,chrY,1052,A/T,True,0.9
367,chr7,707,C/C,True,0.9
368,chr14,844,T/C,True,0.9
369,chr1,1466,C/T,True,0.9
370,chr10,1389,G/G,True,0.9
371,chrY,867,G/A,True,0.9
372,chr3,770,G/C,True,0.9
373,chr17,833,A/T,True,0.9
374,chr17,1966,C/A,True,0.9
375,chr21,242,G/G,True,0.9
376,chr22,1261,T/A,True,0.9
377,chr21,494,T/C,True,0.9
378,chr3,351,A/C,True,0.9
379,chr6,457,T/C,True,0.9
380,chr18,1163,T/G,True,0.9
381,chr8,480,T/A,True,0.9
382,chr17,1660,G/G,True,0.9
383,chr10,1834,T/C,True,0.9
384,chr11,525,T/A,True,0.9
385,chr10,1557,G/G,True,0.9
386,chr7,694,C/A,True,0.9
387,chr19,1607,A/T,True,0.9
388,chr1,1369,G/C,True,0.9
389,chr18,862,A/T,True,0.9
390,chr3,1625,C/G,True,0.9
391,chr6,1896,A/T,True,0.9
392,chr7,1407,C/A,True,0.9
393,chr4,298,A/T,True,0.9
394,chr13,1205,C/A,True,0.9
395,chrX,1014,T/G,True,0.9
396,chr6,711,A/A,True,0.9
397,chr3,323,G/C,True,0.9
398,chr20,959,C/G,True,0.9
399,chr15,1414,A/T,True,0.9
400,chr9,1153,G/C,True,0.9
401,chr2,1848,C/A,True,0.9
402,chr17,158,C/T,True,0.9
403,chr16,421,C/G,True,0.9
404,chr9,1029,G/G,True,0.9
405,chr4,1421,G/G,True,0.9
406,chr11,1419,T/T,True,0.9
407,chr19,934,A/T,True,0.9
408,chr9,49,C/C,True,0.9
409,chr19,1458,G/G,True,0.9
410,chr7,1195,A/G,True,0.9
411,chr1,787,C/C,True,0.9
412,chr13,1365,C/C,True,0.9
413,chr16,241,G/C,True,0.9
414,chr1,1271,G/A,True,0.9
415,chr9,135,T/G,True,0.9
416,chr16,1607,C/A,True,0.9
417,chr4,368,G/A,True,0.9
418,chr1,1899,C/C,True,0.9
419,chr9,428,A/T,True,0.9
420,chr10,1487,G/G,True,0.9
421,chr17,1265,A/A,True,0.9
422,chr5,311,G/C,True,0.9
423,chr4,704,C/C,True,0.9
424,chr7,955,T/A,True,0.9
425,chr12,230,C/G,True,0.9
426,chr3,1239,C/T,True,0.9
427,chr17,77,T/A,True,0.9
428,chr12,23,C/C,True,0.9
429,chr13,1019,C/A,True,0.9
430,chr15,587,G/T,True,0.9
431,chr6,1857,G/C,True,0.9
432,chr13,1113,C/C,True,0.9
433,chr8,1822,A/C,True,0.9
434,chr17,1235,T/A,True,0.9
435,chr6,609,A/T,True,0.9
436,chr17,558,A/A,True,0.9
437,chr8,1106,T/A,True,0.9
438,chrX,234,G/A,True,0.9
439,chr19,380,G/A,True,0.9
440,chr17,1710,G/T,True,0.9
441,chr7,1158,A/A,True,0.9
442,chr3,414,A/C,True,0.9
443,chrY,111,G/C,True,0.9
444,chr3,917,A/A,True,0.9
445,chr5,1031,G/G,True,0.9
446,chr8,754,A/G,True,0.9
447,chr17,1226,G/C,True,0.9
448,chr3,1238,G/A,True,0.9
449,chr2,1036,A/G,True,0.9
450,chr9,1828,T/C,True,0.9
451,chr21,1910,G/C,True,0.9
452,chr13,1253,T/A,True,0.9
453,chr14,1534,G/C,True,0.9
454,chr3,1519,T/G,True,0.9
455,chr21,1381,T/T,True,0.9
456,chr7,1062,C/G,True,0.9
457,chr10,1638,G/T,True,0.9
458,chr15,150,A/C,True,0.9
459,chr1,483,C/G,True,0.9
460,chr3,70,C/G,True,0.9
461,chr18,970,T/G,True,0.9
462,chr14,1266,C/T,True,0.9
463,chr6,614,T/A,True,0.9
464,chr15,1206,T/G,True,0.9
465,chrY,448,A/T,True,0.9
466,chr7,1566,C/C,True,0.9
467,chr12,1615,A/T,True,0.9
468,chr1,1445,T/G,True,0.9
469,chr17,971,G/G,True,0.9
470,chr3,1481,T/A,True,0.9
471,chr22,86,C/A,True,0.9
472,chr20,1064,T/C,True,0.9
473,chr18,1833,T/G,True,0.9
474,chr4,1437,A/C,True,0.9
475,chr17,104,C/T,True,0.9
476,chr10,1921,T/A,True,0.9
477,chr18,527,T/G,True,0.9
478,chr6,1829,C/G,True,0.9
479,chr21,75,C/T,True,0.9
480,chr13,1088,G/C,True,0.9
481,chr4,1531,C/C,True,0.9
482,chr16,1709,A/A,True,0.9
483,chr19,1830,G/G,True,0.9
484,chr4,150,A/T,True,0.9
485,chr9,1574,T/C,True,0.9
486,chr6,954,T/T,True,0.9
487,chrX,1228,C/G,True,0.9
488,chr5,332,C/G,True,0.9
489,chr8,48,C/T,True,0.9
490,chr13,245,A/G,True,0.9
491,chr2,1356,A/T,True,0.9
492,chr13,1445,G/T,True,0.9
493,chr21,784,C/A,True,0.9
494,chr7,1166,C/G,True,0.9
495,chr1,1236,G/A,True,0.9
496,chr11,1987,T/T,True,0.9
497,chr11,746,A/A,True,0.9
498,chr6,1584,C/C,True,0.9
499,chr22,268,T/G,True,0.9
500,chr1,818,A/G,True,0.9
501,chrY,895,G/A,True,0.9
502,chr8,815,T/G,True,0.9
503,chr12,778,A/A,True,0.9
504,chr6,308,C/T,True,0.9
505,chrY,1971,A/C,True,0.9
