,CHROMOSOME,pos,mut,is_ok,approved_ratio
0,chr18,1597,G/A,True,0.9
1,chr4,1695,A/T,True,0.9
2,chr2,501,C/T,True,0.9
3,chrX,1095,T/G,True,0.9
4,chr14,1032,C/T,True,0.9
5,chr15,763,G/A,True,0.9
6,chr1,1694,G/A,True,0.9
7,chr6,1360,A/A,True,0.9
8,chr16,100,G/T,True,0.9
9,chr7,430,G/T,True,0.9
10,chr1,8,G/T,True,0.9
11,chr7,346,T/T,True,0.9
12,chr18,624,G/T,True,0.9
13,chr13,511,C/T,True,0.9
14,chr7,1821,G/C,True,0.9
15,chr21,1195,C/C,True,0.9
16,chr21,532,G/T,True,0.9
17,chr4,972,G/C,True,0.9
18,chr21,361,G/C,True,0.9
19,chr7,1632,T/C,True,0.9
20,chrX,1102,T/G,True,0.9
21,chr7,401,C/A,True,0.9
22,chr6,1899,A/G,True,0.9
23,chr8,630,C/G,True,0.9
24,chr15,1346,A/G,True,0.9
25,chr17,238,G/A,True,0.9
26,chr13,1253,C/G,True,0.9
27,chr3,200,G/A,True,0.9
28,chr7,1400,C/T,True,0.9
29,chr11,1259,A/T,True,0.9
30,chr6,1346,A/C,True,0.9
31,chr13,1976,T/G,True,0.9
32,chr7,103,C/C,True,0.9
33,chr14,825,T/G,True,0.9
34,chr22,1533,A/G,True,0.9
35,chrY,1230,A/G,True,0.9
36,chr22,1985,G/G,True,0.9
37,chr7,889,G/C,True,0.9
38,chr10,1176,C/G,True,0.9
39,chrX,1495,G/T,True,0.9
40,chr6,377,T/T,True,0.9
41,chr17,1347,C/C,True,0.9
42,chrY,650,T/T,True,0.9
43,chr10,609,A/T,True,0.9
44,chr3,1808,G/C,True,0.9
45,chr2,1058,G/T,True,0.9
46,chr14,212,C/T,True,0.9
47,chr11,609,G/T,True,0.9
48,chr18,1357,A/G,True,0.9
49,chr4,1506,A/G,True,0.9
50,chr8,1589,T/A,True,0.9
51,chr12,1634,G/C,True,0.9
52,chr12,766,A/C,True,0.9
53,chrY,123,G/C,True,0.9
54,chr9,456,C/A,True,0.9
55,chr4,836,T/A,True,0.9
56,chr4,1554,T/C,True,0.9
57,chr3,468,T/C,True,0.9
58,chr5,643,T/A,True,0.9
59,chr12,966,T/T,True,0.9
60,chr13,839,C/T,True,0.9
61,chr11,477,A/C,True,0.9
62,chr12,1039,A/G,True,0.9
63,chr3,536,C/T,True,0.9
64,chr8,1697,G/A,True,0.9
65,chr4,693,A/T,True,0.9
66,chr22,1350,C/C,True,0.9
67,chr1,26,A/A,True,0.9
68,chr6,1313,C/C,True,0.9
69,chr9,1786,G/A,True,0.9
70,chr19,1433,G/G,True,0.9
71,chr11,136,G/G,True,0.9
72,chrY,1669,C/A,True,0.9
73,chr14,400,C/A,True,0.9
74,chr5,938,T/C,True,0.9
75,chr12,1247,A/G,True,0.9
76,chr10,1942,G/T,True,0.9
77,chr22,1798,G/T,True,0.9
78,chr19,260,C/A,True,0.9
79,chr10,1486,A/C,True,0.9
80,chr22,536,T/T,True,0.9
81,chr6,1398,A/A,True,0.9
82,chr12,1214,A/C,True,0.9
83,chr10,881,C/T,True,0.9
84,chr1,986,C/T,True,0.9
85,chr17,1364,C/C,True,0.9
86,chr8,72,T/A,True,0.9
87,chr8,1532,A/G,True,0.9
88,chr16,1137,G/C,True,0.9
89,chr4,1314,A/G,True,0.9
90,chr1,659,G/C,True,0.9
91,chr3,830,C/A,True,0.9
92,chr6,589,T/C,True,0.9
93,chr19,621,T/G,True,0.9
94,chr10,1898,G/T,True,0.9
95,chr16,585,A/C,True,0.9
96,chr8,1114,G/C,True,0.9
97,chr9,124,T/A,True,0.9
98,chr11,102,C/T,True,0.9
99,chr14,821,C/G,True,0.9
100,chr12,442,C/G,True,0.9
101,chr5,1818,A/G,True,0.9
102,chr8,1199,C/A,True,0.9
103,chr6,1012,A/T,True,0.9
104,chr6,1270,A/G,True,0.9
105,chr11,141,C/A,True,0.9
106,chr2,1108,C/C,True,0.9
107,chr14,130,T/T,True,0.9
108,chr21,822,A/C,True,0.9
109,chr20,879,G/C,True,0.9
110,chr19,1537,G/A,True,0.9
111,chr8,1272,G/G,True,0.9
112,chr13,1345,A/C,True,0.9
113,chr21,1382,A/C,True,0.9
114,chr6,565,T/G,True,0.9
115,chr20,1746,G/G,True,0.9
116,chr20,56,A/C,True,0.9
117,chr7,240,A/G,True,0.9
118,chr14,814,T/C,True,0.9
119,chr22,441,C/T,True,0.9
120,chr11,165,A/G,True,0.9
121,chrX,842,T/T,True,0.9
122,chr16,884,A/G,True,0.9
123,chr4,1945,A/C,True,0.9
124,chr18,812,C/T,True,0.9
125,chr21,1034,A/T,True,0.9
126,chr15,385,C/T,True,0.9
127,chr11,744,A/A,True,0.9
128,chr15,1520,T/T,True,0.9
129,chr12,130,G/G,True,0.9
130,chr3,520,A/A,True,0.9
131,chr2,1487,G/T,True,0.9
132,chr14,726,C/A,True,0.9
133,chr19,1138,C/G,True,0.9
134,chr7,1292,C/A,True,0.9
135,chr16,1437,G/C,True,0.9
136,chr11,57,C/G,True,0.9
137,chr15,1986,A/C,True,0.9
138,chr22,1291,T/G,True,0.9
139,chr9,1133,C/C,True,0.9
140,chr13,1924,C/T,True,0.9
141,chr8,499,G/G,True,0.9
142,chr3,1923,T/A,True,0.9
143,chr9,1849,A/G,True,0.9
144,chr5,1587,T/T,True,0.9
145,chr3,462,G/C,True,0.9
146,chr11,1346,G/G,True,0.9
147,chr7,1550,C/G,True,0.9
148,chr11,1119,A/G,True,0.9
149,chr4,1914,G/G,True,0.9
150,chr2,30,T/T,True,0.9
151,chr13,1781,A/A,True,0.9
152,chr2,1786,C/A,True,0.9
153,chr17,629,C/A,True,0.9
154,chr15,108,T/G,True,0.9
155,chr12,876,C/G,True,0.9
156,chr15,1064,G/T,True,0.9
157,chr13,1620,G/C,True,0.9
158,chr14,1609,C/G,True,0.9
159,chr11,1404,A/A,True,0.9
160,chr3,1797,C/A,True,0.9
161,chr10,1404,C/G,True,0.9
162,chr13,110,A/G,True,0.9
163,chr7,658,C/G,True,0.9
164,chr17,566,C/C,True,0.9
165,chr8,1712,C/G,True,0.9
166,chr10,1722,A/C,True,0.9
167,chrX,403,T/A,True,0.9
168,chr21,104,A/A,True,0.9
169,chr11,1716,T/T,True,0.9
170,chr17,110,G/C,True,0.9
171,chr12,1539,A/T,True,0.9
172,chr21,497,T/A,True,0.9
173,chrY,351,T/A,True,0.9
174,chr11,1605,G/T,True,0.9
175,chr7,580,G/T,True,0.9
176,chr6,683,C/G,True,0.9
177,chr11,1661,T/A,True,0.9
178,chr22,413,G/C,True,0.9
179,chr22,179,T/G,True,0.9
180,chr16,1605,A/C,True,0.9
181,chr9,1707,C/A,True,0.9
182,chr15,1215,G/A,True,0.9
183,chr15,1347,T/C,True,0.9
184,chr13,1656,G/G,True,0.9
185,chr20,489,C/T,True,0.9
186,chr19,152,C/C,True,0.9
187,chr22,653,C/T,True,0.9
188,chr2,385,G/T,True,0.9
189,chr8,1447,G/G,True,0.9
190,chr14,1297,T/A,True,0.9
191,chr2,658,G/A,True,0.9
192,chr11,534,G/T,True,0.9
193,chr5,647,G/G,True,0.9
194,chr21,773,C/C,True,0.9
195,chr7,1401,T/A,True,0.9
196,chr21,839,T/C,True,0.9
197,chr21,1169,T/A,True,0.9
198,chr20,1442,C/G,True,0.9
199,chr13,653,A/C,True,0.9
200,chr21,1742,C/C,True,0.9
201,chr7,1146,T/T,True,0.9
202,chr14,1956,G/T,True,0.9
203,chr14,51,A/A,True,0.9
204,chr6,458,T/G,True,0.9
205,chr19,293,G/G,True,0.9
206,chr21,432,T/T,True,0.9
207,chr8,473,T/C,True,0.9
208,chr9,1962,T/C,True,0.9
209,chr15,349,G/T,True,0.9
210,chr21,300,G/G,True,0.9
211,chr10,1794,C/T,True,0.9
212,chr5,1451,G/A,True,0.9
213,chr18,762,G/A,True,0.9
214,chr19,12,A/C,True,0.9
215,chr15,1360,A/G,True,0.9
216,chr17,301,T/G,True,0.9
217,chr12,508,T/G,True,0.9
218,chr10,460,C/G,True,0.9
219,chr14,233,T/T,True,0.9
220,chr8,1725,T/T,True,0.9
221,chr9,778,T/C,True,0.9
222,chr5,1887,G/A,True,0.9
223,chrY,1149,C/A,True,0.9
224,chr1,1891,C/A,True,0.9
225,chr13,1056,T/C,True,0.9
226,chr6,115,C/C,True,0.9
227,chr2,1630,T/T,True,0.9
228,chr8,1284,T/A,True,0.9
229,chr2,980,G/G,True,0.9
230,chr9,567,C/A,True,0.9
231,chrX,1409,T/T,True,0.9
232,chr3,1988,G/C,True,0.9
233,chr7,1672,C/T,True,0.9
234,chr15,1435,C/T,True,0.9
235,chr4,1550,C/C,True,0.9
236,chr5,1841,G/G,True,0.9
237,chr10,1701,G/T,True,0.9
238,chr7,337,A/A,True,0.9
239,chr17,540,C/G,True,0.9
240,chr16,387,C/C,True,0.9
241,chr12,352,T/T,True,0.9
242,chr3,1924,G/T,True,0.9
243,chr2,1039,G/G,True,0.9
244,chr7,12,C/C,True,0.9
245,chr4,962,T/G,True,0.9
246,chr22,1203,G/T,True,0.9
247,chr20,1919,C/G,True,0.9
248,chr18,129,T/T,True,0.9
249,chr2,1956,C/G,True,0.9
250,chr1,1113,A/G,True,0.9
251,chr18,943,C/C,True,0.9
252,chr21,1869,G/G,True,0.9
253,chr13,1202,A/A,True,0.9
254,chr18,1524,G/G,True,0.9
255,chr17,646,A/A,True,0.9
256,chrX,214,C/C,True,0.9
257,chr17,734,C/A,True,0.9
258,chrX,1096,A/G,True,0.9
259,chr10,793,T/G,True,0.9
260,chr17,71,C/T,True,0.9
261,chr17,1495,C/C,True,0.9
262,chr17,538,A/C,True,0.9
263,chr16,795,C/A,True,0.9
264,chr14,1783,G/C,True,0.9
265,chr5,68,A/A,True,0.9
266,chr18,204,C/C,True,0.9
267,chr3,1360,C/T,True,0.9
268,chr6,1588,A/G,True,0.9
269,chr15,1275,A/C,True,0.9
270,chr4,1768,C/T,True,0.9
271,chr7,1856,G/T,True,0.9
272,chr12,947,T/C,True,0.9
273,chr22,978,A/A,True,0.9
274,chr4,80,G/A,True,0.9
275,chr11,499,C/A,True,0.9
276,chr16,310,G/G,True,0.9
277,chr7,964,G/T,True,0.9
278,chr8,1204,T/C,True,0.9
279,chr9,70,A/A,True,0.9
280,chr7,1582,A/T,True,0.9
281,chr13,107,T/A,True,0.9
282,chr13,677,G/G,True,0.9
283,chr2,1665,A/A,True,0.9
284,chr22,680,A/A,True,0.9
285,chr20,1874,T/C,True,0.9
286,chr18,1472,G/A,True,0.9
287,chr20,206,T/A,True,0.9
288,chrX,1731,G/C,True,0.9
289,chr4,1022,C/T,True,0.9
290,chr5,17,A/T,True,0.9
291,chr9,1473,C/A,True,0.9
292,chr20,1484,C/A,True,0.9
293,chr14,474,G/C,True,0.9
294,chr14,1418,G/A,True,0.9
295,chrY,573,C/G,True,0.9
296,chr3,627,G/C,True,0.9
297,chr14,1041,G/C,True,0.9
298,chr7,878,G/C,True,0.9
299,chr15,1745,A/T,True,0.9
300,chr17,1995,G/C,True,0.9
301,chr6,129,T/T,True,0.9
302,chr9,776,A/G,True,0.9
303,chr19,1148,C/G,True,0.9
304,chr9,1793,C/C,True,0.9
305,chr15,740,A/G,True,0.9
306,chr2,731,C/C,True,0.9
307,chr14,1582,C/G,True,0.9
308,chr22,580,G/G,True,0.9
309,chr4,939,G/G,True,0.9
310,chr10,1915,T/A,True,0.9
311,chr1,1799,T/G,True,0.9
312,chr1,392,G/C,True,0.9
313,chr13,265,A/A,True,0.9
314,chr20,1194,A/C,True,0.9
315,chr9,211,T/C,True,0.9
316,chr4,902,T/G,True,0.9
317,chr12,103,A/G,True,0.9
318,chr3,532,T/C,True,0.9
319,chr2,342,C/A,True,0.9
320,chr14,1580,C/A,True,0.9
321,chr13,308,A/C,True,0.9
322,chr11,1207,T/C,True,0.9
323,chr18,1396,T/G,True,0.9
324,chr16,1375,T/A,True,0.9
325,chr3,1585,T/A,True,0.9
326,chr21,806,A/G,True,0.9
327,chr7,1555,C/A,True,0.9
328,chr1,497,C/A,True,0.9
329,chr6,1401,A/G,True,0.9
330,chr7,272,T/A,True,0.9
331,chr14,654,A/A,True,0.9
332,chr14,205,G/T,True,0.9
333,chr14,825,A/C,True,0.9
334,chr14,1431,G/T,True,0.9
335,chr5,1322,A/C,True,0.9
336,chr22,165,T/C,True,0.9
337,chr13,849,G/T,True,0.9
338,chr16,483,C/G,True,0.9
339,chr10,1297,C/A,True,0.9
340,chr5,1267,A/T,True,0.9
341,chr7,159,C/T,True,0.9
342,chr15,390,G/A,True,0.9
343,chr10,411,A/G,True,0.9
344,chr18,1669,G/A,True,0.9
345,chr18,1735,T/T,True,0.9
346,chr12,762,A/T,True,0.9
347,chr1,1950,T/C,True,0.9
348,chrX,1026,C/T,True,0.9
349,chr6,392,A/C,True,0.9
350,chr4,658,C/A,True,0.9
351,chr2,201,G/A,True,0.9
352,chr2,1806,A/G,True,0.9
353,chr6,1998,G/G,True,0.9
354,chr12,284,G/T,True,0.9
355,chr21,1486,A/C,True,0.9
356,chr14,1227,C/C,True,0.9
357,chr6,1067,C/C,True,0.9
358,chr3,567,G/A,True,0.9
359,chr17,737,A/A,True,0.9
360,chr6,360,A/T,True,0.9
361,chr20,1578,C/A,True,0.9
362,chr2,1155,C/T,True,0.9
363,chr2,1604,G/G,True,0.9
364,chr18,878,T/A,True,0.9
365,chr19,1801,C/A,True,0.9
366,chrY,1052,A/T,True,0.9
367,chr5,708,T/C,True,0.9
368,chr20,122,T/T,True,0.9
369,chr14,844,T/C,True,0.9
370,chr1,1466,C/T,True,0.9
371,chr11,1308,G/C,True,0.9
372,chr20,628,C/T,True,0.9
373,chr21,751,C/G,True,0.9
374,chr8,1630,T/G,True,0.9
375,chr21,494,T/C,True,0.9
376,chr15,375,G/C,True,0.9
377,chr16,105,C/C,True,0.9
378,chr18,181,T/A,True,0.9
379,chr11,865,T/A,True,0.9
380,chr10,1834,T/C,True,0.9
381,chr10,1557,G/G,True,0.9
382,chr2,540,G/T,True,0.9
383,chr7,1556,A/G,True,0.9
384,chr5,976,T/G,True,0.9
385,chrX,1951,T/G,True,0.9
386,chr2,1399,C/A,True,0.9
387,chrX,173,A/T,True,0.9
388,chr18,862,A/T,True,0.9
389,chr22,444,T/G,True,0.9
390,chr9,136,C/C,True,0.9
391,chr17,1599,T/T,True,0.9
392,chr7,1407,C/A,True,0.9
393,chr9,498,A/A,True,0.9
394,chr19,1643,T/T,True,0.9
395,chr5,1579,T/C,True,0.9
396,chr16,76,G/C,True,0.9
397,chr2,1399,T/G,True,0.9
398,chr8,908,C/A,True,0.9
399,chr9,1055,C/C,True,0.9
400,chr4,1079,G/A,True,0.9
401,chr3,1639,G/A,True,0.9
402,chr18,255,T/G,True,0.9
403,chr6,1128,A/A,True,0.9
404,chr3,1899,T/C,True,0.9
405,chr16,421,C/G,True,0.9
406,chr17,1435,T/C,True,0.9
407,chr16,1053,G/A,True,0.9
408,chrY,1680,A/C,True,0.9
409,chr15,636,C/G,True,0.9
410,chr20,1731,A/G,True,0.9
411,chr19,934,A/T,True,0.9
412,chr9,49,C/C,True,0.9
413,chr16,365,T/A,True,0.9
414,chr19,1458,G/G,True,0.9
415,chrY,424,T/T,True,0.9
416,chr5,1841,T/G,True,0.9
417,chr17,1535,A/C,True,0.9
418,chr11,815,A/G,True,0.9
419,chr1,787,C/C,True,0.9
420,chr8,950,T/C,True,0.9
421,chr11,1900,A/C,True,0.9
422,chr5,1562,A/C,True,0.9
423,chr16,241,G/C,True,0.9
424,chr4,368,G/A,True,0.9
425,chr10,787,T/T,True,0.9
426,chr8,1478,G/C,True,0.9
427,chr22,1739,G/T,True,0.9
428,chr2,989,C/C,True,0.9
429,chrX,1991,C/G,True,0.9
430,chr2,555,T/G,True,0.9
431,chr17,1160,T/C,True,0.9
432,chr8,583,A/T,True,0.9
433,chr3,689,G/G,True,0.9
434,chrY,498,G/G,True,0.9
435,chr12,1205,G/G,True,0.9
436,chr5,666,A/T,True,0.9
437,chr22,1084,T/G,True,0.9
438,chr2,1108,A/G,True,0.9
439,chr3,1239,C/T,True,0.9
440,chr1,249,A/C,True,0.9
441,chr12,23,C/C,True,0.9
442,chr13,1019,C/A,True,0.9
443,chr15,587,G/T,True,0.9
444,chr1,1727,A/C,True,0.9
445,chr5,1572,C/G,True,0.9
446,chr12,1095,C/T,True,0.9
447,chr15,1667,T/C,True,0.9
448,chr13,1113,C/C,True,0.9
449,chr9,468,A/C,True,0.9
450,chr3,1252,G/T,True,0.9
451,chr8,1161,C/T,True,0.9
452,chr17,1235,T/A,True,0.9
453,chr19,1000,A/A,True,0.9
454,chr6,609,A/T,True,0.9
455,chr1,570,A/T,True,0.9
456,chr18,110,G/C,True,0.9
457,chr16,1395,C/G,True,0.9
458,chr16,1352,G/A,True,0.9
459,chr20,1895,G/A,True,0.9
460,chr17,1710,G/T,True,0.9
461,chr6,1876,C/C,True,0.9
462,chr21,1589,T/A,True,0.9
463,chr3,917,A/A,True,0.9
464,chr8,754,A/G,True,0.9
465,chr1,954,T/G,True,0.9
466,chr4,314,A/A,True,0.9
467,chr3,1238,G/A,True,0.9
468,chr4,1687,A/C,True,0.9
469,chr20,765,A/G,True,0.9
470,chr21,1913,C/A,True,0.9
471,chr16,527,C/G,True,0.9
472,chr7,332,A/T,True,0.9
473,chr22,1554,G/C,True,0.9
474,chr12,1870,A/G,True,0.9
475,chr22,73,A/C,True,0.9
476,chr15,150,A/C,True,0.9
477,chr8,1649,T/C,True,0.9
478,chr15,1676,A/A,True,0.9
479,chr3,70,C/G,True,0.9
480,chr10,1927,C/G,True,0.9
481,chr12,1401,G/T,True,0.9
482,chr16,338,C/C,True,0.9
483,chr22,235,T/C,True,0.9
484,chr7,1411,C/C,True,0.9
485,chr14,1266,C/T,True,0.9
486,chr22,22,C/A,True,0.9
487,chr15,1206,T/G,True,0.9
488,chr2,539,G/C,True,0.9
489,chr14,1088,G/C,True,0.9
490,chr12,31,A/T,True,0.9
491,chr21,706,C/C,True,0.9
492,chr15,1804,A/A,True,0.9
493,chr8,239,G/G,True,0.9
494,chr11,848,A/T,True,0.9
495,chrY,1065,A/C,True,0.9
496,chr5,836,C/A,True,0.9
497,chr4,1432,G/T,True,0.9
498,chr13,1114,G/A,True,0.9
499,chr22,1553,G/C,True,0.9
500,chr6,1829,C/G,True,0.9
501,chr8,1059,C/C,True,0.9
502,chr20,1422,C/G,True,0.9
503,chr19,597,G/G,True,0.9
504,chr7,1623,G/C,True,0.9
505,chr13,189,G/T,True,0.9
506,chr22,61,G/A,True,0.9
507,chr19,1962,A/G,True,0.9
508,chr2,128,C/C,True,0.9
509,chr22,1844,G/T,True,0.9
510,chr12,763,G/C,True,0.9
511,chrY,354,T/A,True,0.9
512,chr2,1356,A/T,True,0.9
513,chr16,72,C/T,True,0.9
514,chr5,1414,G/T,True,0.9
515,chr19,427,T/T,True,0.9
516,chr22,1950,T/T,True,0.9
517,chr13,1445,G/T,True,0.9
518,chr5,183,G/C,True,0.9
519,chr11,746,A/A,True,0.9
520,chr1,818,A/G,True,0.9
521,chrY,895,G/A,True,0.9
522,chr12,778,A/A,True,0.9
523,chr15,1966,T/T,True,0.9
524,chr12,237,A/G,True,0.9
525,chrX,364,C/C,True,0.9
526,chr15,670,T/T,True,0.9
