,CHROMOSOME,pos,mut,is_ok,approved_ratio
0,chr18,1597,G/A,True,0.9
1,chr10,409,C/C,True,0.9
2,chr5,615,G/A,True,0.9
3,chr19,29,A/A,True,0.9
4,chr7,1170,A/C,True,0.9
5,chr15,1760,T/G,True,0.9
6,chr10,1253,T/C,True,0.9
7,chr6,1831,G/G,True,0.9
8,chr6,1360,A/A,True,0.9
9,chr6,1031,T/T,True,0.9
10,chrY,1431,C/A,True,0.9
11,chr1,8,G/T,True,0.9
12,chr16,308,A/G,True,0.9
13,chr20,1273,C/G,True,0.9
14,chr21,1195,C/C,True,0.9
15,chr4,972,G/C,True,0.9
16,chr6,1137,G/C,True,0.9
17,chr22,1804,G/C,True,0.9
18,chr7,401,C/A,True,0.9
19,chr6,1899,A/G,True,0.9
20,chr16,1750,A/C,True,0.9
21,chr9,142,T/T,True,0.9
22,chr3,200,G/A,True,0.9
23,chr7,1540,G/G,True,0.9
24,chr13,1976,T/G,True,0.9
25,chr19,1840,G/G,True,0.9
26,chr6,1644,T/A,True,0.9
27,chr4,1203,A/G,True,0.9
28,chr6,1710,C/A,True,0.9
29,chr20,1003,C/A,True,0.9
30,chr6,377,T/T,True,0.9
31,chr17,1347,C/C,True,0.9
32,chr11,1201,G/C,True,0.9
33,chr5,1016,C/T,True,0.9
34,chr10,609,A/T,True,0.9
35,chr3,1808,G/C,True,0.9
36,chr20,1443,A/G,True,0.9
37,chr13,945,T/A,True,0.9
38,chrY,1420,A/C,True,0.9
39,chr4,1506,A/G,True,0.9
40,chr16,1883,C/C,True,0.9
41,chr20,626,G/C,True,0.9
42,chr15,737,T/G,True,0.9
43,chr4,836,T/A,True,0.9
44,chr4,1554,T/C,True,0.9
45,chr14,532,A/G,True,0.9
46,chr3,468,T/C,True,0.9
47,chr5,643,T/A,True,0.9
48,chr19,1203,A/C,True,0.9
49,chr11,1799,A/A,True,0.9
50,chr20,1300,C/T,True,0.9
51,chrY,588,A/C,True,0.9
52,chr12,1039,A/G,True,0.9
53,chr22,1874,A/A,True,0.9
54,chr18,1962,C/A,True,0.9
55,chr16,1246,T/C,True,0.9
56,chr15,1354,G/G,True,0.9
57,chr4,693,A/T,True,0.9
58,chrY,782,G/C,True,0.9
59,chr9,1786,G/A,True,0.9
60,chr19,1433,G/G,True,0.9
61,chrY,1784,T/C,True,0.9
62,chr6,1620,C/C,True,0.9
63,chr13,1608,T/C,True,0.9
64,chrX,362,G/A,True,0.9
65,chr22,1798,G/T,True,0.9
66,chr11,788,C/A,True,0.9
67,chr7,916,G/T,True,0.9
68,chr22,536,T/T,True,0.9
69,chr4,1514,C/T,True,0.9
70,chr21,732,G/G,True,0.9
71,chr10,910,C/C,True,0.9
72,chr4,487,A/G,True,0.9
73,chr1,986,C/T,True,0.9
74,chr22,74,T/T,True,0.9
75,chr8,72,T/A,True,0.9
76,chr9,1726,A/T,True,0.9
77,chr6,589,T/C,True,0.9
78,chr10,1898,G/T,True,0.9
79,chr20,1677,A/T,True,0.9
80,chr16,585,A/C,True,0.9
81,chr8,1114,G/C,True,0.9
82,chr14,224,T/C,True,0.9
83,chr12,690,T/T,True,0.9
84,chrX,1954,T/A,True,0.9
85,chr8,1199,C/A,True,0.9
86,chr6,1012,A/T,True,0.9
87,chr18,273,T/T,True,0.9
88,chr22,1263,T/T,True,0.9
89,chr2,1108,C/C,True,0.9
90,chr13,1424,C/T,True,0.9
91,chr21,822,A/C,True,0.9
92,chr3,750,C/A,True,0.9
93,chr5,668,A/T,True,0.9
94,chr20,879,G/C,True,0.9
95,chr22,406,G/C,True,0.9
96,chrY,1149,G/T,True,0.9
97,chr19,1537,G/A,True,0.9
98,chr8,1272,G/G,True,0.9
99,chr18,830,T/A,True,0.9
100,chr20,1768,G/G,True,0.9
101,chr21,1382,A/C,True,0.9
102,chr15,838,C/G,True,0.9
103,chr16,420,T/T,True,0.9
104,chr20,56,A/C,True,0.9
105,chr7,240,A/G,True,0.9
106,chr6,1794,C/T,True,0.9
107,chr18,915,C/G,True,0.9
108,chr11,1081,C/G,True,0.9
109,chr22,441,C/T,True,0.9
110,chr6,1474,G/T,True,0.9
111,chr16,884,A/G,True,0.9
112,chrX,1767,A/C,True,0.9
113,chr21,1034,A/T,True,0.9
114,chr14,829,A/G,True,0.9
115,chr7,1534,G/T,True,0.9
116,chr2,308,G/G,True,0.9
117,chr14,726,C/A,True,0.9
118,chr3,1781,T/C,True,0.9
119,chr19,1138,C/G,True,0.9
120,chr6,821,C/G,True,0.9
121,chr11,1711,C/C,True,0.9
122,chr6,272,T/A,True,0.9
123,chr16,1437,G/C,True,0.9
124,chr11,57,C/G,True,0.9
125,chr9,1133,C/C,True,0.9
126,chr13,1924,C/T,True,0.9
127,chr9,1510,C/A,True,0.9
128,chr17,1887,C/C,True,0.9
129,chrX,539,C/C,True,0.9
130,chr14,1831,A/T,True,0.9
131,chr21,166,T/A,True,0.9
132,chr12,1840,C/T,True,0.9
133,chr4,1914,G/G,True,0.9
134,chr13,1781,A/A,True,0.9
135,chr19,88,T/T,True,0.9
136,chr14,1609,C/G,True,0.9
137,chr3,1797,C/A,True,0.9
138,chr6,1008,A/G,True,0.9
139,chr10,1404,C/G,True,0.9
140,chr13,110,A/G,True,0.9
141,chr4,52,T/A,True,0.9
142,chr1,832,C/T,True,0.9
143,chr18,1697,T/G,True,0.9
144,chr17,566,C/C,True,0.9
145,chr21,1454,G/C,True,0.9
146,chr11,1380,A/G,True,0.9
147,chrX,403,T/A,True,0.9
148,chr21,104,A/A,True,0.9
149,chr17,110,G/C,True,0.9
150,chrY,351,T/A,True,0.9
151,chr19,1646,T/A,True,0.9
152,chr8,525,A/C,True,0.9
153,chr2,1724,C/C,True,0.9
154,chr7,580,G/T,True,0.9
155,chr6,683,C/G,True,0.9
156,chr16,1605,A/C,True,0.9
157,chr15,1215,G/A,True,0.9
158,chr15,800,A/A,True,0.9
159,chr13,267,T/G,True,0.9
160,chr22,653,C/T,True,0.9
161,chr3,280,G/C,True,0.9
162,chr2,385,G/T,True,0.9
163,chr4,1321,A/G,True,0.9
164,chrX,532,T/G,True,0.9
165,chr8,1447,G/G,True,0.9
166,chr16,1293,A/G,True,0.9
167,chr14,1297,T/A,True,0.9
168,chr15,281,C/T,True,0.9
169,chr11,534,G/T,True,0.9
170,chr5,647,G/G,True,0.9
171,chr16,1879,A/G,True,0.9
172,chr18,371,G/G,True,0.9
173,chr21,839,T/C,True,0.9
174,chr21,1169,T/A,True,0.9
175,chr20,1442,C/G,True,0.9
176,chr4,1955,G/T,True,0.9
177,chr11,510,T/G,True,0.9
178,chr13,653,A/C,True,0.9
179,chr21,679,G/C,True,0.9
180,chr14,1956,G/T,True,0.9
181,chr6,458,T/G,True,0.9
182,chr16,1503,T/G,True,0.9
183,chr19,293,G/G,True,0.9
184,chr16,1695,C/A,True,0.9
185,chr8,473,T/C,True,0.9
186,chr21,300,G/G,True,0.9
187,chr15,341,A/G,True,0.9
188,chr16,619,T/C,True,0.9
189,chr18,1703,T/A,True,0.9
190,chr4,825,A/A,True,0.9
191,chr18,762,G/A,True,0.9
192,chr8,1416,C/G,True,0.9
193,chr13,754,T/T,True,0.9
194,chr17,301,T/G,True,0.9
195,chr15,361,A/G,True,0.9
196,chr8,1725,T/T,True,0.9
197,chr5,1887,G/A,True,0.9
198,chrY,1149,C/A,True,0.9
199,chr22,1199,G/A,True,0.9
200,chr1,1891,C/A,True,0.9
201,chr1,93,T/T,True,0.9
202,chr5,797,C/G,True,0.9
203,chr1,326,A/G,True,0.9
204,chr8,1284,T/A,True,0.9
205,chr2,980,G/G,True,0.9
206,chrX,1409,T/T,True,0.9
207,chr2,459,C/G,True,0.9
208,chr5,1841,G/G,True,0.9
209,chr10,1701,G/T,True,0.9
210,chr3,1924,G/T,True,0.9
211,chr7,250,A/A,True,0.9
212,chr15,1673,C/G,True,0.9
213,chr19,1423,C/G,True,0.9
214,chr18,129,T/T,True,0.9
215,chr2,1956,C/G,True,0.9
216,chr18,943,C/C,True,0.9
217,chr8,1040,G/C,True,0.9
218,chr9,1112,A/C,True,0.9
219,chr11,1763,G/G,True,0.9
220,chr22,1122,A/G,True,0.9
221,chr7,1864,T/A,True,0.9
222,chr5,1466,A/G,True,0.9
223,chr10,1584,T/T,True,0.9
224,chr18,1513,T/C,True,0.9
225,chrX,1096,A/G,True,0.9
226,chrX,576,T/C,True,0.9
227,chr20,405,A/A,True,0.9
228,chr2,1651,T/C,True,0.9
229,chr4,1875,C/T,True,0.9
230,chr3,1360,C/T,True,0.9
231,chr22,978,A/A,True,0.9
232,chr4,80,G/A,True,0.9
233,chr3,1340,G/A,True,0.9
234,chr15,840,T/T,True,0.9
235,chr2,1644,C/A,True,0.9
236,chrY,276,T/C,True,0.9
237,chr8,1204,T/C,True,0.9
238,chrY,1687,T/T,True,0.9
239,chr4,1444,G/C,True,0.9
240,chr11,412,C/G,True,0.9
241,chr7,1671,T/A,True,0.9
242,chr16,1543,A/G,True,0.9
243,chr22,393,T/T,True,0.9
244,chr21,820,C/A,True,0.9
245,chr5,225,T/C,True,0.9
246,chr13,107,T/A,True,0.9
247,chr19,1675,T/A,True,0.9
248,chr13,677,G/G,True,0.9
249,chr17,1123,T/C,True,0.9
250,chr22,680,A/A,True,0.9
251,chr22,1342,G/T,True,0.9
252,chr4,1022,C/T,True,0.9
253,chrY,552,A/G,True,0.9
254,chr20,1484,C/A,True,0.9
255,chr14,474,G/C,True,0.9
256,chr19,1945,C/A,True,0.9
257,chr14,1041,G/C,True,0.9
258,chr15,1745,A/T,True,0.9
259,chr20,1297,G/T,True,0.9
260,chrX,749,C/A,True,0.9
261,chr17,1995,G/C,True,0.9
262,chr16,1168,G/T,True,0.9
263,chrX,1661,T/G,True,0.9
264,chr13,1209,G/T,True,0.9
265,chr6,1979,C/C,True,0.9
266,chr5,426,C/G,True,0.9
267,chr11,1630,T/T,True,0.9
268,chr16,1593,G/A,True,0.9
269,chr9,1714,C/C,True,0.9
270,chr19,1098,T/A,True,0.9
271,chr14,1715,T/G,True,0.9
272,chr5,1203,A/G,True,0.9
273,chr9,211,T/C,True,0.9
274,chr9,568,G/T,True,0.9
275,chr4,902,T/G,True,0.9
276,chr12,103,A/G,True,0.9
277,chr21,1781,C/G,True,0.9
278,chr10,1900,G/G,True,0.9
279,chr17,1765,C/T,True,0.9
280,chr5,1883,C/T,True,0.9
281,chr9,329,A/A,True,0.9
282,chr16,1375,T/A,True,0.9
283,chr3,1585,T/A,True,0.9
284,chrX,324,A/A,True,0.9
285,chr21,806,A/G,True,0.9
286,chr10,471,T/C,True,0.9
287,chr13,1449,A/A,True,0.9
288,chrX,1658,G/A,True,0.9
289,chr1,497,C/A,True,0.9
290,chr6,1401,A/G,True,0.9
291,chr7,272,T/A,True,0.9
292,chr3,259,C/T,True,0.9
293,chr15,600,G/G,True,0.9
294,chrX,395,T/G,True,0.9
295,chr22,1978,C/G,True,0.9
296,chr14,654,A/A,True,0.9
297,chr1,459,G/G,True,0.9
298,chr22,295,C/A,True,0.9
299,chr22,165,T/C,True,0.9
300,chrX,1473,A/T,True,0.9
301,chr16,483,C/G,True,0.9
302,chr10,1297,C/A,True,0.9
303,chr14,1116,C/C,True,0.9
304,chr19,449,T/T,True,0.9
305,chrY,458,T/A,True,0.9
306,chr18,1669,G/A,True,0.9
307,chr4,1028,A/T,True,0.9
308,chr10,147,A/G,True,0.9
309,chr11,1604,T/A,True,0.9
310,chr18,1368,G/G,True,0.9
311,chr16,651,T/T,True,0.9
312,chrY,1739,C/A,True,0.9
313,chr19,1156,A/G,True,0.9
314,chr6,392,A/C,True,0.9
315,chr1,1435,T/T,True,0.9
316,chr13,956,T/G,True,0.9
317,chr12,76,T/T,True,0.9
318,chr9,1656,G/C,True,0.9
319,chr6,1998,G/G,True,0.9
320,chr11,494,G/T,True,0.9
321,chr12,284,G/T,True,0.9
322,chr17,1966,C/G,True,0.9
323,chrX,246,G/C,True,0.9
324,chr17,737,A/A,True,0.9
325,chr18,226,C/T,True,0.9
326,chr3,1043,A/G,True,0.9
327,chr4,1151,T/C,True,0.9
328,chr11,827,A/A,True,0.9
329,chr2,1155,C/T,True,0.9
330,chr16,880,A/G,True,0.9
331,chrY,1812,A/A,True,0.9
332,chrX,939,T/A,True,0.9
333,chr6,1961,G/A,True,0.9
334,chr6,333,A/G,True,0.9
335,chr7,707,C/C,True,0.9
336,chrY,1672,A/T,True,0.9
337,chr10,1389,G/G,True,0.9
338,chr3,770,G/C,True,0.9
339,chr20,628,C/T,True,0.9
340,chr17,833,A/T,True,0.9
341,chr8,1693,C/A,True,0.9
342,chr11,947,A/T,True,0.9
343,chr21,242,G/G,True,0.9
344,chr8,1630,T/G,True,0.9
345,chrX,1793,A/G,True,0.9
346,chr22,1261,T/A,True,0.9
347,chr15,375,G/C,True,0.9
348,chr6,457,T/C,True,0.9
349,chr18,1163,T/G,True,0.9
350,chr16,105,C/C,True,0.9
351,chrY,1636,C/T,True,0.9
352,chr20,129,T/G,True,0.9
353,chr20,942,T/G,True,0.9
354,chr21,1518,G/G,True,0.9
355,chr2,540,G/T,True,0.9
356,chr7,1556,A/G,True,0.9
357,chr3,1352,C/C,True,0.9
358,chrX,1951,T/G,True,0.9
359,chr8,948,C/T,True,0.9
360,chrX,173,A/T,True,0.9
361,chr1,361,G/C,True,0.9
362,chr22,444,T/G,True,0.9
363,chr17,1241,C/A,True,0.9
364,chr9,136,C/C,True,0.9
365,chr6,1896,A/T,True,0.9
366,chr16,495,A/C,True,0.9
367,chr9,498,A/A,True,0.9
368,chr19,1643,T/T,True,0.9
369,chr8,771,C/G,True,0.9
370,chr5,1579,T/C,True,0.9
371,chr6,711,A/A,True,0.9
372,chr16,76,G/C,True,0.9
373,chr2,1685,C/C,True,0.9
374,chr2,1399,T/G,True,0.9
375,chr9,1363,A/C,True,0.9
376,chr18,1750,T/A,True,0.9
377,chr3,323,G/C,True,0.9
378,chr9,1055,C/C,True,0.9
379,chr4,1059,A/G,True,0.9
380,chr9,1153,G/C,True,0.9
381,chr2,1848,C/A,True,0.9
382,chr11,1621,C/C,True,0.9
383,chr16,1053,G/A,True,0.9
384,chr1,266,A/T,True,0.9
385,chr4,1421,G/G,True,0.9
386,chr20,1731,A/G,True,0.9
387,chrY,198,G/G,True,0.9
388,chr20,667,T/G,True,0.9
389,chr2,367,A/T,True,0.9
390,chrY,424,T/T,True,0.9
391,chr16,1926,A/G,True,0.9
392,chr7,1195,A/G,True,0.9
393,chr13,1365,C/C,True,0.9
394,chr8,950,T/C,True,0.9
395,chr9,135,T/G,True,0.9
396,chr16,1607,C/A,True,0.9
397,chr10,787,T/T,True,0.9
398,chr22,1739,G/T,True,0.9
399,chr17,1160,T/C,True,0.9
400,chr22,868,C/C,True,0.9
401,chr5,311,G/C,True,0.9
402,chr18,1529,C/G,True,0.9
403,chr15,724,A/C,True,0.9
404,chr5,666,A/T,True,0.9
405,chr10,1620,C/C,True,0.9
406,chr18,1831,A/A,True,0.9
407,chr7,275,T/G,True,0.9
408,chr2,1108,A/G,True,0.9
409,chr3,1239,C/T,True,0.9
410,chr17,77,T/A,True,0.9
411,chrY,1337,C/T,True,0.9
412,chr3,640,T/G,True,0.9
413,chr1,1107,A/C,True,0.9
414,chr12,23,C/C,True,0.9
415,chr6,1720,C/C,True,0.9
416,chrY,1610,T/T,True,0.9
417,chr18,1269,A/G,True,0.9
418,chr15,1667,T/C,True,0.9
419,chrY,1062,G/T,True,0.9
420,chr19,515,T/C,True,0.9
421,chr21,26,T/A,True,0.9
422,chr19,1000,A/A,True,0.9
423,chr1,570,A/T,True,0.9
424,chrX,234,G/A,True,0.9
425,chrY,1617,T/T,True,0.9
426,chr8,754,A/G,True,0.9
427,chr3,1238,G/A,True,0.9
428,chr7,479,C/T,True,0.9
429,chr2,1036,A/G,True,0.9
430,chr4,1687,A/C,True,0.9
431,chr4,29,T/G,True,0.9
432,chr4,1690,A/G,True,0.9
433,chr4,1474,A/T,True,0.9
434,chrX,1033,C/T,True,0.9
435,chr5,1143,T/T,True,0.9
436,chr9,957,G/G,True,0.9
437,chr3,1519,T/G,True,0.9
438,chr8,1805,T/T,True,0.9
439,chr6,1346,C/C,True,0.9
440,chrX,1892,C/A,True,0.9
441,chr12,361,G/A,True,0.9
442,chr11,1226,A/T,True,0.9
443,chrX,1744,T/A,True,0.9
444,chr15,150,A/C,True,0.9
445,chr11,408,T/T,True,0.9
446,chr1,483,C/G,True,0.9
447,chr12,1401,G/T,True,0.9
448,chr16,338,C/C,True,0.9
449,chr4,1527,C/A,True,0.9
450,chr6,614,T/A,True,0.9
451,chrY,448,A/T,True,0.9
452,chr1,205,T/T,True,0.9
453,chr17,759,A/T,True,0.9
454,chr2,539,G/C,True,0.9
455,chr1,1445,T/G,True,0.9
456,chr12,720,A/C,True,0.9
457,chr16,1217,T/G,True,0.9
458,chr22,1815,A/C,True,0.9
459,chr8,239,G/G,True,0.9
460,chr17,104,C/T,True,0.9
461,chr13,1400,C/T,True,0.9
462,chr10,1300,G/T,True,0.9
463,chr11,579,G/T,True,0.9
464,chr13,599,A/C,True,0.9
465,chr19,1394,A/G,True,0.9
466,chr9,977,G/G,True,0.9
467,chr19,1830,G/G,True,0.9
468,chr22,61,G/A,True,0.9
469,chr21,1522,T/T,True,0.9
470,chr22,1590,A/C,True,0.9
471,chr17,1899,T/G,True,0.9
472,chr12,763,G/C,True,0.9
473,chr17,62,C/T,True,0.9
474,chrY,354,T/A,True,0.9
475,chr13,245,A/G,True,0.9
476,chr2,1356,A/T,True,0.9
477,chr3,1046,G/A,True,0.9
478,chr14,341,T/G,True,0.9
479,chr5,893,C/T,True,0.9
480,chr10,1946,G/C,True,0.9
481,chr3,1099,A/T,True,0.9
482,chr7,1166,C/G,True,0.9
483,chr1,1236,G/A,True,0.9
484,chrY,618,C/C,True,0.9
485,chr18,627,C/T,True,0.9
486,chr12,778,A/A,True,0.9
487,chr15,1966,T/T,True,0.9
488,chr21,1733,A/C,True,0.9
489,chr1,64,C/A,True,0.9
