,CHROMOSOME,pos,mut,is_ok,approved_ratio
0,chr19,249,T/G,True,0.9
1,chr17,91,G/G,True,0.9
2,chr7,1170,A/C,True,0.9
3,chr7,1960,G/T,True,0.9
4,chr17,1854,G/A,True,0.9
5,chr13,514,C/A,True,0.9
6,chr22,1792,G/G,True,0.9
7,chr4,1695,A/T,True,0.9
8,chr14,1032,C/T,True,0.9
9,chr19,1330,A/C,True,0.9
10,chr1,1694,G/A,True,0.9
11,chr6,1831,G/G,True,0.9
12,chr16,100,G/T,True,0.9
13,chrY,1431,C/A,True,0.9
14,chr16,308,A/G,True,0.9
15,chr22,1354,A/T,True,0.9
16,chr8,1426,C/T,True,0.9
17,chr7,1821,G/C,True,0.9
18,chr11,677,T/T,True,0.9
19,chr7,64,G/G,True,0.9
20,chrX,1815,A/C,True,0.9
21,chr15,1346,A/G,True,0.9
22,chr16,1572,G/A,True,0.9
23,chr16,1750,A/C,True,0.9
24,chr14,1599,C/G,True,0.9
25,chr3,929,T/C,True,0.9
26,chr1,1068,A/C,True,0.9
27,chr5,795,A/A,True,0.9
28,chr13,1976,T/G,True,0.9
29,chr19,1840,G/G,True,0.9
30,chr7,103,C/C,True,0.9
31,chr6,1644,T/A,True,0.9
32,chrY,1230,A/G,True,0.9
33,chr4,1203,A/G,True,0.9
34,chr11,1642,T/C,True,0.9
35,chr22,1985,G/G,True,0.9
36,chr15,1846,C/G,True,0.9
37,chr6,1710,C/A,True,0.9
38,chr10,1176,C/G,True,0.9
39,chr2,1679,C/T,True,0.9
40,chr5,1016,C/T,True,0.9
41,chr10,1448,T/T,True,0.9
42,chrY,650,T/T,True,0.9
43,chr21,1523,G/C,True,0.9
44,chr10,609,A/T,True,0.9
45,chr14,819,A/G,True,0.9
46,chrY,1553,A/G,True,0.9
47,chr14,1496,A/T,True,0.9
48,chr20,398,C/C,True,0.9
49,chr8,1589,T/A,True,0.9
50,chr9,1227,T/G,True,0.9
51,chr12,1634,G/C,True,0.9
52,chr9,501,C/C,True,0.9
53,chr19,420,C/A,True,0.9
54,chr5,984,G/A,True,0.9
55,chr15,737,T/G,True,0.9
56,chrY,1935,C/G,True,0.9
57,chr3,468,T/C,True,0.9
58,chr19,1203,A/C,True,0.9
59,chr11,1799,A/A,True,0.9
60,chr12,966,T/T,True,0.9
61,chr13,839,C/T,True,0.9
62,chr11,477,A/C,True,0.9
63,chrX,1943,A/C,True,0.9
64,chr1,1522,T/C,True,0.9
65,chr12,221,T/A,True,0.9
66,chr22,201,T/G,True,0.9
67,chr1,569,A/C,True,0.9
68,chr1,26,A/A,True,0.9
69,chr6,227,A/A,True,0.9
70,chr19,1433,G/G,True,0.9
71,chr11,136,G/G,True,0.9
72,chrY,1669,C/A,True,0.9
73,chr12,1247,A/G,True,0.9
74,chr22,954,C/G,True,0.9
75,chr9,1341,A/G,True,0.9
76,chr19,1607,T/G,True,0.9
77,chr7,227,A/A,True,0.9
78,chrX,362,G/A,True,0.9
79,chr22,1798,G/T,True,0.9
80,chr11,788,C/A,True,0.9
81,chr5,666,T/G,True,0.9
82,chr12,1018,T/T,True,0.9
83,chr7,916,G/T,True,0.9
84,chr6,193,T/T,True,0.9
85,chr10,910,C/C,True,0.9
86,chr6,1398,A/A,True,0.9
87,chr9,1717,T/A,True,0.9
88,chr1,986,C/T,True,0.9
89,chr17,1364,C/C,True,0.9
90,chr7,896,C/G,True,0.9
91,chr8,1532,A/G,True,0.9
92,chr9,1726,A/T,True,0.9
93,chr12,1673,T/C,True,0.9
94,chr2,1440,G/G,True,0.9
95,chr10,1898,G/T,True,0.9
96,chr15,818,C/T,True,0.9
97,chr12,690,T/T,True,0.9
98,chr22,1000,C/C,True,0.9
99,chrX,1594,G/G,True,0.9
100,chr14,821,C/G,True,0.9
101,chr1,256,A/A,True,0.9
102,chrX,842,C/T,True,0.9
103,chr6,1012,A/T,True,0.9
104,chr6,1270,A/G,True,0.9
105,chr22,1263,T/T,True,0.9
106,chr15,435,C/T,True,0.9
107,chr2,1108,C/C,True,0.9
108,chr20,147,T/T,True,0.9
109,chr9,1187,A/T,True,0.9
110,chr12,900,A/A,True,0.9
111,chr3,750,C/A,True,0.9
112,chr5,668,A/T,True,0.9
113,chr8,1502,A/T,True,0.9
114,chr19,1537,G/A,True,0.9
115,chr8,1272,G/G,True,0.9
116,chr18,830,T/A,True,0.9
117,chr22,897,C/A,True,0.9
118,chr13,1582,G/C,True,0.9
119,chr14,814,T/C,True,0.9
120,chr18,915,C/G,True,0.9
121,chr7,1860,G/T,True,0.9
122,chr1,1633,G/G,True,0.9
123,chr22,441,C/T,True,0.9
124,chr4,829,G/T,True,0.9
125,chr6,1474,G/T,True,0.9
126,chr16,893,T/T,True,0.9
127,chr5,771,G/A,True,0.9
128,chr4,1945,A/C,True,0.9
129,chrX,1767,A/C,True,0.9
130,chr18,812,C/T,True,0.9
131,chrX,1417,G/T,True,0.9
132,chr7,1534,G/T,True,0.9
133,chr16,187,G/G,True,0.9
134,chr18,623,T/C,True,0.9
135,chr19,1138,C/G,True,0.9
136,chr6,821,C/G,True,0.9
137,chr18,812,A/A,True,0.9
138,chr22,1291,T/G,True,0.9
139,chr16,577,T/T,True,0.9
140,chr8,499,G/G,True,0.9
141,chrX,539,C/C,True,0.9
142,chr14,1831,A/T,True,0.9
143,chr3,1923,T/A,True,0.9
144,chr5,1587,T/T,True,0.9
145,chr3,462,G/C,True,0.9
146,chr12,1070,T/G,True,0.9
147,chr4,1914,G/G,True,0.9
148,chr13,1407,A/T,True,0.9
149,chr21,424,G/A,True,0.9
150,chr13,1781,A/A,True,0.9
151,chr13,406,C/C,True,0.9
152,chr15,108,T/G,True,0.9
153,chr6,1493,G/C,True,0.9
154,chr15,1064,G/T,True,0.9
155,chr14,1609,C/G,True,0.9
156,chr11,1404,A/A,True,0.9
157,chr3,1797,C/A,True,0.9
158,chr4,52,T/A,True,0.9
159,chr7,746,C/G,True,0.9
160,chr7,658,C/G,True,0.9
161,chr1,832,C/T,True,0.9
162,chr18,1697,T/G,True,0.9
163,chr17,566,C/C,True,0.9
164,chr8,1712,C/G,True,0.9
165,chr11,1380,A/G,True,0.9
166,chr10,79,T/G,True,0.9
167,chr19,756,T/T,True,0.9
168,chr21,104,A/A,True,0.9
169,chr11,1716,T/T,True,0.9
170,chr14,1378,G/A,True,0.9
171,chr12,1539,A/T,True,0.9
172,chr21,497,T/A,True,0.9
173,chr14,1054,G/C,True,0.9
174,chr11,1605,G/T,True,0.9
175,chr19,1646,T/A,True,0.9
176,chr11,1386,T/C,True,0.9
177,chr11,384,C/A,True,0.9
178,chr18,480,C/G,True,0.9
179,chr6,683,C/G,True,0.9
180,chr16,1605,A/C,True,0.9
181,chr9,1707,C/A,True,0.9
182,chr13,1656,G/G,True,0.9
183,chr2,104,C/C,True,0.9
184,chr22,653,C/T,True,0.9
185,chr11,798,G/G,True,0.9
186,chr3,280,G/C,True,0.9
187,chr10,1288,C/T,True,0.9
188,chrX,532,T/G,True,0.9
189,chr8,1447,G/G,True,0.9
190,chr16,1293,A/G,True,0.9
191,chr2,658,G/A,True,0.9
192,chr3,1553,T/T,True,0.9
193,chr13,1795,G/T,True,0.9
194,chr7,454,G/C,True,0.9
195,chr14,780,A/A,True,0.9
196,chr13,653,A/C,True,0.9
197,chr6,500,G/G,True,0.9
198,chr6,458,T/G,True,0.9
199,chrY,151,T/G,True,0.9
200,chr1,1695,T/C,True,0.9
201,chr21,432,T/T,True,0.9
202,chr9,1962,T/C,True,0.9
203,chr6,543,A/A,True,0.9
204,chr15,349,G/T,True,0.9
205,chr19,1174,G/A,True,0.9
206,chr18,1703,T/A,True,0.9
207,chr10,394,T/G,True,0.9
208,chr8,1546,A/T,True,0.9
209,chr4,825,A/A,True,0.9
210,chr18,762,G/A,True,0.9
211,chr8,1416,C/G,True,0.9
212,chr3,601,A/G,True,0.9
213,chr19,12,A/C,True,0.9
214,chr13,754,T/T,True,0.9
215,chr15,361,A/G,True,0.9
216,chr22,1861,A/C,True,0.9
217,chr5,1245,C/G,True,0.9
218,chr9,778,T/C,True,0.9
219,chr22,1239,T/A,True,0.9
220,chr22,1199,G/A,True,0.9
221,chr9,219,T/A,True,0.9
222,chr5,797,C/G,True,0.9
223,chr1,326,A/G,True,0.9
224,chr8,1284,T/A,True,0.9
225,chr2,980,G/G,True,0.9
226,chr3,1988,G/C,True,0.9
227,chr4,1550,C/C,True,0.9
228,chr3,1785,G/T,True,0.9
229,chr1,841,A/A,True,0.9
230,chr4,1699,A/C,True,0.9
231,chr17,540,C/G,True,0.9
232,chr16,387,C/C,True,0.9
233,chr2,1039,G/G,True,0.9
234,chr13,1798,C/T,True,0.9
235,chr7,12,C/C,True,0.9
236,chr4,962,T/G,True,0.9
237,chr15,1673,C/G,True,0.9
238,chr20,1919,C/G,True,0.9
239,chr18,129,T/T,True,0.9
240,chr18,1368,A/C,True,0.9
241,chr7,805,G/A,True,0.9
242,chr16,698,A/A,True,0.9
243,chr2,1956,C/G,True,0.9
244,chr1,1113,A/G,True,0.9
245,chr8,1040,G/C,True,0.9
246,chr21,848,T/C,True,0.9
247,chr13,1202,A/A,True,0.9
248,chr1,395,A/C,True,0.9
249,chr22,1122,A/G,True,0.9
250,chr15,80,A/T,True,0.9
251,chr7,685,G/C,True,0.9
252,chr7,1864,T/A,True,0.9
253,chr10,1584,T/T,True,0.9
254,chr20,1836,T/T,True,0.9
255,chrX,576,T/C,True,0.9
256,chr3,1508,A/G,True,0.9
257,chr4,1875,C/T,True,0.9
258,chr2,308,G/T,True,0.9
259,chr16,123,C/C,True,0.9
260,chr20,302,T/A,True,0.9
261,chr5,68,A/A,True,0.9
262,chr3,1360,C/T,True,0.9
263,chr15,1275,A/C,True,0.9
264,chr14,1083,C/T,True,0.9
265,chr13,1523,G/A,True,0.9
266,chr7,1856,G/T,True,0.9
267,chr19,79,C/G,True,0.9
268,chr12,947,T/C,True,0.9
269,chr3,1874,C/C,True,0.9
270,chr3,1340,G/A,True,0.9
271,chr9,1098,A/A,True,0.9
272,chr14,157,A/G,True,0.9
273,chr16,310,G/G,True,0.9
274,chr7,964,G/T,True,0.9
275,chrY,276,T/C,True,0.9
276,chr19,410,C/G,True,0.9
277,chr8,1204,T/C,True,0.9
278,chr22,393,T/T,True,0.9
279,chr21,820,C/A,True,0.9
280,chr5,225,T/C,True,0.9
281,chr12,656,T/A,True,0.9
282,chr19,1675,T/A,True,0.9
283,chr17,1123,T/C,True,0.9
284,chr22,680,A/A,True,0.9
285,chr20,1874,T/C,True,0.9
286,chrY,552,A/G,True,0.9
287,chr21,416,T/C,True,0.9
288,chr14,474,G/C,True,0.9
289,chr15,1444,C/T,True,0.9
290,chr3,627,G/C,True,0.9
291,chr5,1229,G/C,True,0.9
292,chr16,726,G/T,True,0.9
293,chr15,1745,A/T,True,0.9
294,chr21,1599,G/T,True,0.9
295,chrX,417,G/A,True,0.9
296,chr9,776,A/G,True,0.9
297,chrX,514,T/A,True,0.9
298,chr7,399,A/C,True,0.9
299,chr9,1793,C/C,True,0.9
300,chr5,426,C/G,True,0.9
301,chr15,740,A/G,True,0.9
302,chr16,287,C/G,True,0.9
303,chr11,1630,T/T,True,0.9
304,chr2,731,C/C,True,0.9
305,chr22,580,G/G,True,0.9
306,chr19,1098,T/A,True,0.9
307,chr14,1715,T/G,True,0.9
308,chr5,744,G/G,True,0.9
309,chr15,1506,C/A,True,0.9
310,chr20,1194,A/C,True,0.9
311,chr14,1307,T/A,True,0.9
312,chr4,902,T/G,True,0.9
313,chr12,103,A/G,True,0.9
314,chr1,1233,C/T,True,0.9
315,chr14,165,T/A,True,0.9
316,chr17,1765,C/T,True,0.9
317,chr7,1447,A/G,True,0.9
318,chr9,1085,A/G,True,0.9
319,chr7,732,A/C,True,0.9
320,chr11,1316,A/C,True,0.9
321,chr7,1555,C/A,True,0.9
322,chr10,471,T/C,True,0.9
323,chr20,140,T/G,True,0.9
324,chr13,1449,A/A,True,0.9
325,chr6,1401,A/G,True,0.9
326,chr14,1035,A/A,True,0.9
327,chr3,259,C/T,True,0.9
328,chrX,395,T/G,True,0.9
329,chr14,654,A/A,True,0.9
330,chr22,295,C/A,True,0.9
331,chr5,1322,A/C,True,0.9
332,chr10,1297,C/A,True,0.9
333,chrX,1230,T/C,True,0.9
334,chr5,1267,A/T,True,0.9
335,chr19,449,T/T,True,0.9
336,chr15,390,G/A,True,0.9
337,chr10,411,A/G,True,0.9
338,chr18,1669,G/A,True,0.9
339,chr4,1028,A/T,True,0.9
340,chr10,147,A/G,True,0.9
341,chr11,1163,A/A,True,0.9
342,chr10,1527,T/G,True,0.9
343,chr1,1950,T/C,True,0.9
344,chr17,1001,G/A,True,0.9
345,chr14,1474,T/G,True,0.9
346,chrX,1026,C/T,True,0.9
347,chr6,392,A/C,True,0.9
348,chr4,658,C/A,True,0.9
349,chr13,956,T/G,True,0.9
350,chr2,1806,A/G,True,0.9
351,chr22,1237,A/A,True,0.9
352,chr12,284,G/T,True,0.9
353,chr14,1227,C/C,True,0.9
354,chr17,1966,C/G,True,0.9
355,chr17,737,A/A,True,0.9
356,chr18,226,C/T,True,0.9
357,chr1,262,C/A,True,0.9
358,chr6,360,A/T,True,0.9
359,chr16,880,A/G,True,0.9
360,chrY,973,G/A,True,0.9
361,chr8,860,T/G,True,0.9
362,chr19,1801,C/A,True,0.9
363,chr14,844,T/C,True,0.9
364,chr1,1466,C/T,True,0.9
365,chr19,1251,A/T,True,0.9
366,chr21,751,C/G,True,0.9
367,chr14,300,A/T,True,0.9
368,chr6,457,T/C,True,0.9
369,chr18,181,T/A,True,0.9
370,chr20,129,T/G,True,0.9
371,chr19,1981,A/G,True,0.9
372,chr20,942,T/G,True,0.9
373,chr7,694,C/A,True,0.9
374,chr3,1352,C/C,True,0.9
375,chr1,1369,G/C,True,0.9
376,chr9,662,T/C,True,0.9
377,chr8,948,C/T,True,0.9
378,chrX,173,A/T,True,0.9
379,chr12,928,G/G,True,0.9
380,chr13,1442,C/C,True,0.9
381,chr18,862,A/T,True,0.9
382,chr18,1337,G/T,True,0.9
383,chr9,136,C/C,True,0.9
384,chr16,495,A/C,True,0.9
385,chr7,1407,C/A,True,0.9
386,chr4,298,A/T,True,0.9
387,chr9,498,A/A,True,0.9
388,chr13,1205,C/A,True,0.9
389,chr6,711,A/A,True,0.9
390,chr19,264,A/C,True,0.9
391,chr18,1750,T/A,True,0.9
392,chr3,323,G/C,True,0.9
393,chr8,1159,G/A,True,0.9
394,chr8,908,C/A,True,0.9
395,chr9,1055,C/C,True,0.9
396,chr4,1079,G/A,True,0.9
397,chr3,1639,G/A,True,0.9
398,chr3,1899,T/C,True,0.9
399,chr11,904,T/T,True,0.9
400,chr20,1270,A/A,True,0.9
401,chr16,421,C/G,True,0.9
402,chr16,1053,G/A,True,0.9
403,chr9,1029,G/G,True,0.9
404,chr16,365,T/A,True,0.9
405,chr10,1914,A/A,True,0.9
406,chr7,1327,T/T,True,0.9
407,chr16,1926,A/G,True,0.9
408,chr1,787,C/C,True,0.9
409,chr8,950,T/C,True,0.9
410,chr1,1271,G/A,True,0.9
411,chr14,1523,A/C,True,0.9
412,chr4,368,G/A,True,0.9
413,chr19,767,A/T,True,0.9
414,chr10,787,T/T,True,0.9
415,chr8,1478,G/C,True,0.9
416,chr7,784,A/T,True,0.9
417,chr22,1007,G/A,True,0.9
418,chr13,701,T/G,True,0.9
419,chr5,311,G/C,True,0.9
420,chrY,498,G/G,True,0.9
421,chr12,1205,G/G,True,0.9
422,chr18,1529,C/G,True,0.9
423,chr10,755,T/T,True,0.9
424,chr17,1871,C/A,True,0.9
425,chr10,1620,C/C,True,0.9
426,chr5,1776,G/G,True,0.9
427,chr1,1107,A/C,True,0.9
428,chr19,1249,A/T,True,0.9
429,chr18,1061,C/C,True,0.9
430,chr13,1019,C/A,True,0.9
431,chr18,1269,A/G,True,0.9
432,chr21,26,T/A,True,0.9
433,chr8,1161,C/T,True,0.9
434,chr10,189,A/T,True,0.9
435,chr19,1000,A/A,True,0.9
436,chr18,77,T/C,True,0.9
437,chr15,1369,G/A,True,0.9
438,chr20,1895,G/A,True,0.9
439,chr17,1710,G/T,True,0.9
440,chrY,1617,T/T,True,0.9
441,chr10,1231,A/C,True,0.9
442,chr13,1749,T/A,True,0.9
443,chrY,111,G/C,True,0.9
444,chr5,1031,G/G,True,0.9
445,chr13,631,T/A,True,0.9
446,chr17,1226,G/C,True,0.9
447,chr1,954,T/G,True,0.9
448,chr12,236,A/G,True,0.9
449,chrX,200,T/C,True,0.9
450,chr4,1690,A/G,True,0.9
451,chr21,1913,C/A,True,0.9
452,chr14,1534,G/C,True,0.9
453,chr13,334,G/C,True,0.9
454,chr4,1994,C/A,True,0.9
455,chr13,1663,G/A,True,0.9
456,chr11,1226,A/T,True,0.9
457,chr10,1638,G/T,True,0.9
458,chr15,150,A/C,True,0.9
459,chr1,483,C/G,True,0.9
460,chr1,237,A/A,True,0.9
461,chrX,1535,A/T,True,0.9
462,chr12,1401,G/T,True,0.9
463,chr18,970,T/G,True,0.9
464,chr13,1111,T/T,True,0.9
465,chr15,1206,T/G,True,0.9
466,chr1,205,T/T,True,0.9
467,chr2,98,G/C,True,0.9
468,chr2,1334,G/C,True,0.9
469,chr8,1244,A/A,True,0.9
470,chr17,759,A/T,True,0.9
471,chr12,1615,A/T,True,0.9
472,chr2,539,G/C,True,0.9
473,chr10,1624,A/A,True,0.9
474,chr14,1088,G/C,True,0.9
475,chr20,1090,G/T,True,0.9
476,chr12,720,A/C,True,0.9
477,chr1,1172,T/C,True,0.9
478,chr16,1217,T/G,True,0.9
479,chr11,848,A/T,True,0.9
480,chr17,104,C/T,True,0.9
481,chr13,1114,G/A,True,0.9
482,chr18,527,T/G,True,0.9
483,chr20,1422,C/G,True,0.9
484,chr19,1394,A/G,True,0.9
485,chr18,226,A/A,True,0.9
486,chrX,1549,C/A,True,0.9
487,chr10,915,C/T,True,0.9
488,chr11,728,A/C,True,0.9
489,chr8,1773,G/G,True,0.9
490,chr6,954,T/T,True,0.9
491,chrY,354,T/A,True,0.9
492,chr13,245,A/G,True,0.9
493,chr2,1356,A/T,True,0.9
494,chr3,1046,G/A,True,0.9
495,chr19,1992,C/G,True,0.9
496,chr14,341,T/G,True,0.9
497,chr16,72,C/T,True,0.9
498,chr5,1414,G/T,True,0.9
499,chr10,1080,G/C,True,0.9
500,chr13,1445,G/T,True,0.9
501,chr21,784,C/A,True,0.9
502,chr11,746,A/A,True,0.9
503,chr18,627,C/T,True,0.9
504,chr12,778,A/A,True,0.9
505,chr6,308,C/T,True,0.9
