,CHROMOSOME,pos,mut,is_ok,approved_ratio
0,chr18,1597,G/A,True,0.9
1,chr7,1170,A/C,True,0.9
2,chr13,514,C/A,True,0.9
3,chr15,1760,T/G,True,0.9
4,chr11,1682,G/A,True,0.9
5,chr4,1695,A/T,True,0.9
6,chr2,501,C/T,True,0.9
7,chr15,763,G/A,True,0.9
8,chr11,1748,C/A,True,0.9
9,chr6,1360,A/A,True,0.9
10,chr6,1031,T/T,True,0.9
11,chr7,430,G/T,True,0.9
12,chr16,308,A/G,True,0.9
13,chr22,1354,A/T,True,0.9
14,chr18,624,G/T,True,0.9
15,chr7,1901,A/G,True,0.9
16,chr21,361,G/C,True,0.9
17,chr13,1823,A/C,True,0.9
18,chr15,1987,T/A,True,0.9
19,chrY,288,G/G,True,0.9
20,chr7,1400,C/T,True,0.9
21,chr1,1068,A/C,True,0.9
22,chr21,324,C/A,True,0.9
23,chr13,1976,T/G,True,0.9
24,chr19,1840,G/G,True,0.9
25,chr14,825,T/G,True,0.9
26,chr22,1533,A/G,True,0.9
27,chr4,528,C/A,True,0.9
28,chr6,1710,C/A,True,0.9
29,chr7,889,G/C,True,0.9
30,chr22,1962,T/G,True,0.9
31,chr2,1679,C/T,True,0.9
32,chr5,1016,C/T,True,0.9
33,chr15,569,G/T,True,0.9
34,chr10,609,A/T,True,0.9
35,chr14,819,A/G,True,0.9
36,chr20,1443,A/G,True,0.9
37,chr2,1058,G/T,True,0.9
38,chr14,212,C/T,True,0.9
39,chr13,945,T/A,True,0.9
40,chr14,1496,A/T,True,0.9
41,chr19,70,T/C,True,0.9
42,chr8,1589,T/A,True,0.9
43,chr7,1849,A/T,True,0.9
44,chr9,501,C/C,True,0.9
45,chr19,420,C/A,True,0.9
46,chr9,456,C/A,True,0.9
47,chr9,233,C/G,True,0.9
48,chr19,1203,A/C,True,0.9
49,chr11,1799,A/A,True,0.9
50,chr20,1300,C/T,True,0.9
51,chrY,588,A/C,True,0.9
52,chr4,693,A/T,True,0.9
53,chr22,1350,C/C,True,0.9
54,chrY,509,T/T,True,0.9
55,chr6,1313,C/C,True,0.9
56,chrY,1784,T/C,True,0.9
57,chr10,1942,G/T,True,0.9
58,chrX,1106,A/G,True,0.9
59,chr10,1486,A/C,True,0.9
60,chr20,1885,C/C,True,0.9
61,chr7,916,G/T,True,0.9
62,chr4,32,C/G,True,0.9
63,chr21,846,A/T,True,0.9
64,chr4,1514,C/T,True,0.9
65,chr21,732,G/G,True,0.9
66,chr12,1214,A/C,True,0.9
67,chr4,487,A/G,True,0.9
68,chr16,1372,G/A,True,0.9
69,chr17,1364,C/C,True,0.9
70,chr10,37,A/T,True,0.9
71,chr2,1802,G/T,True,0.9
72,chr8,72,T/A,True,0.9
73,chr6,365,G/T,True,0.9
74,chr12,1673,T/C,True,0.9
75,chr16,1137,G/C,True,0.9
76,chr4,1314,A/G,True,0.9
77,chr6,589,T/C,True,0.9
78,chr2,1440,G/G,True,0.9
79,chr1,1549,C/G,True,0.9
80,chr20,1677,A/T,True,0.9
81,chr14,224,T/C,True,0.9
82,chr12,690,T/T,True,0.9
83,chr8,1132,C/T,True,0.9
84,chr14,821,C/G,True,0.9
85,chr12,442,C/G,True,0.9
86,chr1,256,A/A,True,0.9
87,chrX,842,C/T,True,0.9
88,chr1,1914,G/T,True,0.9
89,chr18,273,T/T,True,0.9
90,chr5,1392,G/C,True,0.9
91,chr12,900,A/A,True,0.9
92,chr21,822,A/C,True,0.9
93,chr3,750,C/A,True,0.9
94,chr5,668,A/T,True,0.9
95,chrY,1149,G/T,True,0.9
96,chr13,709,A/A,True,0.9
97,chr18,830,T/A,True,0.9
98,chr20,1768,G/G,True,0.9
99,chr6,565,T/G,True,0.9
100,chr7,240,A/G,True,0.9
101,chr6,1794,C/T,True,0.9
102,chr18,915,C/G,True,0.9
103,chrX,1767,G/A,True,0.9
104,chr1,1633,G/G,True,0.9
105,chr17,60,C/A,True,0.9
106,chrX,842,T/T,True,0.9
107,chr16,884,A/G,True,0.9
108,chr2,1833,A/A,True,0.9
109,chr4,1945,A/C,True,0.9
110,chrX,1767,A/C,True,0.9
111,chr11,744,A/A,True,0.9
112,chr2,308,G/G,True,0.9
113,chr21,128,A/A,True,0.9
114,chr11,1711,C/C,True,0.9
115,chr6,272,T/A,True,0.9
116,chr1,765,C/A,True,0.9
117,chr21,848,G/A,True,0.9
118,chr16,1437,G/C,True,0.9
119,chr15,1986,A/C,True,0.9
120,chr13,1924,C/T,True,0.9
121,chr9,1510,C/A,True,0.9
122,chr6,279,T/C,True,0.9
123,chr19,1538,A/C,True,0.9
124,chr17,1887,C/C,True,0.9
125,chr7,1718,A/A,True,0.9
126,chrX,539,C/C,True,0.9
127,chr9,1849,A/G,True,0.9
128,chr6,1810,G/G,True,0.9
129,chr3,462,G/C,True,0.9
130,chr2,506,G/A,True,0.9
131,chr11,1346,G/G,True,0.9
132,chr7,1550,C/G,True,0.9
133,chr4,1914,G/G,True,0.9
134,chr13,1407,A/T,True,0.9
135,chr3,157,T/C,True,0.9
136,chr13,1781,A/A,True,0.9
137,chr19,88,T/T,True,0.9
138,chr6,1493,G/C,True,0.9
139,chr13,1620,G/C,True,0.9
140,chr11,1404,A/A,True,0.9
141,chr11,1002,G/A,True,0.9
142,chr9,1629,C/C,True,0.9
143,chr1,394,T/C,True,0.9
144,chr4,52,T/A,True,0.9
145,chr14,458,T/T,True,0.9
146,chr7,746,C/G,True,0.9
147,chr7,658,C/G,True,0.9
148,chr2,503,C/C,True,0.9
149,chr10,1722,A/C,True,0.9
150,chrX,403,T/A,True,0.9
151,chr19,756,T/T,True,0.9
152,chr11,1716,T/T,True,0.9
153,chr1,1007,A/T,True,0.9
154,chr17,110,G/C,True,0.9
155,chr14,1378,G/A,True,0.9
156,chr21,497,T/A,True,0.9
157,chrY,351,T/A,True,0.9
158,chr11,1605,G/T,True,0.9
159,chr6,350,C/A,True,0.9
160,chr7,630,A/C,True,0.9
161,chr11,384,C/A,True,0.9
162,chr22,179,T/G,True,0.9
163,chr16,1605,A/C,True,0.9
164,chr13,1407,T/G,True,0.9
165,chr13,1656,G/G,True,0.9
166,chr15,800,A/A,True,0.9
167,chr11,798,G/G,True,0.9
168,chr10,1288,C/T,True,0.9
169,chr22,1848,C/A,True,0.9
170,chr15,281,C/T,True,0.9
171,chr3,1553,T/T,True,0.9
172,chr16,1179,A/G,True,0.9
173,chr5,647,G/G,True,0.9
174,chr16,1879,A/G,True,0.9
175,chr7,1401,T/A,True,0.9
176,chr21,1169,T/A,True,0.9
177,chr20,1442,C/G,True,0.9
178,chr11,510,T/G,True,0.9
179,chr21,1742,C/C,True,0.9
180,chr21,679,G/C,True,0.9
181,chr6,500,G/G,True,0.9
182,chr14,51,A/A,True,0.9
183,chrY,151,T/G,True,0.9
184,chr16,1503,T/G,True,0.9
185,chr1,1695,T/C,True,0.9
186,chr19,257,C/A,True,0.9
187,chr15,349,G/T,True,0.9
188,chr10,1794,C/T,True,0.9
189,chr4,825,A/A,True,0.9
190,chr3,601,A/G,True,0.9
191,chr9,612,T/C,True,0.9
192,chr19,12,A/C,True,0.9
193,chr17,301,T/G,True,0.9
194,chr5,1245,C/G,True,0.9
195,chr14,233,T/T,True,0.9
196,chr20,1292,A/C,True,0.9
197,chr8,1725,T/T,True,0.9
198,chr9,778,T/C,True,0.9
199,chr5,1887,G/A,True,0.9
200,chr1,1891,C/A,True,0.9
201,chr9,219,T/A,True,0.9
202,chr5,797,C/G,True,0.9
203,chr13,1056,T/C,True,0.9
204,chr1,326,A/G,True,0.9
205,chr6,115,C/C,True,0.9
206,chr2,1630,T/T,True,0.9
207,chr9,567,C/A,True,0.9
208,chrX,1409,T/T,True,0.9
209,chr11,822,A/T,True,0.9
210,chr4,1703,G/A,True,0.9
211,chr4,1699,A/C,True,0.9
212,chr12,1234,C/T,True,0.9
213,chr16,387,C/C,True,0.9
214,chr12,352,T/T,True,0.9
215,chr13,1798,C/T,True,0.9
216,chr7,12,C/C,True,0.9
217,chr15,1673,C/G,True,0.9
218,chr17,837,C/G,True,0.9
219,chr18,1368,A/C,True,0.9
220,chr2,1956,C/G,True,0.9
221,chrX,1493,T/A,True,0.9
222,chr1,1113,A/G,True,0.9
223,chr18,943,C/C,True,0.9
224,chr8,1040,G/C,True,0.9
225,chr9,1112,A/C,True,0.9
226,chr11,1763,G/G,True,0.9
227,chr22,1122,A/G,True,0.9
228,chr18,1524,G/G,True,0.9
229,chr17,31,C/T,True,0.9
230,chr15,80,A/T,True,0.9
231,chr7,685,G/C,True,0.9
232,chr5,1466,A/G,True,0.9
233,chr10,1584,T/T,True,0.9
234,chr4,734,G/C,True,0.9
235,chr17,646,A/A,True,0.9
236,chrX,1096,A/G,True,0.9
237,chr2,308,G/T,True,0.9
238,chr4,1868,T/A,True,0.9
239,chr17,1495,C/C,True,0.9
240,chr20,302,T/A,True,0.9
241,chr5,68,A/A,True,0.9
242,chr18,204,C/C,True,0.9
243,chr3,1360,C/T,True,0.9
244,chr6,1588,A/G,True,0.9
245,chr15,1275,A/C,True,0.9
246,chr13,1523,G/A,True,0.9
247,chr7,1856,G/T,True,0.9
248,chr11,499,C/A,True,0.9
249,chr3,1340,G/A,True,0.9
250,chr19,1972,G/T,True,0.9
251,chr7,964,G/T,True,0.9
252,chr2,1357,G/A,True,0.9
253,chrY,1687,T/T,True,0.9
254,chr11,412,C/G,True,0.9
255,chr7,1671,T/A,True,0.9
256,chr22,393,T/T,True,0.9
257,chr19,307,T/A,True,0.9
258,chr7,1582,A/T,True,0.9
259,chr12,656,T/A,True,0.9
260,chr13,677,G/G,True,0.9
261,chr17,1123,T/C,True,0.9
262,chr22,680,A/A,True,0.9
263,chr18,1472,G/A,True,0.9
264,chrY,552,A/G,True,0.9
265,chr19,1945,C/A,True,0.9
266,chr5,1229,G/C,True,0.9
267,chr7,1586,A/C,True,0.9
268,chr14,1041,G/C,True,0.9
269,chr15,1745,A/T,True,0.9
270,chr22,1172,A/T,True,0.9
271,chr20,1297,G/T,True,0.9
272,chrX,749,C/A,True,0.9
273,chr17,1608,T/A,True,0.9
274,chr16,1168,G/T,True,0.9
275,chr9,776,A/G,True,0.9
276,chr9,1793,C/C,True,0.9
277,chr15,800,A/T,True,0.9
278,chr15,740,A/G,True,0.9
279,chr11,1630,T/T,True,0.9
280,chr2,731,C/C,True,0.9
281,chr4,939,G/G,True,0.9
282,chr10,1915,T/A,True,0.9
283,chr8,1879,T/T,True,0.9
284,chr14,234,C/C,True,0.9
285,chr14,1715,T/G,True,0.9
286,chr15,1506,C/A,True,0.9
287,chr9,211,T/C,True,0.9
288,chr12,1669,T/A,True,0.9
289,chr12,103,A/G,True,0.9
290,chr2,342,C/A,True,0.9
291,chr10,1900,G/G,True,0.9
292,chr7,1447,A/G,True,0.9
293,chr13,130,A/G,True,0.9
294,chr8,230,C/A,True,0.9
295,chr7,732,A/C,True,0.9
296,chr18,1396,T/G,True,0.9
297,chr3,1585,T/A,True,0.9
298,chr10,471,T/C,True,0.9
299,chr13,1449,A/A,True,0.9
300,chrX,1658,G/A,True,0.9
301,chr7,272,T/A,True,0.9
302,chr3,259,C/T,True,0.9
303,chr14,654,A/A,True,0.9
304,chr14,825,A/C,True,0.9
305,chr14,1431,G/T,True,0.9
306,chr13,849,G/T,True,0.9
307,chr3,1172,C/G,True,0.9
308,chr8,623,G/A,True,0.9
309,chr7,159,C/T,True,0.9
310,chrY,458,T/A,True,0.9
311,chr15,390,G/A,True,0.9
312,chr18,1669,G/A,True,0.9
313,chr14,1024,A/T,True,0.9
314,chr18,1735,T/T,True,0.9
315,chr2,1981,C/G,True,0.9
316,chr12,762,A/T,True,0.9
317,chr11,1604,T/A,True,0.9
318,chr4,1056,C/C,True,0.9
319,chr16,651,T/T,True,0.9
320,chrY,1739,C/A,True,0.9
321,chr7,355,T/G,True,0.9
322,chr19,1156,A/G,True,0.9
323,chr6,392,A/C,True,0.9
324,chr4,658,C/A,True,0.9
325,chr7,1683,G/G,True,0.9
326,chr21,1697,G/T,True,0.9
327,chr11,494,G/T,True,0.9
328,chr12,284,G/T,True,0.9
329,chr14,1227,C/C,True,0.9
330,chr3,1043,A/G,True,0.9
331,chr1,262,C/A,True,0.9
332,chr2,1155,C/T,True,0.9
333,chr16,880,A/G,True,0.9
334,chr2,1604,G/G,True,0.9
335,chr6,333,A/G,True,0.9
336,chr10,782,G/T,True,0.9
337,chrY,1052,A/T,True,0.9
338,chr5,708,T/C,True,0.9
339,chr20,122,T/T,True,0.9
340,chr7,707,C/C,True,0.9
341,chr1,1466,C/T,True,0.9
342,chr19,1251,A/T,True,0.9
343,chr20,628,C/T,True,0.9
344,chr8,1693,C/A,True,0.9
345,chr17,1966,C/A,True,0.9
346,chr21,242,G/G,True,0.9
347,chr8,1630,T/G,True,0.9
348,chr3,351,A/C,True,0.9
349,chr6,457,T/C,True,0.9
350,chrX,1701,C/C,True,0.9
351,chrY,1636,C/T,True,0.9
352,chr18,181,T/A,True,0.9
353,chr17,1660,G/G,True,0.9
354,chr19,1981,A/G,True,0.9
355,chr11,525,T/A,True,0.9
356,chr21,1518,G/G,True,0.9
357,chr1,1281,C/C,True,0.9
358,chr10,1557,G/G,True,0.9
359,chr18,1989,C/T,True,0.9
360,chr2,540,G/T,True,0.9
361,chr16,520,G/A,True,0.9
362,chr7,1556,A/G,True,0.9
363,chr3,1352,C/C,True,0.9
364,chr5,976,T/G,True,0.9
365,chr19,1607,A/T,True,0.9
366,chr1,1369,G/C,True,0.9
367,chr8,948,C/T,True,0.9
368,chr2,1399,C/A,True,0.9
369,chrX,173,A/T,True,0.9
370,chr13,1442,C/C,True,0.9
371,chr22,444,T/G,True,0.9
372,chr17,1241,C/A,True,0.9
373,chr3,1625,C/G,True,0.9
374,chr7,1407,C/A,True,0.9
375,chr13,1205,C/A,True,0.9
376,chrX,1014,T/G,True,0.9
377,chr2,1685,C/C,True,0.9
378,chr19,264,A/C,True,0.9
379,chr3,323,G/C,True,0.9
380,chr8,1159,G/A,True,0.9
381,chrY,1430,T/A,True,0.9
382,chr3,1639,G/A,True,0.9
383,chr19,1253,C/T,True,0.9
384,chr6,1128,A/A,True,0.9
385,chr2,1848,C/A,True,0.9
386,chr20,1270,A/A,True,0.9
387,chr17,158,C/T,True,0.9
388,chr16,421,C/G,True,0.9
389,chr16,1053,G/A,True,0.9
390,chr1,266,A/T,True,0.9
391,chr20,1731,A/G,True,0.9
392,chrY,198,G/G,True,0.9
393,chr9,49,C/C,True,0.9
394,chr19,1458,G/G,True,0.9
395,chr1,9,G/C,True,0.9
396,chr17,1535,A/C,True,0.9
397,chr7,1327,T/T,True,0.9
398,chr16,1926,A/G,True,0.9
399,chr7,1195,A/G,True,0.9
400,chr8,950,T/C,True,0.9
401,chr5,1562,A/C,True,0.9
402,chr9,135,T/G,True,0.9
403,chr14,1523,A/C,True,0.9
404,chr16,1607,C/A,True,0.9
405,chr2,989,C/C,True,0.9
406,chr2,555,T/G,True,0.9
407,chr17,1160,T/C,True,0.9
408,chr1,1899,C/C,True,0.9
409,chr9,428,A/T,True,0.9
410,chr22,868,C/C,True,0.9
411,chr14,1896,A/G,True,0.9
412,chr3,689,G/G,True,0.9
413,chrY,498,G/G,True,0.9
414,chr12,1205,G/G,True,0.9
415,chr10,755,T/T,True,0.9
416,chr15,724,A/C,True,0.9
417,chr17,1871,C/A,True,0.9
418,chrY,1275,A/A,True,0.9
419,chr18,1831,A/A,True,0.9
420,chr12,782,C/G,True,0.9
421,chrY,39,A/C,True,0.9
422,chr3,1239,C/T,True,0.9
423,chr1,249,A/C,True,0.9
424,chr18,1467,G/A,True,0.9
425,chrY,1337,C/T,True,0.9
426,chr5,1776,G/G,True,0.9
427,chr3,640,T/G,True,0.9
428,chr1,1107,A/C,True,0.9
429,chr16,31,C/T,True,0.9
430,chr18,1269,A/G,True,0.9
431,chr14,664,C/A,True,0.9
432,chr21,1091,A/G,True,0.9
433,chr21,26,T/A,True,0.9
434,chr17,1235,T/A,True,0.9
435,chr8,1106,T/A,True,0.9
436,chr18,110,G/C,True,0.9
437,chrX,234,G/A,True,0.9
438,chr19,380,G/A,True,0.9
439,chr3,1931,C/G,True,0.9
440,chr12,684,A/G,True,0.9
441,chr6,1876,C/C,True,0.9
442,chr13,1749,T/A,True,0.9
443,chr4,314,A/A,True,0.9
444,chr4,29,T/G,True,0.9
445,chr21,1910,G/C,True,0.9
446,chrX,1033,C/T,True,0.9
447,chr13,1253,T/A,True,0.9
448,chr14,1534,G/C,True,0.9
449,chr7,1110,T/G,True,0.9
450,chrY,1857,T/T,True,0.9
451,chrX,1438,T/A,True,0.9
452,chr12,1870,A/G,True,0.9
453,chr7,1062,C/G,True,0.9
454,chrY,176,G/G,True,0.9
455,chr22,73,A/C,True,0.9
456,chr3,70,C/G,True,0.9
457,chr10,1927,C/G,True,0.9
458,chr13,1111,T/T,True,0.9
459,chr2,1664,A/G,True,0.9
460,chr22,235,T/C,True,0.9
461,chr22,22,C/A,True,0.9
462,chr6,614,T/A,True,0.9
463,chr15,1206,T/G,True,0.9
464,chr1,205,T/T,True,0.9
465,chr8,1244,A/A,True,0.9
466,chr9,1319,G/T,True,0.9
467,chr10,1624,A/A,True,0.9
468,chr8,818,G/G,True,0.9
469,chr14,1088,G/C,True,0.9
470,chr1,1445,T/G,True,0.9
471,chr17,1685,A/C,True,0.9
472,chr20,637,T/C,True,0.9
473,chr1,1676,C/G,True,0.9
474,chr20,1064,T/C,True,0.9
475,chr15,1804,A/A,True,0.9
476,chr11,848,A/T,True,0.9
477,chrY,1065,A/C,True,0.9
478,chr13,1114,G/A,True,0.9
479,chr13,201,G/C,True,0.9
480,chr13,1400,C/T,True,0.9
481,chr8,655,C/T,True,0.9
482,chr7,1623,G/C,True,0.9
483,chr11,579,G/T,True,0.9
484,chrY,1762,G/T,True,0.9
485,chr18,226,A/A,True,0.9
486,chr9,977,G/G,True,0.9
487,chr13,734,C/T,True,0.9
488,chr4,150,A/T,True,0.9
489,chr3,502,A/A,True,0.9
490,chr22,1590,A/C,True,0.9
491,chr5,332,C/G,True,0.9
492,chr14,341,T/G,True,0.9
493,chr5,893,C/T,True,0.9
494,chr16,72,C/T,True,0.9
495,chr6,1022,C/T,True,0.9
496,chr21,784,C/A,True,0.9
497,chr6,1289,C/A,True,0.9
498,chr7,1166,C/G,True,0.9
499,chr11,1987,T/T,True,0.9
500,chrY,895,G/A,True,0.9
501,chr12,778,A/A,True,0.9
502,chr9,710,C/T,True,0.9
503,chrX,364,C/C,True,0.9
504,chr1,64,C/A,True,0.9
