,CHROMOSOME,pos,mut,is_ok,approved_ratio
0,chr10,409,C/C,True,0.9
1,chr5,615,G/A,True,0.9
2,chr17,1854,G/A,True,0.9
3,chr13,514,C/A,True,0.9
4,chr19,1330,A/C,True,0.9
5,chr6,1360,A/A,True,0.9
6,chr16,100,G/T,True,0.9
7,chr6,1031,T/T,True,0.9
8,chrX,395,T/A,True,0.9
9,chr20,1273,C/G,True,0.9
10,chr7,64,G/G,True,0.9
11,chrY,1261,A/C,True,0.9
12,chrX,1102,T/G,True,0.9
13,chr14,154,G/G,True,0.9
14,chr22,1804,G/C,True,0.9
15,chr7,401,C/A,True,0.9
16,chrX,1815,A/C,True,0.9
17,chr16,1572,G/A,True,0.9
18,chr16,1750,A/C,True,0.9
19,chr9,142,T/T,True,0.9
20,chr13,1253,C/G,True,0.9
21,chr7,1400,C/T,True,0.9
22,chr3,929,T/C,True,0.9
23,chr11,1259,A/T,True,0.9
24,chr1,1068,A/C,True,0.9
25,chr7,103,C/C,True,0.9
26,chr22,1533,A/G,True,0.9
27,chrY,1859,T/C,True,0.9
28,chrY,1230,A/G,True,0.9
29,chr11,1642,T/C,True,0.9
30,chr22,1985,G/G,True,0.9
31,chr7,889,G/C,True,0.9
32,chr10,1176,C/G,True,0.9
33,chr4,438,T/T,True,0.9
34,chr22,1962,T/G,True,0.9
35,chr6,377,T/T,True,0.9
36,chr10,609,A/T,True,0.9
37,chr14,819,A/G,True,0.9
38,chr20,1443,A/G,True,0.9
39,chrY,1553,A/G,True,0.9
40,chr14,1496,A/T,True,0.9
41,chr4,1506,A/G,True,0.9
42,chr16,1883,C/C,True,0.9
43,chr9,1227,T/G,True,0.9
44,chr12,766,A/C,True,0.9
45,chr15,737,T/G,True,0.9
46,chr4,1554,T/C,True,0.9
47,chrX,991,C/A,True,0.9
48,chr9,233,C/G,True,0.9
49,chr2,1902,C/T,True,0.9
50,chr2,1618,C/C,True,0.9
51,chr12,966,T/T,True,0.9
52,chr16,905,G/A,True,0.9
53,chr18,1962,C/A,True,0.9
54,chr11,742,C/T,True,0.9
55,chr15,1354,G/G,True,0.9
56,chrY,509,T/T,True,0.9
57,chrY,1784,T/C,True,0.9
58,chr5,938,T/C,True,0.9
59,chr13,1608,T/C,True,0.9
60,chr19,1607,T/G,True,0.9
61,chr13,1629,G/A,True,0.9
62,chrX,1106,A/G,True,0.9
63,chr22,1798,G/T,True,0.9
64,chr16,60,G/C,True,0.9
65,chr19,260,C/A,True,0.9
66,chr22,1153,A/G,True,0.9
67,chr4,32,C/G,True,0.9
68,chr6,193,T/T,True,0.9
69,chr22,536,T/T,True,0.9
70,chr21,846,A/T,True,0.9
71,chr4,1514,C/T,True,0.9
72,chr16,1766,C/T,True,0.9
73,chr6,1398,A/A,True,0.9
74,chr16,1372,G/A,True,0.9
75,chr10,37,A/T,True,0.9
76,chr22,74,T/T,True,0.9
77,chr19,1514,T/C,True,0.9
78,chr7,434,C/T,True,0.9
79,chr12,957,A/T,True,0.9
80,chr3,830,C/A,True,0.9
81,chr19,621,T/G,True,0.9
82,chr1,1549,C/G,True,0.9
83,chr10,1898,G/T,True,0.9
84,chr15,818,C/T,True,0.9
85,chr8,1114,G/C,True,0.9
86,chr12,690,T/T,True,0.9
87,chr14,821,C/G,True,0.9
88,chr8,1199,C/A,True,0.9
89,chr22,1263,T/T,True,0.9
90,chr5,1522,G/C,True,0.9
91,chr5,1392,G/C,True,0.9
92,chr11,141,C/A,True,0.9
93,chr2,1108,C/C,True,0.9
94,chr5,668,A/T,True,0.9
95,chr22,406,G/C,True,0.9
96,chr13,709,A/A,True,0.9
97,chr18,830,T/A,True,0.9
98,chr20,1768,G/G,True,0.9
99,chr6,565,T/G,True,0.9
100,chr20,1746,G/G,True,0.9
101,chr19,568,T/G,True,0.9
102,chr6,1265,C/C,True,0.9
103,chr7,240,A/G,True,0.9
104,chr6,1794,C/T,True,0.9
105,chr14,814,T/C,True,0.9
106,chr18,915,C/G,True,0.9
107,chr7,1860,G/T,True,0.9
108,chrX,1767,G/A,True,0.9
109,chr1,1633,G/G,True,0.9
110,chr4,829,G/T,True,0.9
111,chr16,922,A/C,True,0.9
112,chr6,1474,G/T,True,0.9
113,chr11,165,A/G,True,0.9
114,chr16,893,T/T,True,0.9
115,chr12,1081,A/C,True,0.9
116,chr16,884,A/G,True,0.9
117,chr2,1833,A/A,True,0.9
118,chrX,1767,A/C,True,0.9
119,chr21,1034,A/T,True,0.9
120,chrX,1417,G/T,True,0.9
121,chr14,829,A/G,True,0.9
122,chr11,744,A/A,True,0.9
123,chr15,1520,T/T,True,0.9
124,chr16,187,G/G,True,0.9
125,chr3,520,A/A,True,0.9
126,chr2,308,G/G,True,0.9
127,chr2,1487,G/T,True,0.9
128,chr21,128,A/A,True,0.9
129,chr14,726,C/A,True,0.9
130,chr19,1138,C/G,True,0.9
131,chr6,821,C/G,True,0.9
132,chr7,1292,C/A,True,0.9
133,chr1,765,C/A,True,0.9
134,chr16,1437,G/C,True,0.9
135,chr15,1986,A/C,True,0.9
136,chr16,577,T/T,True,0.9
137,chr18,1453,A/A,True,0.9
138,chr9,1510,C/A,True,0.9
139,chr8,499,G/G,True,0.9
140,chr19,1538,A/C,True,0.9
141,chr8,1843,A/G,True,0.9
142,chr3,1923,T/A,True,0.9
143,chr21,166,T/A,True,0.9
144,chr5,1587,T/T,True,0.9
145,chr6,1810,G/G,True,0.9
146,chr10,311,T/C,True,0.9
147,chr12,1840,C/T,True,0.9
148,chr3,462,G/C,True,0.9
149,chr12,1070,T/G,True,0.9
150,chr2,506,G/A,True,0.9
151,chr4,299,C/C,True,0.9
152,chr11,1119,A/G,True,0.9
153,chr13,1407,A/T,True,0.9
154,chr3,157,T/C,True,0.9
155,chr13,406,C/C,True,0.9
156,chr15,108,T/G,True,0.9
157,chr6,1493,G/C,True,0.9
158,chr12,876,C/G,True,0.9
159,chr5,910,C/A,True,0.9
160,chr10,1785,A/A,True,0.9
161,chr6,1008,A/G,True,0.9
162,chr9,1629,C/C,True,0.9
163,chr1,394,T/C,True,0.9
164,chr4,52,T/A,True,0.9
165,chr14,458,T/T,True,0.9
166,chr7,746,C/G,True,0.9
167,chr18,1697,T/G,True,0.9
168,chr17,566,C/C,True,0.9
169,chr2,503,C/C,True,0.9
170,chr8,1712,C/G,True,0.9
171,chr21,1454,G/C,True,0.9
172,chr10,1722,A/C,True,0.9
173,chr11,1716,T/T,True,0.9
174,chr2,429,A/G,True,0.9
175,chr16,1685,A/G,True,0.9
176,chr12,1539,A/T,True,0.9
177,chr14,1054,G/C,True,0.9
178,chr1,525,A/G,True,0.9
179,chr8,1719,A/A,True,0.9
180,chr8,525,A/C,True,0.9
181,chr11,1386,T/C,True,0.9
182,chr6,350,C/A,True,0.9
183,chr5,1551,C/G,True,0.9
184,chr18,480,C/G,True,0.9
185,chr3,1934,A/G,True,0.9
186,chr22,179,T/G,True,0.9
187,chr13,1656,G/G,True,0.9
188,chr15,800,A/A,True,0.9
189,chr2,104,C/C,True,0.9
190,chr9,721,A/C,True,0.9
191,chr22,653,C/T,True,0.9
192,chr2,385,G/T,True,0.9
193,chr10,1288,C/T,True,0.9
194,chrX,532,T/G,True,0.9
195,chr8,1447,G/G,True,0.9
196,chr3,1553,T/T,True,0.9
197,chr13,1795,G/T,True,0.9
198,chr16,1879,A/G,True,0.9
199,chr7,1401,T/A,True,0.9
200,chr21,839,T/C,True,0.9
201,chr21,1169,T/A,True,0.9
202,chr21,1742,C/C,True,0.9
203,chrY,412,A/A,True,0.9
204,chr14,51,A/A,True,0.9
205,chr3,1249,T/C,True,0.9
206,chrY,151,T/G,True,0.9
207,chr19,293,G/G,True,0.9
208,chr16,1695,C/A,True,0.9
209,chr8,698,G/G,True,0.9
210,chr6,543,A/A,True,0.9
211,chr14,1117,A/T,True,0.9
212,chr10,1794,C/T,True,0.9
213,chr16,619,T/C,True,0.9
214,chr18,1703,T/A,True,0.9
215,chr10,394,T/G,True,0.9
216,chr8,1546,A/T,True,0.9
217,chr4,825,A/A,True,0.9
218,chr18,762,G/A,True,0.9
219,chr7,620,C/G,True,0.9
220,chr3,601,A/G,True,0.9
221,chr9,612,T/C,True,0.9
222,chr15,1360,A/G,True,0.9
223,chr10,460,C/G,True,0.9
224,chr20,1292,A/C,True,0.9
225,chr8,735,G/T,True,0.9
226,chr7,37,C/G,True,0.9
227,chr22,1239,T/A,True,0.9
228,chr5,1887,G/A,True,0.9
229,chr1,93,T/T,True,0.9
230,chr5,797,C/G,True,0.9
231,chr2,495,A/G,True,0.9
232,chr13,1056,T/C,True,0.9
233,chr6,115,C/C,True,0.9
234,chr2,980,G/G,True,0.9
235,chr9,567,C/A,True,0.9
236,chr11,822,A/T,True,0.9
237,chr4,1699,A/C,True,0.9
238,chr10,1701,G/T,True,0.9
239,chr7,337,A/A,True,0.9
240,chr3,1924,G/T,True,0.9
241,chr2,1039,G/G,True,0.9
242,chr2,222,C/G,True,0.9
243,chr7,250,A/A,True,0.9
244,chr15,1673,C/G,True,0.9
245,chr18,129,T/T,True,0.9
246,chr7,805,G/A,True,0.9
247,chr2,1956,C/G,True,0.9
248,chr18,943,C/C,True,0.9
249,chr8,1040,G/C,True,0.9
250,chr21,848,T/C,True,0.9
251,chr1,395,A/C,True,0.9
252,chr7,685,G/C,True,0.9
253,chr18,1513,T/C,True,0.9
254,chr17,646,A/A,True,0.9
255,chr3,316,C/A,True,0.9
256,chrX,1096,A/G,True,0.9
257,chr13,411,G/T,True,0.9
258,chr10,793,T/G,True,0.9
259,chr4,1875,C/T,True,0.9
260,chr17,1495,C/C,True,0.9
261,chr10,932,G/G,True,0.9
262,chr5,68,A/A,True,0.9
263,chr18,204,C/C,True,0.9
264,chr22,258,C/C,True,0.9
265,chr3,1360,C/T,True,0.9
266,chr14,1083,C/T,True,0.9
267,chrY,465,A/A,True,0.9
268,chr11,499,C/A,True,0.9
269,chr9,1098,A/A,True,0.9
270,chr2,1644,C/A,True,0.9
271,chr19,1972,G/T,True,0.9
272,chr16,310,G/G,True,0.9
273,chr16,1182,A/T,True,0.9
274,chrY,276,T/C,True,0.9
275,chr8,1204,T/C,True,0.9
276,chr4,1444,G/C,True,0.9
277,chr16,1543,A/G,True,0.9
278,chr8,1940,T/C,True,0.9
279,chr19,1675,T/A,True,0.9
280,chr18,1472,G/A,True,0.9
281,chr5,17,A/T,True,0.9
282,chr5,1229,G/C,True,0.9
283,chr18,51,C/T,True,0.9
284,chr22,1172,A/T,True,0.9
285,chr20,1297,G/T,True,0.9
286,chr17,1608,T/A,True,0.9
287,chr16,1168,G/T,True,0.9
288,chrX,1661,T/G,True,0.9
289,chr6,1979,C/C,True,0.9
290,chr15,800,A/T,True,0.9
291,chr15,740,A/G,True,0.9
292,chr11,1630,T/T,True,0.9
293,chr2,731,C/C,True,0.9
294,chr16,1593,G/A,True,0.9
295,chr1,1799,T/G,True,0.9
296,chr9,1714,C/C,True,0.9
297,chr14,1715,T/G,True,0.9
298,chr5,1203,A/G,True,0.9
299,chr8,1126,T/C,True,0.9
300,chrX,337,C/C,True,0.9
301,chr2,342,C/A,True,0.9
302,chr5,94,G/T,True,0.9
303,chr14,165,T/A,True,0.9
304,chr13,308,A/C,True,0.9
305,chr13,130,A/G,True,0.9
306,chr5,1883,C/T,True,0.9
307,chr8,230,C/A,True,0.9
308,chr18,1396,T/G,True,0.9
309,chr16,1375,T/A,True,0.9
310,chr3,1585,T/A,True,0.9
311,chr11,1316,A/C,True,0.9
312,chr13,1449,A/A,True,0.9
313,chr7,272,T/A,True,0.9
314,chr15,600,G/G,True,0.9
315,chr14,205,G/T,True,0.9
316,chr17,1704,A/C,True,0.9
317,chr18,849,T/G,True,0.9
318,chr12,1572,A/T,True,0.9
319,chr19,1889,G/C,True,0.9
320,chr14,1431,G/T,True,0.9
321,chr22,165,T/C,True,0.9
322,chrX,1473,A/T,True,0.9
323,chr13,849,G/T,True,0.9
324,chr16,35,A/T,True,0.9
325,chr8,1915,C/C,True,0.9
326,chr14,1024,A/T,True,0.9
327,chr18,1735,T/T,True,0.9
328,chr11,1163,A/A,True,0.9
329,chr19,919,T/A,True,0.9
330,chr10,823,T/A,True,0.9
331,chr17,1001,G/A,True,0.9
332,chr16,545,A/G,True,0.9
333,chr4,1056,C/C,True,0.9
334,chr16,651,T/T,True,0.9
335,chrX,1026,C/T,True,0.9
336,chr6,392,A/C,True,0.9
337,chr7,1683,G/G,True,0.9
338,chr12,76,T/T,True,0.9
339,chr3,913,G/A,True,0.9
340,chr6,1998,G/G,True,0.9
341,chr12,284,G/T,True,0.9
342,chr1,262,C/A,True,0.9
343,chr20,1578,C/A,True,0.9
344,chr2,1155,C/T,True,0.9
345,chr16,880,A/G,True,0.9
346,chr8,860,T/G,True,0.9
347,chr6,1961,G/A,True,0.9
348,chr2,1106,A/A,True,0.9
349,chr18,878,T/A,True,0.9
350,chr19,1801,C/A,True,0.9
351,chr5,708,T/C,True,0.9
352,chrY,1672,A/T,True,0.9
353,chrY,867,G/A,True,0.9
354,chr11,1308,G/C,True,0.9
355,chr20,1512,C/A,True,0.9
356,chr20,628,C/T,True,0.9
357,chr17,833,A/T,True,0.9
358,chr8,1693,C/A,True,0.9
359,chr11,947,A/T,True,0.9
360,chr21,751,C/G,True,0.9
361,chr17,1966,C/A,True,0.9
362,chr22,1261,T/A,True,0.9
363,chr21,494,T/C,True,0.9
364,chr6,457,T/C,True,0.9
365,chr3,165,G/G,True,0.9
366,chr18,1163,T/G,True,0.9
367,chr16,105,C/C,True,0.9
368,chr11,525,T/A,True,0.9
369,chr21,1518,G/G,True,0.9
370,chr14,497,G/T,True,0.9
371,chr20,29,C/T,True,0.9
372,chr18,1989,C/T,True,0.9
373,chr16,520,G/A,True,0.9
374,chr3,1352,C/C,True,0.9
375,chr5,976,T/G,True,0.9
376,chrX,1951,T/G,True,0.9
377,chrX,173,A/T,True,0.9
378,chr1,361,G/C,True,0.9
379,chr18,862,A/T,True,0.9
380,chr22,444,T/G,True,0.9
381,chr8,689,G/G,True,0.9
382,chr6,1896,A/T,True,0.9
383,chr16,495,A/C,True,0.9
384,chr7,1407,C/A,True,0.9
385,chr9,498,A/A,True,0.9
386,chrX,1014,T/G,True,0.9
387,chr5,1579,T/C,True,0.9
388,chr6,711,A/A,True,0.9
389,chr2,1685,C/C,True,0.9
390,chr2,1399,T/G,True,0.9
391,chr9,1363,A/C,True,0.9
392,chr3,323,G/C,True,0.9
393,chr4,1079,G/A,True,0.9
394,chr4,1059,A/G,True,0.9
395,chr3,1639,G/A,True,0.9
396,chr2,326,T/G,True,0.9
397,chr6,1128,A/A,True,0.9
398,chr2,1848,C/A,True,0.9
399,chr20,1270,A/A,True,0.9
400,chr11,1621,C/C,True,0.9
401,chr9,1029,G/G,True,0.9
402,chr4,1421,G/G,True,0.9
403,chrY,198,G/G,True,0.9
404,chr19,934,A/T,True,0.9
405,chr16,365,T/A,True,0.9
406,chr19,1458,G/G,True,0.9
407,chr17,1535,A/C,True,0.9
408,chr7,1327,T/T,True,0.9
409,chr9,1241,C/C,True,0.9
410,chr16,1926,A/G,True,0.9
411,chr8,1684,C/T,True,0.9
412,chr15,362,G/T,True,0.9
413,chr5,1562,A/C,True,0.9
414,chr5,1988,G/C,True,0.9
415,chr14,1523,A/C,True,0.9
416,chr16,1607,C/A,True,0.9
417,chr4,368,G/A,True,0.9
418,chr19,767,A/T,True,0.9
419,chr8,1478,G/C,True,0.9
420,chrX,1991,C/G,True,0.9
421,chr21,998,T/A,True,0.9
422,chr2,555,T/G,True,0.9
423,chr22,1007,G/A,True,0.9
424,chr13,701,T/G,True,0.9
425,chr7,1849,T/C,True,0.9
426,chr12,1205,G/G,True,0.9
427,chr4,704,C/C,True,0.9
428,chr7,955,T/A,True,0.9
429,chr17,1871,C/A,True,0.9
430,chr12,230,C/G,True,0.9
431,chr10,1620,C/C,True,0.9
432,chrY,1275,A/A,True,0.9
433,chr22,1084,T/G,True,0.9
434,chr8,723,A/A,True,0.9
435,chr22,581,G/A,True,0.9
436,chr3,640,T/G,True,0.9
437,chr19,1249,A/T,True,0.9
438,chr6,1720,C/C,True,0.9
439,chr18,1061,C/C,True,0.9
440,chr15,587,G/T,True,0.9
441,chr6,1857,G/C,True,0.9
442,chr15,1667,T/C,True,0.9
443,chr13,1113,C/C,True,0.9
444,chr9,468,A/C,True,0.9
445,chr19,515,T/C,True,0.9
446,chr21,26,T/A,True,0.9
447,chr10,189,A/T,True,0.9
448,chr19,1000,A/A,True,0.9
449,chr18,110,G/C,True,0.9
450,chr15,1369,G/A,True,0.9
451,chr16,1352,G/A,True,0.9
452,chr12,684,A/G,True,0.9
453,chr21,1589,T/A,True,0.9
454,chr21,1082,A/C,True,0.9
455,chr7,1158,A/A,True,0.9
456,chr3,414,A/C,True,0.9
457,chr6,326,T/C,True,0.9
458,chr11,1415,A/C,True,0.9
459,chrY,111,G/C,True,0.9
460,chr3,917,A/A,True,0.9
461,chr3,1238,G/A,True,0.9
462,chr9,1828,T/C,True,0.9
463,chr4,1690,A/G,True,0.9
464,chr4,1474,A/T,True,0.9
465,chr9,957,G/G,True,0.9
466,chr3,1519,T/G,True,0.9
467,chr16,527,C/G,True,0.9
468,chr7,1110,T/G,True,0.9
469,chrY,1857,T/T,True,0.9
470,chr13,334,G/C,True,0.9
471,chrX,1892,C/A,True,0.9
472,chrY,1854,T/C,True,0.9
473,chr12,361,G/A,True,0.9
474,chr7,1062,C/G,True,0.9
475,chrY,176,G/G,True,0.9
476,chrX,1744,T/A,True,0.9
477,chr22,73,A/C,True,0.9
478,chr12,241,G/A,True,0.9
479,chr1,237,A/A,True,0.9
480,chr10,1927,C/G,True,0.9
481,chr14,1467,C/A,True,0.9
482,chr4,1527,C/A,True,0.9
483,chr9,965,G/G,True,0.9
484,chr14,1266,C/T,True,0.9
485,chr2,98,G/C,True,0.9
486,chr2,1755,T/G,True,0.9
487,chr8,1293,A/A,True,0.9
488,chr10,1624,A/A,True,0.9
489,chr8,818,G/G,True,0.9
490,chr12,31,A/T,True,0.9
491,chr20,637,T/C,True,0.9
492,chr2,1074,C/T,True,0.9
493,chr18,1918,G/A,True,0.9
494,chr3,1481,T/A,True,0.9
495,chr20,1064,T/C,True,0.9
496,chr18,1833,T/G,True,0.9
497,chr4,1437,A/C,True,0.9
498,chr17,1986,T/A,True,0.9
499,chr7,1767,T/T,True,0.9
500,chr16,1217,T/G,True,0.9
501,chr22,1815,A/C,True,0.9
502,chrY,1065,A/C,True,0.9
503,chr8,655,C/T,True,0.9
504,chr6,1829,C/G,True,0.9
505,chr20,1422,C/G,True,0.9
506,chr10,1300,G/T,True,0.9
507,chrY,1762,G/T,True,0.9
508,chr18,226,A/A,True,0.9
509,chrX,1549,C/A,True,0.9
510,chr9,977,G/G,True,0.9
511,chr20,216,C/A,True,0.9
512,chr13,734,C/T,True,0.9
513,chr11,728,A/C,True,0.9
514,chr15,544,A/C,True,0.9
515,chr21,1522,T/T,True,0.9
516,chrX,1228,C/G,True,0.9
517,chr5,332,C/G,True,0.9
518,chr12,763,G/C,True,0.9
519,chr8,48,C/T,True,0.9
520,chr13,245,A/G,True,0.9
521,chr13,1445,G/T,True,0.9
522,chr22,1419,T/A,True,0.9
523,chrY,618,C/C,True,0.9
524,chr11,1987,T/T,True,0.9
525,chr1,818,A/G,True,0.9
526,chr8,815,T/G,True,0.9
527,chr12,1987,C/A,True,0.9
