,CHROMOSOME,pos,mut,is_ok,approved_ratio
0,chr19,249,T/G,True,0.9
1,chr17,1854,G/A,True,0.9
2,chr15,1760,T/G,True,0.9
3,chr13,1773,T/A,True,0.9
4,chr1,1694,G/A,True,0.9
5,chr6,1360,A/A,True,0.9
6,chr16,100,G/T,True,0.9
7,chrY,1265,G/A,True,0.9
8,chr22,1354,A/T,True,0.9
9,chr20,1273,C/G,True,0.9
10,chr4,1796,A/C,True,0.9
11,chr21,1195,C/C,True,0.9
12,chr7,1901,A/G,True,0.9
13,chr11,677,T/T,True,0.9
14,chr21,361,G/C,True,0.9
15,chr13,1823,A/C,True,0.9
16,chrY,852,C/T,True,0.9
17,chrY,288,G/G,True,0.9
18,chr7,64,G/G,True,0.9
19,chrY,809,T/G,True,0.9
20,chr4,1464,C/T,True,0.9
21,chr16,1572,G/A,True,0.9
22,chr13,1253,C/G,True,0.9
23,chr14,1599,C/G,True,0.9
24,chr19,1015,G/A,True,0.9
25,chr3,929,T/C,True,0.9
26,chr5,795,A/A,True,0.9
27,chr19,1840,G/G,True,0.9
28,chr7,103,C/C,True,0.9
29,chr21,600,T/T,True,0.9
30,chr11,1642,T/C,True,0.9
31,chr4,438,T/T,True,0.9
32,chr6,377,T/T,True,0.9
33,chr15,569,G/T,True,0.9
34,chr3,1808,G/C,True,0.9
35,chr2,1132,G/A,True,0.9
36,chrY,1553,A/G,True,0.9
37,chrY,1420,A/C,True,0.9
38,chr4,1506,A/G,True,0.9
39,chr12,1634,G/C,True,0.9
40,chr7,1849,A/T,True,0.9
41,chr9,456,C/A,True,0.9
42,chr14,532,A/G,True,0.9
43,chrY,1935,C/G,True,0.9
44,chr3,468,T/C,True,0.9
45,chr9,233,C/G,True,0.9
46,chr2,1902,C/T,True,0.9
47,chr5,643,T/A,True,0.9
48,chr12,966,T/T,True,0.9
49,chr13,839,C/T,True,0.9
50,chr22,1874,A/A,True,0.9
51,chr18,1962,C/A,True,0.9
52,chr3,536,C/T,True,0.9
53,chr11,742,C/T,True,0.9
54,chr1,1522,T/C,True,0.9
55,chr12,221,T/A,True,0.9
56,chr22,201,T/G,True,0.9
57,chr1,26,A/A,True,0.9
58,chr9,1786,G/A,True,0.9
59,chr19,1433,G/G,True,0.9
60,chr11,136,G/G,True,0.9
61,chr14,400,C/A,True,0.9
62,chr5,938,T/C,True,0.9
63,chr12,1247,A/G,True,0.9
64,chr22,954,C/G,True,0.9
65,chr9,1341,A/G,True,0.9
66,chr10,554,G/C,True,0.9
67,chr10,1942,G/T,True,0.9
68,chr19,1607,T/G,True,0.9
69,chrX,1106,A/G,True,0.9
70,chr11,788,C/A,True,0.9
71,chr5,666,T/G,True,0.9
72,chr19,260,C/A,True,0.9
73,chr4,32,C/G,True,0.9
74,chr6,193,T/T,True,0.9
75,chr4,1514,C/T,True,0.9
76,chr10,910,C/C,True,0.9
77,chr10,881,C/T,True,0.9
78,chr11,1682,T/A,True,0.9
79,chr10,37,A/T,True,0.9
80,chr10,334,G/C,True,0.9
81,chr19,1514,T/C,True,0.9
82,chr6,365,G/T,True,0.9
83,chr7,434,C/T,True,0.9
84,chr5,590,T/A,True,0.9
85,chr12,957,A/T,True,0.9
86,chr3,830,C/A,True,0.9
87,chr11,495,T/C,True,0.9
88,chr19,621,T/G,True,0.9
89,chr4,303,A/C,True,0.9
90,chr16,585,A/C,True,0.9
91,chr11,102,C/T,True,0.9
92,chrX,1954,T/A,True,0.9
93,chr14,821,C/G,True,0.9
94,chr12,442,C/G,True,0.9
95,chr1,256,A/A,True,0.9
96,chr18,273,T/T,True,0.9
97,chr5,1392,G/C,True,0.9
98,chr11,141,C/A,True,0.9
99,chr2,1108,C/C,True,0.9
100,chr20,147,T/T,True,0.9
101,chr9,1187,A/T,True,0.9
102,chr8,1502,A/T,True,0.9
103,chrY,1149,G/T,True,0.9
104,chr13,709,A/A,True,0.9
105,chr8,1272,G/G,True,0.9
106,chr18,830,T/A,True,0.9
107,chr22,897,C/A,True,0.9
108,chr20,1746,G/G,True,0.9
109,chr19,568,T/G,True,0.9
110,chr6,1265,C/C,True,0.9
111,chr13,1508,G/A,True,0.9
112,chr6,1794,C/T,True,0.9
113,chr7,1860,G/T,True,0.9
114,chr4,829,G/T,True,0.9
115,chr6,1474,G/T,True,0.9
116,chr11,165,A/G,True,0.9
117,chr12,1081,A/C,True,0.9
118,chr12,945,A/T,True,0.9
119,chr21,1034,A/T,True,0.9
120,chr16,187,G/G,True,0.9
121,chr2,1487,G/T,True,0.9
122,chr21,128,A/A,True,0.9
123,chr19,1138,C/G,True,0.9
124,chr7,1292,C/A,True,0.9
125,chr6,272,T/A,True,0.9
126,chr11,57,C/G,True,0.9
127,chr22,1291,T/G,True,0.9
128,chr2,699,G/G,True,0.9
129,chr18,121,C/G,True,0.9
130,chr10,1685,G/T,True,0.9
131,chr8,499,G/G,True,0.9
132,chr19,1538,A/C,True,0.9
133,chr17,1887,C/C,True,0.9
134,chr14,1831,A/T,True,0.9
135,chr21,166,T/A,True,0.9
136,chr12,1840,C/T,True,0.9
137,chr2,506,G/A,True,0.9
138,chr4,299,C/C,True,0.9
139,chr11,1346,G/G,True,0.9
140,chr4,1914,G/G,True,0.9
141,chr21,424,G/A,True,0.9
142,chr2,30,T/T,True,0.9
143,chr13,1781,A/A,True,0.9
144,chr17,629,C/A,True,0.9
145,chr6,1493,G/C,True,0.9
146,chr12,876,C/G,True,0.9
147,chr13,1416,T/G,True,0.9
148,chr14,1609,C/G,True,0.9
149,chr11,1404,A/A,True,0.9
150,chr11,1002,G/A,True,0.9
151,chr3,1797,C/A,True,0.9
152,chr6,1008,A/G,True,0.9
153,chr9,1629,C/C,True,0.9
154,chr10,1404,C/G,True,0.9
155,chr13,110,A/G,True,0.9
156,chr1,832,C/T,True,0.9
157,chr18,1697,T/G,True,0.9
158,chr17,566,C/C,True,0.9
159,chr2,503,C/C,True,0.9
160,chr8,1712,C/G,True,0.9
161,chr10,79,T/G,True,0.9
162,chr10,1722,A/C,True,0.9
163,chrX,403,T/A,True,0.9
164,chr19,756,T/T,True,0.9
165,chr21,104,A/A,True,0.9
166,chr5,2,A/G,True,0.9
167,chr5,1985,C/T,True,0.9
168,chr2,429,A/G,True,0.9
169,chr14,1378,G/A,True,0.9
170,chr21,497,T/A,True,0.9
171,chr1,525,A/G,True,0.9
172,chr19,1646,T/A,True,0.9
173,chr8,525,A/C,True,0.9
174,chr11,1386,T/C,True,0.9
175,chr11,384,C/A,True,0.9
176,chr7,580,G/T,True,0.9
177,chr9,1707,C/A,True,0.9
178,chr13,1656,G/G,True,0.9
179,chr15,800,A/A,True,0.9
180,chr20,489,C/T,True,0.9
181,chr19,152,C/C,True,0.9
182,chr2,104,C/C,True,0.9
183,chr22,653,C/T,True,0.9
184,chrX,532,T/G,True,0.9
185,chr14,1297,T/A,True,0.9
186,chr16,1179,A/G,True,0.9
187,chr13,1795,G/T,True,0.9
188,chr16,1879,A/G,True,0.9
189,chr21,839,T/C,True,0.9
190,chr4,1955,G/T,True,0.9
191,chr11,510,T/G,True,0.9
192,chr13,653,A/C,True,0.9
193,chr1,1695,T/C,True,0.9
194,chr21,432,T/T,True,0.9
195,chr15,349,G/T,True,0.9
196,chr19,1174,G/A,True,0.9
197,chr4,1854,G/A,True,0.9
198,chr8,1416,C/G,True,0.9
199,chr19,12,A/C,True,0.9
200,chr13,754,T/T,True,0.9
201,chr6,63,C/A,True,0.9
202,chr17,301,T/G,True,0.9
203,chr12,508,T/G,True,0.9
204,chr15,361,A/G,True,0.9
205,chr22,1861,A/C,True,0.9
206,chr10,460,C/G,True,0.9
207,chr5,1245,C/G,True,0.9
208,chr14,233,T/T,True,0.9
209,chr20,1292,A/C,True,0.9
210,chr7,37,C/G,True,0.9
211,chr22,1199,G/A,True,0.9
212,chr1,1891,C/A,True,0.9
213,chr1,93,T/T,True,0.9
214,chr5,797,C/G,True,0.9
215,chr13,1056,T/C,True,0.9
216,chr6,115,C/C,True,0.9
217,chr9,567,C/A,True,0.9
218,chr15,1435,C/T,True,0.9
219,chrX,368,C/C,True,0.9
220,chr4,1550,C/C,True,0.9
221,chr13,1421,A/G,True,0.9
222,chr4,1703,G/A,True,0.9
223,chr16,387,C/C,True,0.9
224,chr3,1924,G/T,True,0.9
225,chr4,962,T/G,True,0.9
226,chr7,250,A/A,True,0.9
227,chr17,837,C/G,True,0.9
228,chr18,129,T/T,True,0.9
229,chr2,1956,C/G,True,0.9
230,chr1,1113,A/G,True,0.9
231,chr18,943,C/C,True,0.9
232,chr8,1040,G/C,True,0.9
233,chr21,1869,G/G,True,0.9
234,chr21,848,T/C,True,0.9
235,chr13,1202,A/A,True,0.9
236,chr9,1112,A/C,True,0.9
237,chr11,1763,G/G,True,0.9
238,chr1,395,A/C,True,0.9
239,chr5,1466,A/G,True,0.9
240,chr4,734,G/C,True,0.9
241,chr3,316,C/A,True,0.9
242,chr20,405,A/A,True,0.9
243,chr10,793,T/G,True,0.9
244,chr9,1413,T/G,True,0.9
245,chr4,1868,T/A,True,0.9
246,chr17,538,A/C,True,0.9
247,chr20,302,T/A,True,0.9
248,chr10,932,G/G,True,0.9
249,chr5,68,A/A,True,0.9
250,chr18,204,C/C,True,0.9
251,chr3,1360,C/T,True,0.9
252,chr15,1275,A/C,True,0.9
253,chr14,1083,C/T,True,0.9
254,chr19,79,C/G,True,0.9
255,chr12,947,T/C,True,0.9
256,chr22,978,A/A,True,0.9
257,chr4,80,G/A,True,0.9
258,chrY,276,T/C,True,0.9
259,chr19,410,C/G,True,0.9
260,chr2,1357,G/A,True,0.9
261,chr4,1444,G/C,True,0.9
262,chr9,70,A/A,True,0.9
263,chr7,1671,T/A,True,0.9
264,chr16,1543,A/G,True,0.9
265,chr21,820,C/A,True,0.9
266,chr19,307,T/A,True,0.9
267,chr10,765,G/T,True,0.9
268,chr7,1582,A/T,True,0.9
269,chr17,1123,T/C,True,0.9
270,chr20,1874,T/C,True,0.9
271,chrX,1731,G/C,True,0.9
272,chr5,17,A/T,True,0.9
273,chr14,1418,G/A,True,0.9
274,chr15,1444,C/T,True,0.9
275,chr3,627,G/C,True,0.9
276,chr14,1041,G/C,True,0.9
277,chr18,51,C/T,True,0.9
278,chr15,1745,A/T,True,0.9
279,chr22,1172,A/T,True,0.9
280,chr17,1995,G/C,True,0.9
281,chrX,1661,T/G,True,0.9
282,chr12,665,A/T,True,0.9
283,chr13,1209,G/T,True,0.9
284,chr6,1979,C/C,True,0.9
285,chr9,1793,C/C,True,0.9
286,chr15,740,A/G,True,0.9
287,chr22,580,G/G,True,0.9
288,chr10,1915,T/A,True,0.9
289,chr14,234,C/C,True,0.9
290,chrY,266,A/C,True,0.9
291,chrX,337,C/C,True,0.9
292,chr12,103,A/G,True,0.9
293,chr2,342,C/A,True,0.9
294,chr21,1781,C/G,True,0.9
295,chr5,94,G/T,True,0.9
296,chr17,1765,C/T,True,0.9
297,chr11,1207,T/C,True,0.9
298,chr13,130,A/G,True,0.9
299,chr9,1085,A/G,True,0.9
300,chr11,1316,A/C,True,0.9
301,chrY,1475,G/C,True,0.9
302,chrX,324,A/A,True,0.9
303,chr21,806,A/G,True,0.9
304,chr7,120,A/A,True,0.9
305,chr10,471,T/C,True,0.9
306,chr14,1035,A/A,True,0.9
307,chr15,600,G/G,True,0.9
308,chr14,205,G/T,True,0.9
309,chr18,849,T/G,True,0.9
310,chr12,1572,A/T,True,0.9
311,chr22,165,T/C,True,0.9
312,chr10,1587,A/G,True,0.9
313,chr10,1297,C/A,True,0.9
314,chrX,1230,T/C,True,0.9
315,chr5,1267,A/T,True,0.9
316,chr14,1116,C/C,True,0.9
317,chr16,35,A/T,True,0.9
318,chr10,1527,T/G,True,0.9
319,chr13,956,T/G,True,0.9
320,chr12,76,T/T,True,0.9
321,chr9,1656,G/C,True,0.9
322,chr3,913,G/A,True,0.9
323,chr14,1227,C/C,True,0.9
324,chr6,1067,C/C,True,0.9
325,chr3,1043,A/G,True,0.9
326,chr1,262,C/A,True,0.9
327,chr6,360,A/T,True,0.9
328,chr2,1604,G/G,True,0.9
329,chrY,1812,A/A,True,0.9
330,chr6,1961,G/A,True,0.9
331,chr2,1106,A/A,True,0.9
332,chr19,1801,C/A,True,0.9
333,chr20,122,T/T,True,0.9
334,chr7,707,C/C,True,0.9
335,chr10,1389,G/G,True,0.9
336,chrY,867,G/A,True,0.9
337,chr19,1251,A/T,True,0.9
338,chr20,628,C/T,True,0.9
339,chr1,1495,A/A,True,0.9
340,chrX,1793,A/G,True,0.9
341,chr3,351,A/C,True,0.9
342,chr16,105,C/C,True,0.9
343,chr8,480,T/A,True,0.9
344,chrY,1636,C/T,True,0.9
345,chr18,181,T/A,True,0.9
346,chr17,1660,G/G,True,0.9
347,chr11,525,T/A,True,0.9
348,chr21,1518,G/G,True,0.9
349,chr1,1281,C/C,True,0.9
350,chr10,1557,G/G,True,0.9
351,chr18,1989,C/T,True,0.9
352,chr7,694,C/A,True,0.9
353,chr16,520,G/A,True,0.9
354,chr7,1556,A/G,True,0.9
355,chrX,1951,T/G,True,0.9
356,chr9,662,T/C,True,0.9
357,chr13,1442,C/C,True,0.9
358,chr18,862,A/T,True,0.9
359,chr17,1241,C/A,True,0.9
360,chr9,136,C/C,True,0.9
361,chr8,689,G/G,True,0.9
362,chr2,1399,T/G,True,0.9
363,chr15,1414,A/T,True,0.9
364,chr22,1448,G/T,True,0.9
365,chr9,1153,G/C,True,0.9
366,chr6,1128,A/A,True,0.9
367,chr3,1899,T/C,True,0.9
368,chr21,387,A/T,True,0.9
369,chr4,1421,G/G,True,0.9
370,chr11,1419,T/T,True,0.9
371,chr16,663,T/T,True,0.9
372,chr19,1458,G/G,True,0.9
373,chr5,1841,T/G,True,0.9
374,chr7,1327,T/T,True,0.9
375,chr9,1241,C/C,True,0.9
376,chr20,761,C/G,True,0.9
377,chr11,1900,A/C,True,0.9
378,chr5,1562,A/C,True,0.9
379,chr5,1988,G/C,True,0.9
380,chr1,1271,G/A,True,0.9
381,chr9,135,T/G,True,0.9
382,chr14,1523,A/C,True,0.9
383,chr2,989,C/C,True,0.9
384,chr21,998,T/A,True,0.9
385,chr21,1076,C/G,True,0.9
386,chr22,1007,G/A,True,0.9
387,chr8,583,A/T,True,0.9
388,chr13,701,T/G,True,0.9
389,chr17,1265,A/A,True,0.9
390,chr4,704,C/C,True,0.9
391,chr7,955,T/A,True,0.9
392,chr15,724,A/C,True,0.9
393,chr5,666,A/T,True,0.9
394,chr4,447,T/T,True,0.9
395,chr22,1084,T/G,True,0.9
396,chr2,1108,A/G,True,0.9
397,chr14,746,A/T,True,0.9
398,chr12,782,C/G,True,0.9
399,chr3,1239,C/T,True,0.9
400,chr18,1467,G/A,True,0.9
401,chr18,1061,C/C,True,0.9
402,chr5,1572,C/G,True,0.9
403,chrY,1062,G/T,True,0.9
404,chr9,468,A/C,True,0.9
405,chr21,26,T/A,True,0.9
406,chr3,1252,G/T,True,0.9
407,chr17,1235,T/A,True,0.9
408,chr10,801,A/C,True,0.9
409,chr15,1369,G/A,True,0.9
410,chr20,1895,G/A,True,0.9
411,chr6,1876,C/C,True,0.9
412,chr21,1082,A/C,True,0.9
413,chr7,1158,A/A,True,0.9
414,chr7,666,C/G,True,0.9
415,chr13,1749,T/A,True,0.9
416,chrY,111,G/C,True,0.9
417,chr3,917,A/A,True,0.9
418,chr5,1031,G/G,True,0.9
419,chr13,631,T/A,True,0.9
420,chr1,954,T/G,True,0.9
421,chr12,236,A/G,True,0.9
422,chr4,1687,A/C,True,0.9
423,chrY,1909,T/A,True,0.9
424,chr20,765,A/G,True,0.9
425,chr13,1253,T/A,True,0.9
426,chr14,1534,G/C,True,0.9
427,chr8,1805,T/T,True,0.9
428,chr7,1110,T/G,True,0.9
429,chr15,690,A/T,True,0.9
430,chrX,1744,T/A,True,0.9
431,chr1,237,A/A,True,0.9
432,chr18,970,T/G,True,0.9
433,chr22,235,T/C,True,0.9
434,chr7,1411,C/C,True,0.9
435,chr4,1527,C/A,True,0.9
436,chr9,965,G/G,True,0.9
437,chr22,22,C/A,True,0.9
438,chr15,1206,T/G,True,0.9
439,chr7,1566,C/C,True,0.9
440,chr17,759,A/T,True,0.9
441,chr8,818,G/G,True,0.9
442,chr14,1088,G/C,True,0.9
443,chr1,1445,T/G,True,0.9
444,chr17,971,G/G,True,0.9
445,chr18,1918,G/A,True,0.9
446,chr3,1481,T/A,True,0.9
447,chr20,1064,T/C,True,0.9
448,chr4,1437,A/C,True,0.9
449,chr14,1957,T/C,True,0.9
450,chr7,1767,T/T,True,0.9
451,chr16,1217,T/G,True,0.9
452,chr22,1815,A/C,True,0.9
453,chr8,239,G/G,True,0.9
454,chrY,1065,A/C,True,0.9
455,chr13,201,G/C,True,0.9
456,chr19,468,C/C,True,0.9
457,chr12,863,T/A,True,0.9
458,chr8,1059,C/C,True,0.9
459,chr20,1422,C/G,True,0.9
460,chr19,597,G/G,True,0.9
461,chr7,1623,G/C,True,0.9
462,chr14,327,T/A,True,0.9
463,chr18,226,A/A,True,0.9
464,chr9,977,G/G,True,0.9
465,chr10,915,C/T,True,0.9
466,chr13,734,C/T,True,0.9
467,chr3,502,A/A,True,0.9
468,chr15,544,A/C,True,0.9
469,chr21,1522,T/T,True,0.9
470,chrY,354,T/A,True,0.9
471,chr19,1992,C/G,True,0.9
472,chr19,1802,T/A,True,0.9
473,chr6,133,C/G,True,0.9
474,chr10,1080,G/C,True,0.9
475,chr11,1987,T/T,True,0.9
476,chr11,746,A/A,True,0.9
477,chr12,778,A/A,True,0.9
478,chr15,1966,T/T,True,0.9
479,chr6,308,C/T,True,0.9
480,chr12,237,A/G,True,0.9
