,CHROMOSOME,pos,mut,is_ok,approved_ratio
0,chr19,249,T/G,True,0.9
1,chr17,91,G/G,True,0.9
2,chr17,1854,G/A,True,0.9
3,chr13,514,C/A,True,0.9
4,chr15,1760,T/G,True,0.9
5,chr11,1682,G/A,True,0.9
6,chr14,1032,C/T,True,0.9
7,chr15,763,G/A,True,0.9
8,chr1,1694,G/A,True,0.9
9,chr16,100,G/T,True,0.9
10,chr6,1031,T/T,True,0.9
11,chr7,430,G/T,True,0.9
12,chrX,395,T/A,True,0.9
13,chr7,346,T/T,True,0.9
14,chr13,511,C/T,True,0.9
15,chr7,1821,G/C,True,0.9
16,chr7,1901,A/G,True,0.9
17,chr6,1137,G/C,True,0.9
18,chrX,1102,T/G,True,0.9
19,chr14,1900,C/C,True,0.9
20,chr8,630,C/G,True,0.9
21,chr9,1527,T/C,True,0.9
22,chr9,142,T/T,True,0.9
23,chr3,200,G/A,True,0.9
24,chr7,1400,C/T,True,0.9
25,chr6,1346,A/C,True,0.9
26,chr7,1540,G/G,True,0.9
27,chr13,1976,T/G,True,0.9
28,chr7,103,C/C,True,0.9
29,chr21,600,T/T,True,0.9
30,chr14,825,T/G,True,0.9
31,chrY,1859,T/C,True,0.9
32,chrY,1230,A/G,True,0.9
33,chr7,1361,C/T,True,0.9
34,chr7,889,G/C,True,0.9
35,chr4,438,T/T,True,0.9
36,chrX,1495,G/T,True,0.9
37,chr22,1962,T/G,True,0.9
38,chr11,1201,G/C,True,0.9
39,chr5,1016,C/T,True,0.9
40,chr10,1448,T/T,True,0.9
41,chr10,609,A/T,True,0.9
42,chr20,1443,A/G,True,0.9
43,chr2,1058,G/T,True,0.9
44,chr2,1132,G/A,True,0.9
45,chrY,1553,A/G,True,0.9
46,chr18,1357,A/G,True,0.9
47,chr19,70,T/C,True,0.9
48,chr7,1849,A/T,True,0.9
49,chr12,766,A/C,True,0.9
50,chr7,279,A/C,True,0.9
51,chr11,1971,C/T,True,0.9
52,chr4,836,T/A,True,0.9
53,chr4,1554,T/C,True,0.9
54,chr12,966,T/T,True,0.9
55,chr20,1300,C/T,True,0.9
56,chrY,588,A/C,True,0.9
57,chrX,1943,A/C,True,0.9
58,chr18,1962,C/A,True,0.9
59,chr12,1577,G/C,True,0.9
60,chr16,1246,T/C,True,0.9
61,chr3,536,C/T,True,0.9
62,chr11,742,C/T,True,0.9
63,chr15,1354,G/G,True,0.9
64,chr4,693,A/T,True,0.9
65,chr22,201,T/G,True,0.9
66,chr6,227,A/A,True,0.9
67,chrY,1669,C/A,True,0.9
68,chr6,1620,C/C,True,0.9
69,chr9,1341,A/G,True,0.9
70,chr10,554,G/C,True,0.9
71,chr19,1607,T/G,True,0.9
72,chr13,1629,G/A,True,0.9
73,chr16,60,G/C,True,0.9
74,chr12,1018,T/T,True,0.9
75,chr10,1486,A/C,True,0.9
76,chr20,1885,C/C,True,0.9
77,chr4,1514,C/T,True,0.9
78,chr21,732,G/G,True,0.9
79,chr10,910,C/C,True,0.9
80,chr6,1398,A/A,True,0.9
81,chr1,986,C/T,True,0.9
82,chr19,420,G/T,True,0.9
83,chr22,74,T/T,True,0.9
84,chr2,1802,G/T,True,0.9
85,chr4,1270,A/T,True,0.9
86,chr10,334,G/C,True,0.9
87,chr19,1514,T/C,True,0.9
88,chr8,1532,A/G,True,0.9
89,chr16,1137,G/C,True,0.9
90,chr12,957,A/T,True,0.9
91,chr1,659,G/C,True,0.9
92,chr4,303,A/C,True,0.9
93,chr15,818,C/T,True,0.9
94,chr14,224,T/C,True,0.9
95,chr11,102,C/T,True,0.9
96,chr12,690,T/T,True,0.9
97,chr18,99,G/C,True,0.9
98,chr22,1000,C/C,True,0.9
99,chr14,821,C/G,True,0.9
100,chrX,842,C/T,True,0.9
101,chr18,273,T/T,True,0.9
102,chr6,1270,A/G,True,0.9
103,chr5,1392,G/C,True,0.9
104,chr11,141,C/A,True,0.9
105,chr2,1108,C/C,True,0.9
106,chr20,147,T/T,True,0.9
107,chr14,130,T/T,True,0.9
108,chr13,1424,C/T,True,0.9
109,chrY,1149,G/T,True,0.9
110,chr19,1537,G/A,True,0.9
111,chr21,1382,A/C,True,0.9
112,chr22,897,C/A,True,0.9
113,chr6,565,T/G,True,0.9
114,chr20,1746,G/G,True,0.9
115,chr16,420,T/T,True,0.9
116,chr6,1794,C/T,True,0.9
117,chrX,1767,G/A,True,0.9
118,chr16,922,A/C,True,0.9
119,chr6,1474,G/T,True,0.9
120,chr22,35,C/G,True,0.9
121,chr16,893,T/T,True,0.9
122,chr17,60,C/A,True,0.9
123,chr5,771,G/A,True,0.9
124,chr2,1833,A/A,True,0.9
125,chr4,1945,A/C,True,0.9
126,chrX,1767,A/C,True,0.9
127,chr21,1034,A/T,True,0.9
128,chrX,1417,G/T,True,0.9
129,chr22,1204,T/A,True,0.9
130,chr18,623,T/C,True,0.9
131,chr2,1487,G/T,True,0.9
132,chr21,128,A/A,True,0.9
133,chr6,821,C/G,True,0.9
134,chr18,812,A/A,True,0.9
135,chr16,1437,G/C,True,0.9
136,chr11,57,C/G,True,0.9
137,chr9,1133,C/C,True,0.9
138,chr16,577,T/T,True,0.9
139,chr2,699,G/G,True,0.9
140,chr18,1453,A/A,True,0.9
141,chr8,499,G/G,True,0.9
142,chr6,279,T/C,True,0.9
143,chr19,1538,A/C,True,0.9
144,chr7,1718,A/A,True,0.9
145,chr21,166,T/A,True,0.9
146,chr9,1849,A/G,True,0.9
147,chr5,1587,T/T,True,0.9
148,chr10,311,T/C,True,0.9
149,chr3,462,G/C,True,0.9
150,chr12,1070,T/G,True,0.9
151,chr4,299,C/C,True,0.9
152,chr13,1407,A/T,True,0.9
153,chr13,1781,A/A,True,0.9
154,chr2,1786,C/A,True,0.9
155,chr19,88,T/T,True,0.9
156,chr15,108,T/G,True,0.9
157,chr6,1493,G/C,True,0.9
158,chr12,876,C/G,True,0.9
159,chr13,1416,T/G,True,0.9
160,chr14,1609,C/G,True,0.9
161,chr11,1002,G/A,True,0.9
162,chr10,1785,A/A,True,0.9
163,chr10,1404,C/G,True,0.9
164,chr1,394,T/C,True,0.9
165,chr4,52,T/A,True,0.9
166,chr14,458,T/T,True,0.9
167,chr1,832,C/T,True,0.9
168,chr19,427,C/G,True,0.9
169,chr10,79,T/G,True,0.9
170,chr10,1722,A/C,True,0.9
171,chr21,104,A/A,True,0.9
172,chr20,369,A/C,True,0.9
173,chr5,2,A/G,True,0.9
174,chr2,429,A/G,True,0.9
175,chr16,1685,A/G,True,0.9
176,chr14,1378,G/A,True,0.9
177,chrY,351,T/A,True,0.9
178,chr5,644,C/G,True,0.9
179,chr8,525,A/C,True,0.9
180,chr11,1386,T/C,True,0.9
181,chr11,384,C/A,True,0.9
182,chr18,480,C/G,True,0.9
183,chr3,1934,A/G,True,0.9
184,chr22,413,G/C,True,0.9
185,chr9,1707,C/A,True,0.9
186,chr19,152,C/C,True,0.9
187,chr2,104,C/C,True,0.9
188,chr13,267,T/G,True,0.9
189,chr11,798,G/G,True,0.9
190,chrX,532,T/G,True,0.9
191,chr15,281,C/T,True,0.9
192,chr16,1179,A/G,True,0.9
193,chr21,773,C/C,True,0.9
194,chr16,1879,A/G,True,0.9
195,chr13,663,A/A,True,0.9
196,chr18,371,G/G,True,0.9
197,chr7,454,G/C,True,0.9
198,chr13,653,A/C,True,0.9
199,chr21,1742,C/C,True,0.9
200,chr6,458,T/G,True,0.9
201,chrY,151,T/G,True,0.9
202,chr16,1503,T/G,True,0.9
203,chr8,473,T/C,True,0.9
204,chr14,1117,A/T,True,0.9
205,chr15,349,G/T,True,0.9
206,chr19,1174,G/A,True,0.9
207,chr10,1794,C/T,True,0.9
208,chr16,619,T/C,True,0.9
209,chr4,1854,G/A,True,0.9
210,chr18,1703,T/A,True,0.9
211,chr10,394,T/G,True,0.9
212,chr5,1451,G/A,True,0.9
213,chr7,620,C/G,True,0.9
214,chr3,601,A/G,True,0.9
215,chr13,754,T/T,True,0.9
216,chr5,1245,C/G,True,0.9
217,chr20,1292,A/C,True,0.9
218,chr9,219,T/A,True,0.9
219,chr1,326,A/G,True,0.9
220,chr6,115,C/C,True,0.9
221,chr8,1284,T/A,True,0.9
222,chrX,1409,T/T,True,0.9
223,chrX,368,C/C,True,0.9
224,chr3,1785,G/T,True,0.9
225,chr4,1703,G/A,True,0.9
226,chr19,1360,C/T,True,0.9
227,chr5,1841,G/G,True,0.9
228,chr12,1234,C/T,True,0.9
229,chr12,352,T/T,True,0.9
230,chr13,1798,C/T,True,0.9
231,chr7,250,A/A,True,0.9
232,chr15,1673,C/G,True,0.9
233,chr18,1368,A/C,True,0.9
234,chr15,1477,C/T,True,0.9
235,chr7,685,G/C,True,0.9
236,chr7,1864,T/A,True,0.9
237,chr5,1466,A/G,True,0.9
238,chr17,646,A/A,True,0.9
239,chrX,214,C/C,True,0.9
240,chr20,1836,T/T,True,0.9
241,chr3,316,C/A,True,0.9
242,chrX,1096,A/G,True,0.9
243,chrX,576,T/C,True,0.9
244,chr3,1508,A/G,True,0.9
245,chr17,1495,C/C,True,0.9
246,chr16,795,C/A,True,0.9
247,chr18,204,C/C,True,0.9
248,chr22,258,C/C,True,0.9
249,chr6,1588,A/G,True,0.9
250,chr14,1083,C/T,True,0.9
251,chr12,947,T/C,True,0.9
252,chr22,978,A/A,True,0.9
253,chrY,465,A/A,True,0.9
254,chr4,80,G/A,True,0.9
255,chr15,840,T/T,True,0.9
256,chr7,964,G/T,True,0.9
257,chr16,1182,A/T,True,0.9
258,chr19,410,C/G,True,0.9
259,chrY,1687,T/T,True,0.9
260,chr9,70,A/A,True,0.9
261,chr19,1675,T/A,True,0.9
262,chr22,680,A/A,True,0.9
263,chr20,1874,T/C,True,0.9
264,chr9,1473,C/A,True,0.9
265,chr20,1484,C/A,True,0.9
266,chr14,474,G/C,True,0.9
267,chr19,1945,C/A,True,0.9
268,chr5,1229,G/C,True,0.9
269,chr16,1360,T/T,True,0.9
270,chr7,878,G/C,True,0.9
271,chrX,417,G/A,True,0.9
272,chr19,1148,C/G,True,0.9
273,chrX,1661,T/G,True,0.9
274,chr5,426,C/G,True,0.9
275,chr15,740,A/G,True,0.9
276,chr16,287,C/G,True,0.9
277,chr2,731,C/C,True,0.9
278,chr14,1582,C/G,True,0.9
279,chr8,1879,T/T,True,0.9
280,chr19,1098,T/A,True,0.9
281,chr5,1203,A/G,True,0.9
282,chr5,744,G/G,True,0.9
283,chr12,1669,T/A,True,0.9
284,chr4,902,T/G,True,0.9
285,chr2,342,C/A,True,0.9
286,chr1,1233,C/T,True,0.9
287,chr5,94,G/T,True,0.9
288,chr14,165,T/A,True,0.9
289,chr17,1765,C/T,True,0.9
290,chr13,130,A/G,True,0.9
291,chr3,1585,T/A,True,0.9
292,chr10,471,T/C,True,0.9
293,chr6,1401,A/G,True,0.9
294,chr7,272,T/A,True,0.9
295,chrX,395,T/G,True,0.9
296,chr17,1704,A/C,True,0.9
297,chr8,1082,A/G,True,0.9
298,chr18,849,T/G,True,0.9
299,chr22,295,C/A,True,0.9
300,chrX,1473,A/T,True,0.9
301,chr16,483,C/G,True,0.9
302,chrX,1230,T/C,True,0.9
303,chr3,1172,C/G,True,0.9
304,chrY,458,T/A,True,0.9
305,chr16,35,A/T,True,0.9
306,chr8,1915,C/C,True,0.9
307,chr10,411,A/G,True,0.9
308,chr4,1028,A/T,True,0.9
309,chr18,1735,T/T,True,0.9
310,chr2,1981,C/G,True,0.9
311,chr1,1950,T/C,True,0.9
312,chr11,1604,T/A,True,0.9
313,chr16,545,A/G,True,0.9
314,chr16,651,T/T,True,0.9
315,chrY,1739,C/A,True,0.9
316,chr14,1474,T/G,True,0.9
317,chr1,1435,T/T,True,0.9
318,chr2,201,G/A,True,0.9
319,chr12,76,T/T,True,0.9
320,chr2,1806,A/G,True,0.9
321,chr21,1697,G/T,True,0.9
322,chr6,1067,C/C,True,0.9
323,chrX,246,G/C,True,0.9
324,chr17,737,A/A,True,0.9
325,chr1,262,C/A,True,0.9
326,chr11,827,A/A,True,0.9
327,chr20,1578,C/A,True,0.9
328,chr2,1155,C/T,True,0.9
329,chr16,880,A/G,True,0.9
330,chrY,1812,A/A,True,0.9
331,chr6,1961,G/A,True,0.9
332,chr6,333,A/G,True,0.9
333,chr2,1106,A/A,True,0.9
334,chr1,1466,C/T,True,0.9
335,chrY,867,G/A,True,0.9
336,chr14,300,A/T,True,0.9
337,chr22,1261,T/A,True,0.9
338,chr3,165,G/G,True,0.9
339,chr16,105,C/C,True,0.9
340,chr8,480,T/A,True,0.9
341,chr18,181,T/A,True,0.9
342,chr20,129,T/G,True,0.9
343,chr17,1660,G/G,True,0.9
344,chr10,1834,T/C,True,0.9
345,chr20,942,T/G,True,0.9
346,chr14,497,G/T,True,0.9
347,chr18,1989,C/T,True,0.9
348,chr7,694,C/A,True,0.9
349,chr3,1352,C/C,True,0.9
350,chr5,976,T/G,True,0.9
351,chr9,662,T/C,True,0.9
352,chr8,948,C/T,True,0.9
353,chr12,928,G/G,True,0.9
354,chr17,1241,C/A,True,0.9
355,chr3,1625,C/G,True,0.9
356,chr4,298,A/T,True,0.9
357,chr19,1643,T/T,True,0.9
358,chr2,1685,C/C,True,0.9
359,chr19,264,A/C,True,0.9
360,chr2,1399,T/G,True,0.9
361,chr9,1363,A/C,True,0.9
362,chr3,323,G/C,True,0.9
363,chr20,959,C/G,True,0.9
364,chr9,1055,C/C,True,0.9
365,chr22,1448,G/T,True,0.9
366,chr3,1639,G/A,True,0.9
367,chr18,255,T/G,True,0.9
368,chr6,1128,A/A,True,0.9
369,chr2,1848,C/A,True,0.9
370,chr20,1270,A/A,True,0.9
371,chr11,1621,C/C,True,0.9
372,chr17,1435,T/C,True,0.9
373,chr9,1029,G/G,True,0.9
374,chr21,387,A/T,True,0.9
375,chr11,1419,T/T,True,0.9
376,chrY,198,G/G,True,0.9
377,chr17,371,G/T,True,0.9
378,chr19,934,A/T,True,0.9
379,chr5,1841,T/G,True,0.9
380,chr7,1195,A/G,True,0.9
381,chr11,815,A/G,True,0.9
382,chr13,1365,C/C,True,0.9
383,chr8,950,T/C,True,0.9
384,chr4,1381,C/A,True,0.9
385,chr15,362,G/T,True,0.9
386,chr5,1562,A/C,True,0.9
387,chr1,1271,G/A,True,0.9
388,chr4,368,G/A,True,0.9
389,chr8,1478,G/C,True,0.9
390,chr2,989,C/C,True,0.9
391,chr7,784,A/T,True,0.9
392,chrX,1991,C/G,True,0.9
393,chr2,555,T/G,True,0.9
394,chr17,1160,T/C,True,0.9
395,chr10,1487,G/G,True,0.9
396,chr17,1265,A/A,True,0.9
397,chr14,1896,A/G,True,0.9
398,chr5,311,G/C,True,0.9
399,chr4,704,C/C,True,0.9
400,chr5,666,A/T,True,0.9
401,chr12,230,C/G,True,0.9
402,chr18,1831,A/A,True,0.9
403,chr22,1084,T/G,True,0.9
404,chr2,1108,A/G,True,0.9
405,chrY,39,A/C,True,0.9
406,chr1,249,A/C,True,0.9
407,chr18,1467,G/A,True,0.9
408,chr19,1249,A/T,True,0.9
409,chr6,1857,G/C,True,0.9
410,chr1,1727,A/C,True,0.9
411,chr15,1667,T/C,True,0.9
412,chrY,1062,G/T,True,0.9
413,chr21,1091,A/G,True,0.9
414,chr19,515,T/C,True,0.9
415,chr8,1822,A/C,True,0.9
416,chr19,1000,A/A,True,0.9
417,chr10,801,A/C,True,0.9
418,chrX,234,G/A,True,0.9
419,chr20,304,T/A,True,0.9
420,chr6,1876,C/C,True,0.9
421,chr6,326,T/C,True,0.9
422,chr2,1036,A/G,True,0.9
423,chr12,84,A/T,True,0.9
424,chr5,1143,T/T,True,0.9
425,chr14,1534,G/C,True,0.9
426,chr3,1519,T/G,True,0.9
427,chr16,527,C/G,True,0.9
428,chrY,1857,T/T,True,0.9
429,chr13,334,G/C,True,0.9
430,chr18,1776,G/T,True,0.9
431,chr13,1663,G/A,True,0.9
432,chr15,690,A/T,True,0.9
433,chrY,1854,T/C,True,0.9
434,chr22,394,A/T,True,0.9
435,chrX,1438,T/A,True,0.9
436,chr22,1554,G/C,True,0.9
437,chr12,1870,A/G,True,0.9
438,chr7,1062,C/G,True,0.9
439,chr10,1638,G/T,True,0.9
440,chrY,176,G/G,True,0.9
441,chr8,1649,T/C,True,0.9
442,chr4,1829,G/T,True,0.9
443,chr7,1411,C/C,True,0.9
444,chr1,1723,C/T,True,0.9
445,chr14,1266,C/T,True,0.9
446,chr22,22,C/A,True,0.9
447,chr17,759,A/T,True,0.9
448,chr8,1293,A/A,True,0.9
449,chr20,1090,G/T,True,0.9
450,chr12,720,A/C,True,0.9
451,chr12,31,A/T,True,0.9
452,chr1,1676,C/G,True,0.9
453,chr21,706,C/C,True,0.9
454,chr17,1986,T/A,True,0.9
455,chr7,1767,T/T,True,0.9
456,chr8,239,G/G,True,0.9
457,chrY,1065,A/C,True,0.9
458,chr20,850,A/A,True,0.9
459,chr13,1114,G/A,True,0.9
460,chr22,1553,G/C,True,0.9
461,chr8,655,C/T,True,0.9
462,chr18,527,T/G,True,0.9
463,chrY,1762,G/T,True,0.9
464,chr19,1394,A/G,True,0.9
465,chr14,327,T/A,True,0.9
466,chr18,226,A/A,True,0.9
467,chr19,1830,G/G,True,0.9
468,chr22,61,G/A,True,0.9
469,chrX,1228,C/G,True,0.9
470,chr5,332,C/G,True,0.9
471,chr22,1679,G/G,True,0.9
472,chr8,1065,T/C,True,0.9
473,chr3,1046,G/A,True,0.9
474,chr19,1992,C/G,True,0.9
475,chr3,567,G/G,True,0.9
476,chr14,341,T/G,True,0.9
477,chr5,1414,G/T,True,0.9
478,chr19,427,T/T,True,0.9
479,chr10,1080,G/C,True,0.9
480,chr22,1419,T/A,True,0.9
481,chr5,183,G/C,True,0.9
482,chr1,1236,G/A,True,0.9
483,chr11,1987,T/T,True,0.9
484,chr18,627,C/T,True,0.9
485,chr22,268,T/G,True,0.9
486,chr12,778,A/A,True,0.9
487,chr6,308,C/T,True,0.9
488,chr12,237,A/G,True,0.9
489,chrX,364,C/C,True,0.9
490,chr17,10,A/A,True,0.9
491,chrY,1971,A/C,True,0.9
