,CHROMOSOME,pos,mut,is_ok,approved_ratio
0,chr19,29,A/A,True,0.9
1,chr7,1960,G/T,True,0.9
2,chr13,514,C/A,True,0.9
3,chr15,1760,T/G,True,0.9
4,chr11,1748,C/A,True,0.9
5,chr6,1831,G/G,True,0.9
6,chr16,100,G/T,True,0.9
7,chrY,1265,G/A,True,0.9
8,chr20,1273,C/G,True,0.9
9,chr18,624,G/T,True,0.9
10,chr13,511,C/T,True,0.9
11,chr21,532,G/T,True,0.9
12,chr11,677,T/T,True,0.9
13,chr21,361,G/C,True,0.9
14,chr14,154,G/G,True,0.9
15,chr22,1804,G/C,True,0.9
16,chr8,630,C/G,True,0.9
17,chr15,1346,A/G,True,0.9
18,chr9,1527,T/C,True,0.9
19,chr13,1253,C/G,True,0.9
20,chr3,200,G/A,True,0.9
21,chr11,1259,A/T,True,0.9
22,chr18,871,T/G,True,0.9
23,chr6,1346,A/C,True,0.9
24,chr7,1540,G/G,True,0.9
25,chr13,1976,T/G,True,0.9
26,chr21,600,T/T,True,0.9
27,chr22,1533,A/G,True,0.9
28,chr5,321,A/C,True,0.9
29,chrY,1859,T/C,True,0.9
30,chr6,1644,T/A,True,0.9
31,chr11,1642,T/C,True,0.9
32,chr20,1003,C/A,True,0.9
33,chr7,889,G/C,True,0.9
34,chr6,1894,C/A,True,0.9
35,chr5,1016,C/T,True,0.9
36,chr14,819,A/G,True,0.9
37,chr3,1808,G/C,True,0.9
38,chr14,212,C/T,True,0.9
39,chr2,1132,G/A,True,0.9
40,chr13,945,T/A,True,0.9
41,chr14,1496,A/T,True,0.9
42,chr20,398,C/C,True,0.9
43,chr4,1506,A/G,True,0.9
44,chr20,626,G/C,True,0.9
45,chr12,766,A/C,True,0.9
46,chr11,1971,C/T,True,0.9
47,chrY,123,G/C,True,0.9
48,chr9,456,C/A,True,0.9
49,chr2,1902,C/T,True,0.9
50,chr2,1618,C/C,True,0.9
51,chr11,477,A/C,True,0.9
52,chr22,1874,A/A,True,0.9
53,chrX,1943,A/C,True,0.9
54,chr18,1962,C/A,True,0.9
55,chr12,1577,G/C,True,0.9
56,chr3,536,C/T,True,0.9
57,chr8,1697,G/A,True,0.9
58,chr11,742,C/T,True,0.9
59,chr1,1522,T/C,True,0.9
60,chr15,1354,G/G,True,0.9
61,chr22,1350,C/C,True,0.9
62,chrY,509,T/T,True,0.9
63,chr1,26,A/A,True,0.9
64,chr11,136,G/G,True,0.9
65,chrY,1784,T/C,True,0.9
66,chr12,1247,A/G,True,0.9
67,chr10,1942,G/T,True,0.9
68,chr5,1033,A/G,True,0.9
69,chr13,1629,G/A,True,0.9
70,chrX,362,G/A,True,0.9
71,chr22,1798,G/T,True,0.9
72,chr19,260,C/A,True,0.9
73,chr1,1023,T/A,True,0.9
74,chr6,193,T/T,True,0.9
75,chr7,1854,C/A,True,0.9
76,chr21,732,G/G,True,0.9
77,chr10,910,C/C,True,0.9
78,chr10,881,C/T,True,0.9
79,chr1,986,C/T,True,0.9
80,chr11,1682,T/A,True,0.9
81,chr22,74,T/T,True,0.9
82,chr4,1270,A/T,True,0.9
83,chr12,509,T/T,True,0.9
84,chr6,365,G/T,True,0.9
85,chr8,1532,A/G,True,0.9
86,chr7,434,C/T,True,0.9
87,chr9,1726,A/T,True,0.9
88,chr1,659,G/C,True,0.9
89,chr8,1114,G/C,True,0.9
90,chr11,102,C/T,True,0.9
91,chrX,1954,T/A,True,0.9
92,chr5,1965,G/A,True,0.9
93,chr1,1429,T/C,True,0.9
94,chr22,1000,C/C,True,0.9
95,chrX,1594,G/G,True,0.9
96,chr5,1818,A/G,True,0.9
97,chr1,256,A/A,True,0.9
98,chr15,435,C/T,True,0.9
99,chr5,1522,G/C,True,0.9
100,chr11,141,C/A,True,0.9
101,chr9,1187,A/T,True,0.9
102,chr12,1692,C/G,True,0.9
103,chr4,1447,T/A,True,0.9
104,chr21,822,A/C,True,0.9
105,chr3,750,C/A,True,0.9
106,chrY,1149,G/T,True,0.9
107,chr13,709,A/A,True,0.9
108,chr8,1272,G/G,True,0.9
109,chr13,1345,A/C,True,0.9
110,chr22,897,C/A,True,0.9
111,chr9,654,A/T,True,0.9
112,chr13,1508,G/A,True,0.9
113,chr7,240,A/G,True,0.9
114,chr13,1582,G/C,True,0.9
115,chr6,1794,C/T,True,0.9
116,chr18,915,C/G,True,0.9
117,chr7,1860,G/T,True,0.9
118,chr1,1633,G/G,True,0.9
119,chr22,441,C/T,True,0.9
120,chr22,35,C/G,True,0.9
121,chr16,893,T/T,True,0.9
122,chr12,1081,A/C,True,0.9
123,chr18,812,C/T,True,0.9
124,chr3,304,C/A,True,0.9
125,chr16,187,G/G,True,0.9
126,chr2,308,G/G,True,0.9
127,chr21,128,A/A,True,0.9
128,chr14,726,C/A,True,0.9
129,chr3,1781,T/C,True,0.9
130,chr6,821,C/G,True,0.9
131,chr11,1711,C/C,True,0.9
132,chr11,141,C/C,True,0.9
133,chr11,57,C/G,True,0.9
134,chr15,1986,A/C,True,0.9
135,chr9,1510,C/A,True,0.9
136,chr8,1843,A/G,True,0.9
137,chr14,1831,A/T,True,0.9
138,chr5,1587,T/T,True,0.9
139,chr10,311,T/C,True,0.9
140,chr12,1840,C/T,True,0.9
141,chr3,462,G/C,True,0.9
142,chr2,1786,C/A,True,0.9
143,chr15,108,T/G,True,0.9
144,chr12,876,C/G,True,0.9
145,chr15,1064,G/T,True,0.9
146,chr5,910,C/A,True,0.9
147,chr11,1404,A/A,True,0.9
148,chr3,1797,C/A,True,0.9
149,chr10,1785,A/A,True,0.9
150,chr1,1416,C/A,True,0.9
151,chr13,110,A/G,True,0.9
152,chr7,746,C/G,True,0.9
153,chr7,658,C/G,True,0.9
154,chr1,832,C/T,True,0.9
155,chr17,566,C/C,True,0.9
156,chr2,503,C/C,True,0.9
157,chr8,1712,C/G,True,0.9
158,chr19,427,C/G,True,0.9
159,chr10,1722,A/C,True,0.9
160,chrX,403,T/A,True,0.9
161,chr19,756,T/T,True,0.9
162,chr20,369,A/C,True,0.9
163,chr16,1685,A/G,True,0.9
164,chr12,1539,A/T,True,0.9
165,chr21,497,T/A,True,0.9
166,chr4,1399,A/T,True,0.9
167,chr14,1054,G/C,True,0.9
168,chr1,525,A/G,True,0.9
169,chrY,351,T/A,True,0.9
170,chr11,1605,G/T,True,0.9
171,chr19,1646,T/A,True,0.9
172,chr18,480,C/G,True,0.9
173,chr7,580,G/T,True,0.9
174,chr6,683,C/G,True,0.9
175,chr11,1661,T/A,True,0.9
176,chr3,1934,A/G,True,0.9
177,chr22,413,G/C,True,0.9
178,chr15,1215,G/A,True,0.9
179,chr15,1347,T/C,True,0.9
180,chr13,1407,T/G,True,0.9
181,chr20,489,C/T,True,0.9
182,chr19,152,C/C,True,0.9
183,chr2,104,C/C,True,0.9
184,chr9,721,A/C,True,0.9
185,chr11,798,G/G,True,0.9
186,chr22,1848,C/A,True,0.9
187,chr8,1447,G/G,True,0.9
188,chr14,1297,T/A,True,0.9
189,chr5,647,G/G,True,0.9
190,chr13,663,A/A,True,0.9
191,chr18,371,G/G,True,0.9
192,chr7,454,G/C,True,0.9
193,chr20,1442,C/G,True,0.9
194,chr13,653,A/C,True,0.9
195,chr21,1742,C/C,True,0.9
196,chr21,679,G/C,True,0.9
197,chr6,500,G/G,True,0.9
198,chr7,1146,T/T,True,0.9
199,chr14,1956,G/T,True,0.9
200,chr14,51,A/A,True,0.9
201,chr16,1503,T/G,True,0.9
202,chr19,293,G/G,True,0.9
203,chr1,1695,T/C,True,0.9
204,chr21,300,G/G,True,0.9
205,chr19,1174,G/A,True,0.9
206,chr4,1854,G/A,True,0.9
207,chr10,394,T/G,True,0.9
208,chr4,825,A/A,True,0.9
209,chr7,620,C/G,True,0.9
210,chr19,12,A/C,True,0.9
211,chr13,754,T/T,True,0.9
212,chr17,301,T/G,True,0.9
213,chr10,460,C/G,True,0.9
214,chr5,1245,C/G,True,0.9
215,chr8,1725,T/T,True,0.9
216,chr22,1239,T/A,True,0.9
217,chr5,1887,G/A,True,0.9
218,chr22,1199,G/A,True,0.9
219,chr9,219,T/A,True,0.9
220,chr13,1056,T/C,True,0.9
221,chr8,1284,T/A,True,0.9
222,chr9,567,C/A,True,0.9
223,chr11,822,A/T,True,0.9
224,chrX,368,C/C,True,0.9
225,chr2,459,C/G,True,0.9
226,chr13,1421,A/G,True,0.9
227,chr12,1234,C/T,True,0.9
228,chrX,837,C/C,True,0.9
229,chr2,222,C/G,True,0.9
230,chr7,12,C/C,True,0.9
231,chr7,250,A/A,True,0.9
232,chr15,1477,C/T,True,0.9
233,chr2,1956,C/G,True,0.9
234,chr1,1113,A/G,True,0.9
235,chr18,943,C/C,True,0.9
236,chr13,1202,A/A,True,0.9
237,chr7,685,G/C,True,0.9
238,chr19,1025,T/T,True,0.9
239,chr5,1466,A/G,True,0.9
240,chr10,1584,T/T,True,0.9
241,chr18,1513,T/C,True,0.9
242,chr17,734,C/A,True,0.9
243,chrX,1096,A/G,True,0.9
244,chr13,411,G/T,True,0.9
245,chrX,576,T/C,True,0.9
246,chr20,405,A/A,True,0.9
247,chr10,793,T/G,True,0.9
248,chr4,1868,T/A,True,0.9
249,chr17,1495,C/C,True,0.9
250,chr16,123,C/C,True,0.9
251,chr20,302,T/A,True,0.9
252,chr6,1588,A/G,True,0.9
253,chr4,1768,C/T,True,0.9
254,chr7,1856,G/T,True,0.9
255,chrY,465,A/A,True,0.9
256,chr4,80,G/A,True,0.9
257,chr11,499,C/A,True,0.9
258,chr14,157,A/G,True,0.9
259,chr19,410,C/G,True,0.9
260,chr8,1204,T/C,True,0.9
261,chrY,1687,T/T,True,0.9
262,chr4,1444,G/C,True,0.9
263,chr11,412,C/G,True,0.9
264,chr9,70,A/A,True,0.9
265,chr21,820,C/A,True,0.9
266,chr19,307,T/A,True,0.9
267,chr5,225,T/C,True,0.9
268,chr12,656,T/A,True,0.9
269,chr20,206,T/A,True,0.9
270,chrX,1731,G/C,True,0.9
271,chrY,552,A/G,True,0.9
272,chr15,1444,C/T,True,0.9
273,chr19,1945,C/A,True,0.9
274,chr3,627,G/C,True,0.9
275,chr15,1745,A/T,True,0.9
276,chr21,1599,G/T,True,0.9
277,chrX,749,C/A,True,0.9
278,chr12,665,A/T,True,0.9
279,chr7,399,A/C,True,0.9
280,chr16,287,C/G,True,0.9
281,chr11,1630,T/T,True,0.9
282,chr22,580,G/G,True,0.9
283,chr4,939,G/G,True,0.9
284,chr1,1799,T/G,True,0.9
285,chr1,392,G/C,True,0.9
286,chr5,1203,A/G,True,0.9
287,chr14,1307,T/A,True,0.9
288,chr9,211,T/C,True,0.9
289,chrY,266,A/C,True,0.9
290,chr4,902,T/G,True,0.9
291,chr9,1902,A/T,True,0.9
292,chr12,103,A/G,True,0.9
293,chr2,342,C/A,True,0.9
294,chr14,1580,C/A,True,0.9
295,chr21,1781,C/G,True,0.9
296,chr10,1900,G/G,True,0.9
297,chrY,784,T/A,True,0.9
298,chr13,308,A/C,True,0.9
299,chr13,130,A/G,True,0.9
300,chr5,1883,C/T,True,0.9
301,chr9,1085,A/G,True,0.9
302,chr7,732,A/C,True,0.9
303,chr9,329,A/A,True,0.9
304,chr18,1396,T/G,True,0.9
305,chr3,1585,T/A,True,0.9
306,chrX,324,A/A,True,0.9
307,chr13,1449,A/A,True,0.9
308,chrX,395,T/G,True,0.9
309,chr8,1082,A/G,True,0.9
310,chr22,295,C/A,True,0.9
311,chr22,165,T/C,True,0.9
312,chrX,1473,A/T,True,0.9
313,chr10,1587,A/G,True,0.9
314,chr10,1297,C/A,True,0.9
315,chr14,1116,C/C,True,0.9
316,chr8,1915,C/C,True,0.9
317,chr10,411,A/G,True,0.9
318,chr14,1024,A/T,True,0.9
319,chr11,1163,A/A,True,0.9
320,chr19,919,T/A,True,0.9
321,chr11,1604,T/A,True,0.9
322,chr17,1001,G/A,True,0.9
323,chrX,1026,C/T,True,0.9
324,chr6,392,A/C,True,0.9
325,chr1,1435,T/T,True,0.9
326,chr7,1683,G/G,True,0.9
327,chr13,956,T/G,True,0.9
328,chr3,913,G/A,True,0.9
329,chr6,1998,G/G,True,0.9
330,chr11,494,G/T,True,0.9
331,chr6,1067,C/C,True,0.9
332,chr3,567,G/A,True,0.9
333,chrX,246,G/C,True,0.9
334,chr17,737,A/A,True,0.9
335,chr3,1043,A/G,True,0.9
336,chr6,360,A/T,True,0.9
337,chr2,1604,G/G,True,0.9
338,chr6,1961,G/A,True,0.9
339,chr2,1106,A/A,True,0.9
340,chr19,1801,C/A,True,0.9
341,chr5,708,T/C,True,0.9
342,chr20,122,T/T,True,0.9
343,chr14,844,T/C,True,0.9
344,chr3,770,G/C,True,0.9
345,chr8,1693,C/A,True,0.9
346,chr17,1966,C/A,True,0.9
347,chr21,242,G/G,True,0.9
348,chr14,300,A/T,True,0.9
349,chr15,375,G/C,True,0.9
350,chr3,351,A/C,True,0.9
351,chr3,165,G/G,True,0.9
352,chrX,1701,C/C,True,0.9
353,chrY,1636,C/T,True,0.9
354,chr17,1660,G/G,True,0.9
355,chr11,865,T/A,True,0.9
356,chr10,1557,G/G,True,0.9
357,chr16,520,G/A,True,0.9
358,chr3,1352,C/C,True,0.9
359,chr1,361,G/C,True,0.9
360,chr13,1442,C/C,True,0.9
361,chr22,444,T/G,True,0.9
362,chr17,1241,C/A,True,0.9
363,chr8,771,C/G,True,0.9
364,chr16,76,G/C,True,0.9
365,chr2,1399,T/G,True,0.9
366,chr13,246,A/A,True,0.9
367,chr18,1750,T/A,True,0.9
368,chr15,1414,A/T,True,0.9
369,chr4,1079,G/A,True,0.9
370,chr3,1639,G/A,True,0.9
371,chr9,1153,G/C,True,0.9
372,chr19,1253,C/T,True,0.9
373,chr2,326,T/G,True,0.9
374,chr3,1899,T/C,True,0.9
375,chr20,1270,A/A,True,0.9
376,chr11,1621,C/C,True,0.9
377,chr1,510,G/C,True,0.9
378,chr17,158,C/T,True,0.9
379,chr16,1053,G/A,True,0.9
380,chr1,266,A/T,True,0.9
381,chr9,1029,G/G,True,0.9
382,chr4,1421,G/G,True,0.9
383,chr20,1731,A/G,True,0.9
384,chr2,367,A/T,True,0.9
385,chr19,934,A/T,True,0.9
386,chr19,1458,G/G,True,0.9
387,chr8,1628,C/G,True,0.9
388,chr5,1841,T/G,True,0.9
389,chr17,1535,A/C,True,0.9
390,chr10,1914,A/A,True,0.9
391,chr7,1327,T/T,True,0.9
392,chr12,333,T/G,True,0.9
393,chr8,950,T/C,True,0.9
394,chr4,1381,C/A,True,0.9
395,chr8,1684,C/T,True,0.9
396,chr11,1900,A/C,True,0.9
397,chr16,1607,C/A,True,0.9
398,chr19,767,A/T,True,0.9
399,chr8,1478,G/C,True,0.9
400,chr2,989,C/C,True,0.9
401,chrX,1991,C/G,True,0.9
402,chr13,701,T/G,True,0.9
403,chr22,1298,G/G,True,0.9
404,chr9,428,A/T,True,0.9
405,chr10,1487,G/G,True,0.9
406,chrY,498,G/G,True,0.9
407,chr12,230,C/G,True,0.9
408,chr10,1620,C/C,True,0.9
409,chr7,275,T/G,True,0.9
410,chr22,1084,T/G,True,0.9
411,chr14,746,A/T,True,0.9
412,chr8,723,A/A,True,0.9
413,chr22,581,G/A,True,0.9
414,chr3,1239,C/T,True,0.9
415,chr1,249,A/C,True,0.9
416,chrY,1337,C/T,True,0.9
417,chr5,1776,G/G,True,0.9
418,chr1,1107,A/C,True,0.9
419,chr13,1019,C/A,True,0.9
420,chr6,1857,G/C,True,0.9
421,chr18,1269,A/G,True,0.9
422,chr14,664,C/A,True,0.9
423,chr13,1113,C/C,True,0.9
424,chr8,1161,C/T,True,0.9
425,chr10,189,A/T,True,0.9
426,chr10,801,A/C,True,0.9
427,chr1,570,A/T,True,0.9
428,chr17,558,A/A,True,0.9
429,chr16,1395,C/G,True,0.9
430,chr19,380,G/A,True,0.9
431,chr20,1895,G/A,True,0.9
432,chr3,1931,C/G,True,0.9
433,chr12,684,A/G,True,0.9
434,chr3,414,A/C,True,0.9
435,chr11,1415,A/C,True,0.9
436,chrY,111,G/C,True,0.9
437,chr3,917,A/A,True,0.9
438,chr13,631,T/A,True,0.9
439,chr17,1226,G/C,True,0.9
440,chr1,954,T/G,True,0.9
441,chr4,314,A/A,True,0.9
442,chrX,200,T/C,True,0.9
443,chr4,1690,A/G,True,0.9
444,chr21,1910,G/C,True,0.9
445,chr4,1474,A/T,True,0.9
446,chrY,1909,T/A,True,0.9
447,chrX,1033,C/T,True,0.9
448,chr5,1143,T/T,True,0.9
449,chr4,1994,C/A,True,0.9
450,chr13,1663,G/A,True,0.9
451,chrX,1438,T/A,True,0.9
452,chr11,1226,A/T,True,0.9
453,chrX,1535,A/T,True,0.9
454,chr3,70,C/G,True,0.9
455,chr10,1927,C/G,True,0.9
456,chr14,1467,C/A,True,0.9
457,chr2,1664,A/G,True,0.9
458,chr16,338,C/C,True,0.9
459,chr22,22,C/A,True,0.9
460,chr1,205,T/T,True,0.9
461,chr8,1244,A/A,True,0.9
462,chr2,539,G/C,True,0.9
463,chr20,1090,G/T,True,0.9
464,chr2,1074,C/T,True,0.9
465,chr22,86,C/A,True,0.9
466,chr21,706,C/C,True,0.9
467,chr16,1217,T/G,True,0.9
468,chr22,1815,A/C,True,0.9
469,chr20,850,A/A,True,0.9
470,chr13,1114,G/A,True,0.9
471,chr19,468,C/C,True,0.9
472,chr13,1400,C/T,True,0.9
473,chr22,1553,G/C,True,0.9
474,chr7,1623,G/C,True,0.9
475,chr10,1300,G/T,True,0.9
476,chr13,1088,G/C,True,0.9
477,chr17,1697,A/C,True,0.9
478,chr19,1394,A/G,True,0.9
479,chr18,226,A/A,True,0.9
480,chr9,977,G/G,True,0.9
481,chr10,915,C/T,True,0.9
482,chr19,1830,G/G,True,0.9
483,chr8,1773,G/G,True,0.9
484,chr15,544,A/C,True,0.9
485,chr6,954,T/T,True,0.9
486,chr19,1962,A/G,True,0.9
487,chr22,1590,A/C,True,0.9
488,chr22,1844,G/T,True,0.9
489,chrY,354,T/A,True,0.9
490,chr3,567,G/G,True,0.9
491,chr14,341,T/G,True,0.9
492,chr5,893,C/T,True,0.9
493,chr10,1946,G/C,True,0.9
494,chr22,1419,T/A,True,0.9
495,chrY,618,C/C,True,0.9
496,chrY,895,G/A,True,0.9
