,CHROMOSOME,pos,mut,is_ok,approved_ratio
0,chr5,615,G/A,True,0.9
1,chr17,91,G/G,True,0.9
2,chr19,29,A/A,True,0.9
3,chr7,1170,A/C,True,0.9
4,chr13,514,C/A,True,0.9
5,chr10,1253,T/C,True,0.9
6,chr13,1773,T/A,True,0.9
7,chr11,1748,C/A,True,0.9
8,chr6,1831,G/G,True,0.9
9,chr20,1273,C/G,True,0.9
10,chr7,1821,G/C,True,0.9
11,chr4,1796,A/C,True,0.9
12,chr13,1823,A/C,True,0.9
13,chr7,64,G/G,True,0.9
14,chr4,1464,C/T,True,0.9
15,chrY,1261,A/C,True,0.9
16,chr6,1137,G/C,True,0.9
17,chrX,1102,T/G,True,0.9
18,chr22,1804,G/C,True,0.9
19,chr6,1899,A/G,True,0.9
20,chr8,630,C/G,True,0.9
21,chr18,81,G/T,True,0.9
22,chr19,1015,G/A,True,0.9
23,chr11,1259,A/T,True,0.9
24,chr6,1346,A/C,True,0.9
25,chr4,1203,A/G,True,0.9
26,chr11,1642,T/C,True,0.9
27,chr15,1846,C/G,True,0.9
28,chr6,1710,C/A,True,0.9
29,chrX,1495,G/T,True,0.9
30,chr6,377,T/T,True,0.9
31,chr17,1347,C/C,True,0.9
32,chr6,1894,C/A,True,0.9
33,chr10,1448,T/T,True,0.9
34,chr10,609,A/T,True,0.9
35,chr14,819,A/G,True,0.9
36,chr3,1808,G/C,True,0.9
37,chr14,212,C/T,True,0.9
38,chr11,609,G/T,True,0.9
39,chrY,1553,A/G,True,0.9
40,chr14,1496,A/T,True,0.9
41,chrY,1420,A/C,True,0.9
42,chr8,1589,T/A,True,0.9
43,chr16,1883,C/C,True,0.9
44,chr7,1849,A/T,True,0.9
45,chr7,279,A/C,True,0.9
46,chr19,420,C/A,True,0.9
47,chr5,984,G/A,True,0.9
48,chrX,991,C/A,True,0.9
49,chr14,532,A/G,True,0.9
50,chr9,233,C/G,True,0.9
51,chr2,1902,C/T,True,0.9
52,chr2,1618,C/C,True,0.9
53,chr11,1799,A/A,True,0.9
54,chr13,839,C/T,True,0.9
55,chr8,1697,G/A,True,0.9
56,chr11,742,C/T,True,0.9
57,chr1,1522,T/C,True,0.9
58,chr15,1354,G/G,True,0.9
59,chrY,782,G/C,True,0.9
60,chr9,1786,G/A,True,0.9
61,chr11,136,G/G,True,0.9
62,chrY,1784,T/C,True,0.9
63,chrY,1669,C/A,True,0.9
64,chr12,1247,A/G,True,0.9
65,chr10,554,G/C,True,0.9
66,chr5,1033,A/G,True,0.9
67,chr13,1629,G/A,True,0.9
68,chr11,788,C/A,True,0.9
69,chr16,60,G/C,True,0.9
70,chr10,1486,A/C,True,0.9
71,chr7,916,G/T,True,0.9
72,chr1,1023,T/A,True,0.9
73,chr4,32,C/G,True,0.9
74,chr6,193,T/T,True,0.9
75,chr22,536,T/T,True,0.9
76,chr4,1514,C/T,True,0.9
77,chr16,1766,C/T,True,0.9
78,chr12,1214,A/C,True,0.9
79,chr9,1717,T/A,True,0.9
80,chr1,986,C/T,True,0.9
81,chr10,37,A/T,True,0.9
82,chr7,896,C/G,True,0.9
83,chr4,1270,A/T,True,0.9
84,chr8,72,T/A,True,0.9
85,chr19,1514,T/C,True,0.9
86,chr16,1137,G/C,True,0.9
87,chr12,957,A/T,True,0.9
88,chr11,495,T/C,True,0.9
89,chr6,589,T/C,True,0.9
90,chr19,621,T/G,True,0.9
91,chr2,1440,G/G,True,0.9
92,chr10,1898,G/T,True,0.9
93,chr20,1677,A/T,True,0.9
94,chr16,585,A/C,True,0.9
95,chr9,124,T/A,True,0.9
96,chr14,224,T/C,True,0.9
97,chr12,690,T/T,True,0.9
98,chrX,1594,G/G,True,0.9
99,chr8,1132,C/T,True,0.9
100,chr12,442,C/G,True,0.9
101,chrX,842,C/T,True,0.9
102,chr1,1914,G/T,True,0.9
103,chr18,273,T/T,True,0.9
104,chr22,1263,T/T,True,0.9
105,chr15,435,C/T,True,0.9
106,chr2,1108,C/C,True,0.9
107,chr20,147,T/T,True,0.9
108,chr21,822,A/C,True,0.9
109,chr8,1502,A/T,True,0.9
110,chr18,830,T/A,True,0.9
111,chr20,1768,G/G,True,0.9
112,chr22,897,C/A,True,0.9
113,chr20,1746,G/G,True,0.9
114,chr20,56,A/C,True,0.9
115,chr13,1582,G/C,True,0.9
116,chr1,1633,G/G,True,0.9
117,chr11,165,A/G,True,0.9
118,chr17,60,C/A,True,0.9
119,chr12,945,A/T,True,0.9
120,chrX,1767,A/C,True,0.9
121,chr21,1034,A/T,True,0.9
122,chr3,304,C/A,True,0.9
123,chr14,829,A/G,True,0.9
124,chr7,1534,G/T,True,0.9
125,chr16,187,G/G,True,0.9
126,chr22,1204,T/A,True,0.9
127,chr2,1487,G/T,True,0.9
128,chr14,726,C/A,True,0.9
129,chr3,1781,T/C,True,0.9
130,chr11,1711,C/C,True,0.9
131,chr11,57,C/G,True,0.9
132,chr22,1291,T/G,True,0.9
133,chr16,577,T/T,True,0.9
134,chr18,121,C/G,True,0.9
135,chr21,471,C/A,True,0.9
136,chr17,1887,C/C,True,0.9
137,chrX,539,C/C,True,0.9
138,chr3,1923,T/A,True,0.9
139,chr5,1587,T/T,True,0.9
140,chr10,311,T/C,True,0.9
141,chr11,1346,G/G,True,0.9
142,chr21,424,G/A,True,0.9
143,chr13,1781,A/A,True,0.9
144,chr13,406,C/C,True,0.9
145,chr17,629,C/A,True,0.9
146,chr15,108,T/G,True,0.9
147,chr12,876,C/G,True,0.9
148,chr15,1064,G/T,True,0.9
149,chr13,1416,T/G,True,0.9
150,chr13,1620,G/C,True,0.9
151,chr11,1002,G/A,True,0.9
152,chr3,1797,C/A,True,0.9
153,chr6,1008,A/G,True,0.9
154,chr13,110,A/G,True,0.9
155,chr7,746,C/G,True,0.9
156,chr18,1697,T/G,True,0.9
157,chr2,503,C/C,True,0.9
158,chr8,1712,C/G,True,0.9
159,chr21,1454,G/C,True,0.9
160,chr10,79,T/G,True,0.9
161,chrX,403,T/A,True,0.9
162,chr19,756,T/T,True,0.9
163,chr21,104,A/A,True,0.9
164,chrY,351,T/A,True,0.9
165,chr11,1605,G/T,True,0.9
166,chr7,630,A/C,True,0.9
167,chr5,1551,C/G,True,0.9
168,chr18,480,C/G,True,0.9
169,chr7,580,G/T,True,0.9
170,chr11,1661,T/A,True,0.9
171,chr22,179,T/G,True,0.9
172,chr9,1707,C/A,True,0.9
173,chr19,152,C/C,True,0.9
174,chr14,92,G/C,True,0.9
175,chr9,721,A/C,True,0.9
176,chr3,280,G/C,True,0.9
177,chr2,385,G/T,True,0.9
178,chr10,1288,C/T,True,0.9
179,chrX,532,T/G,True,0.9
180,chr22,1848,C/A,True,0.9
181,chr8,1447,G/G,True,0.9
182,chr2,658,G/A,True,0.9
183,chr3,1553,T/T,True,0.9
184,chr16,1179,A/G,True,0.9
185,chr11,534,G/T,True,0.9
186,chr16,1879,A/G,True,0.9
187,chr18,371,G/G,True,0.9
188,chr14,780,A/A,True,0.9
189,chr11,510,T/G,True,0.9
190,chr21,1742,C/C,True,0.9
191,chr21,679,G/C,True,0.9
192,chr14,51,A/A,True,0.9
193,chrY,151,T/G,True,0.9
194,chr16,1695,C/A,True,0.9
195,chr9,1962,T/C,True,0.9
196,chr8,698,G/G,True,0.9
197,chr14,1117,A/T,True,0.9
198,chr15,349,G/T,True,0.9
199,chr21,300,G/G,True,0.9
200,chr19,1174,G/A,True,0.9
201,chr10,1794,C/T,True,0.9
202,chr8,1546,A/T,True,0.9
203,chr4,825,A/A,True,0.9
204,chr7,620,C/G,True,0.9
205,chr8,1416,C/G,True,0.9
206,chr3,601,A/G,True,0.9
207,chr15,1360,A/G,True,0.9
208,chr13,754,T/T,True,0.9
209,chr15,361,A/G,True,0.9
210,chr20,1292,A/C,True,0.9
211,chr9,778,T/C,True,0.9
212,chr7,37,C/G,True,0.9
213,chrY,1149,C/A,True,0.9
214,chr1,93,T/T,True,0.9
215,chr1,326,A/G,True,0.9
216,chr2,980,G/G,True,0.9
217,chrX,1409,T/T,True,0.9
218,chr3,1988,G/C,True,0.9
219,chr7,1672,C/T,True,0.9
220,chr15,1435,C/T,True,0.9
221,chr4,1550,C/C,True,0.9
222,chr3,1785,G/T,True,0.9
223,chr5,1841,G/G,True,0.9
224,chr4,1699,A/C,True,0.9
225,chr10,1701,G/T,True,0.9
226,chr12,352,T/T,True,0.9
227,chr3,1924,G/T,True,0.9
228,chr2,222,C/G,True,0.9
229,chr7,12,C/C,True,0.9
230,chr4,962,T/G,True,0.9
231,chr7,250,A/A,True,0.9
232,chr18,129,T/T,True,0.9
233,chr2,1956,C/G,True,0.9
234,chr1,1113,A/G,True,0.9
235,chr8,1040,G/C,True,0.9
236,chr21,1869,G/G,True,0.9
237,chr21,848,T/C,True,0.9
238,chr18,1524,G/G,True,0.9
239,chr17,31,C/T,True,0.9
240,chr7,685,G/C,True,0.9
241,chr19,1025,T/T,True,0.9
242,chr5,1466,A/G,True,0.9
243,chr10,1584,T/T,True,0.9
244,chr4,734,G/C,True,0.9
245,chr18,1513,T/C,True,0.9
246,chr17,734,C/A,True,0.9
247,chr13,411,G/T,True,0.9
248,chr4,1875,C/T,True,0.9
249,chr2,308,G/T,True,0.9
250,chr17,1495,C/C,True,0.9
251,chr16,123,C/C,True,0.9
252,chr20,302,T/A,True,0.9
253,chr5,68,A/A,True,0.9
254,chr3,1360,C/T,True,0.9
255,chr7,1856,G/T,True,0.9
256,chr22,978,A/A,True,0.9
257,chrY,465,A/A,True,0.9
258,chr9,1098,A/A,True,0.9
259,chr15,840,T/T,True,0.9
260,chr19,1972,G/T,True,0.9
261,chrY,276,T/C,True,0.9
262,chr19,410,C/G,True,0.9
263,chr4,1444,G/C,True,0.9
264,chr11,412,C/G,True,0.9
265,chr22,393,T/T,True,0.9
266,chr5,225,T/C,True,0.9
267,chr13,107,T/A,True,0.9
268,chr19,1675,T/A,True,0.9
269,chr13,677,G/G,True,0.9
270,chr20,1874,T/C,True,0.9
271,chr15,1626,G/C,True,0.9
272,chr22,1342,G/T,True,0.9
273,chr18,1472,G/A,True,0.9
274,chr20,1484,C/A,True,0.9
275,chr14,1418,G/A,True,0.9
276,chr5,1229,G/C,True,0.9
277,chr22,1172,A/T,True,0.9
278,chr20,1297,G/T,True,0.9
279,chr17,1608,T/A,True,0.9
280,chrX,1661,T/G,True,0.9
281,chr7,399,A/C,True,0.9
282,chr15,800,A/T,True,0.9
283,chr2,731,C/C,True,0.9
284,chr22,580,G/G,True,0.9
285,chr4,939,G/G,True,0.9
286,chr9,1714,C/C,True,0.9
287,chr1,392,G/C,True,0.9
288,chr5,1203,A/G,True,0.9
289,chr13,265,A/A,True,0.9
290,chr20,1194,A/C,True,0.9
291,chr9,211,T/C,True,0.9
292,chr9,568,G/T,True,0.9
293,chr4,902,T/G,True,0.9
294,chr9,1902,A/T,True,0.9
295,chr1,1233,C/T,True,0.9
296,chr21,1781,C/G,True,0.9
297,chr10,1900,G/G,True,0.9
298,chr1,1947,G/T,True,0.9
299,chr13,308,A/C,True,0.9
300,chr8,230,C/A,True,0.9
301,chr16,1375,T/A,True,0.9
302,chr3,1585,T/A,True,0.9
303,chr11,1316,A/C,True,0.9
304,chr10,471,T/C,True,0.9
305,chr20,140,T/G,True,0.9
306,chr7,272,T/A,True,0.9
307,chr15,600,G/G,True,0.9
308,chrX,395,T/G,True,0.9
309,chr8,1082,A/G,True,0.9
310,chr12,1572,A/T,True,0.9
311,chr22,165,T/C,True,0.9
312,chr13,849,G/T,True,0.9
313,chr16,483,C/G,True,0.9
314,chrX,1230,T/C,True,0.9
315,chrY,458,T/A,True,0.9
316,chr15,390,G/A,True,0.9
317,chr10,411,A/G,True,0.9
318,chr18,1669,G/A,True,0.9
319,chr18,1735,T/T,True,0.9
320,chr11,1163,A/A,True,0.9
321,chr10,1527,T/G,True,0.9
322,chr1,1950,T/C,True,0.9
323,chr19,919,T/A,True,0.9
324,chrY,1739,C/A,True,0.9
325,chr7,355,T/G,True,0.9
326,chrX,1026,C/T,True,0.9
327,chr20,729,G/T,True,0.9
328,chr2,1806,A/G,True,0.9
329,chr9,1656,G/C,True,0.9
330,chr11,494,G/T,True,0.9
331,chr17,1966,C/G,True,0.9
332,chr3,567,G/A,True,0.9
333,chr18,226,C/T,True,0.9
334,chr3,1043,A/G,True,0.9
335,chr6,360,A/T,True,0.9
336,chr11,827,A/A,True,0.9
337,chr2,1155,C/T,True,0.9
338,chr16,880,A/G,True,0.9
339,chr8,860,T/G,True,0.9
340,chrX,939,T/A,True,0.9
341,chr6,1961,G/A,True,0.9
342,chr6,333,A/G,True,0.9
343,chr2,1106,A/A,True,0.9
344,chrY,1052,A/T,True,0.9
345,chr20,122,T/T,True,0.9
346,chr1,1466,C/T,True,0.9
347,chrY,1672,A/T,True,0.9
348,chr10,1389,G/G,True,0.9
349,chr19,1251,A/T,True,0.9
350,chr3,770,G/C,True,0.9
351,chr8,1693,C/A,True,0.9
352,chr17,1966,C/A,True,0.9
353,chr21,494,T/C,True,0.9
354,chr15,375,G/C,True,0.9
355,chr18,1163,T/G,True,0.9
356,chr8,480,T/A,True,0.9
357,chr18,181,T/A,True,0.9
358,chr18,1989,C/T,True,0.9
359,chr5,976,T/G,True,0.9
360,chrX,1951,T/G,True,0.9
361,chr2,1399,C/A,True,0.9
362,chr12,928,G/G,True,0.9
363,chr13,1442,C/C,True,0.9
364,chr18,1337,G/T,True,0.9
365,chr22,444,T/G,True,0.9
366,chr17,1241,C/A,True,0.9
367,chr4,679,G/G,True,0.9
368,chr17,1599,T/T,True,0.9
369,chr7,1407,C/A,True,0.9
370,chr4,298,A/T,True,0.9
371,chr8,771,C/G,True,0.9
372,chrX,1014,T/G,True,0.9
373,chr11,1589,T/C,True,0.9
374,chr13,246,A/A,True,0.9
375,chrY,372,G/C,True,0.9
376,chrY,1430,T/A,True,0.9
377,chr3,1639,G/A,True,0.9
378,chr18,255,T/G,True,0.9
379,chr6,1128,A/A,True,0.9
380,chr3,1899,T/C,True,0.9
381,chr20,1270,A/A,True,0.9
382,chr1,510,G/C,True,0.9
383,chr1,266,A/T,True,0.9
384,chr4,1421,G/G,True,0.9
385,chr20,667,T/G,True,0.9
386,chr2,367,A/T,True,0.9
387,chr19,934,A/T,True,0.9
388,chr9,49,C/C,True,0.9
389,chr16,365,T/A,True,0.9
390,chr5,1841,T/G,True,0.9
391,chr16,1926,A/G,True,0.9
392,chr7,1195,A/G,True,0.9
393,chr11,815,A/G,True,0.9
394,chr1,787,C/C,True,0.9
395,chr8,950,T/C,True,0.9
396,chr16,241,G/C,True,0.9
397,chr5,1988,G/C,True,0.9
398,chr1,1271,G/A,True,0.9
399,chr14,1523,A/C,True,0.9
400,chr10,787,T/T,True,0.9
401,chrX,1991,C/G,True,0.9
402,chr21,1076,C/G,True,0.9
403,chr2,555,T/G,True,0.9
404,chr22,1007,G/A,True,0.9
405,chr8,583,A/T,True,0.9
406,chr1,1899,C/C,True,0.9
407,chr22,1298,G/G,True,0.9
408,chr5,311,G/C,True,0.9
409,chrY,498,G/G,True,0.9
410,chr12,1205,G/G,True,0.9
411,chr18,1529,C/G,True,0.9
412,chr10,1620,C/C,True,0.9
413,chrY,1275,A/A,True,0.9
414,chr4,447,T/T,True,0.9
415,chr7,275,T/G,True,0.9
416,chrY,1217,A/T,True,0.9
417,chrY,39,A/C,True,0.9
418,chr1,249,A/C,True,0.9
419,chr18,1467,G/A,True,0.9
420,chr18,1061,C/C,True,0.9
421,chr13,1019,C/A,True,0.9
422,chr16,31,C/T,True,0.9
423,chr15,1667,T/C,True,0.9
424,chr21,1091,A/G,True,0.9
425,chr9,468,A/C,True,0.9
426,chr19,515,T/C,True,0.9
427,chr21,26,T/A,True,0.9
428,chr10,801,A/C,True,0.9
429,chr17,558,A/A,True,0.9
430,chr16,1395,C/G,True,0.9
431,chr16,1352,G/A,True,0.9
432,chrX,234,G/A,True,0.9
433,chr6,228,G/A,True,0.9
434,chr3,1931,C/G,True,0.9
435,chr6,1876,C/C,True,0.9
436,chr3,414,A/C,True,0.9
437,chr10,1231,A/C,True,0.9
438,chr11,1415,A/C,True,0.9
439,chr13,631,T/A,True,0.9
440,chr1,954,T/G,True,0.9
441,chr2,1036,A/G,True,0.9
442,chr12,84,A/T,True,0.9
443,chrX,200,T/C,True,0.9
444,chr9,1828,T/C,True,0.9
445,chr4,1474,A/T,True,0.9
446,chrX,1033,C/T,True,0.9
447,chr13,1253,T/A,True,0.9
448,chr5,1143,T/T,True,0.9
449,chr14,1534,G/C,True,0.9
450,chr6,1446,C/A,True,0.9
451,chr12,361,G/A,True,0.9
452,chr8,1649,T/C,True,0.9
453,chr12,241,G/A,True,0.9
454,chr10,1836,C/T,True,0.9
455,chr14,1467,C/A,True,0.9
456,chr16,647,A/A,True,0.9
457,chr13,1111,T/T,True,0.9
458,chr4,1527,C/A,True,0.9
459,chr9,965,G/G,True,0.9
460,chr14,1266,C/T,True,0.9
461,chr2,98,G/C,True,0.9
462,chr8,1244,A/A,True,0.9
463,chr17,759,A/T,True,0.9
464,chr2,539,G/C,True,0.9
465,chr17,1685,A/C,True,0.9
466,chr12,31,A/T,True,0.9
467,chr20,637,T/C,True,0.9
468,chr3,1481,T/A,True,0.9
469,chr22,86,C/A,True,0.9
470,chr21,706,C/C,True,0.9
471,chr16,1217,T/G,True,0.9
472,chr22,1815,A/C,True,0.9
473,chr13,1114,G/A,True,0.9
474,chr8,655,C/T,True,0.9
475,chr20,13,A/T,True,0.9
476,chr8,1059,C/C,True,0.9
477,chr20,1422,C/G,True,0.9
478,chr7,1623,G/C,True,0.9
479,chr11,579,G/T,True,0.9
480,chr14,327,T/A,True,0.9
481,chr13,189,G/T,True,0.9
482,chr9,1574,T/C,True,0.9
483,chr3,502,A/A,True,0.9
484,chr22,1590,A/C,True,0.9
485,chr3,1046,G/A,True,0.9
486,chr5,893,C/T,True,0.9
487,chr11,1613,G/C,True,0.9
488,chr8,1276,A/T,True,0.9
489,chr22,1419,T/A,True,0.9
490,chr21,1602,G/C,True,0.9
491,chrY,618,C/C,True,0.9
492,chr11,1987,T/T,True,0.9
493,chr1,818,A/G,True,0.9
494,chr15,1966,T/T,True,0.9
495,chr6,308,C/T,True,0.9
496,chr12,237,A/G,True,0.9
497,chrX,364,C/C,True,0.9
498,chr17,10,A/A,True,0.9
499,chr15,392,G/C,True,0.9
