,CHROMOSOME,pos,mut,is_ok,approved_ratio
0,chr18,1597,G/A,True,0.9
1,chr19,249,T/G,True,0.9
2,chr17,91,G/G,True,0.9
3,chr17,1854,G/A,True,0.9
4,chr4,1695,A/T,True,0.9
5,chr2,501,C/T,True,0.9
6,chrX,1095,T/G,True,0.9
7,chr11,1748,C/A,True,0.9
8,chr6,1831,G/G,True,0.9
9,chr16,100,G/T,True,0.9
10,chr16,308,A/G,True,0.9
11,chr7,1821,G/C,True,0.9
12,chr4,1796,A/C,True,0.9
13,chr21,1195,C/C,True,0.9
14,chr4,972,G/C,True,0.9
15,chr3,382,G/T,True,0.9
16,chrY,852,C/T,True,0.9
17,chrY,809,T/G,True,0.9
18,chrY,1261,A/C,True,0.9
19,chr14,154,G/G,True,0.9
20,chr22,1804,G/C,True,0.9
21,chr7,401,C/A,True,0.9
22,chr17,238,G/A,True,0.9
23,chr16,1572,G/A,True,0.9
24,chr14,1599,C/G,True,0.9
25,chr3,200,G/A,True,0.9
26,chr11,1259,A/T,True,0.9
27,chr6,1346,A/C,True,0.9
28,chr7,1540,G/G,True,0.9
29,chr22,1533,A/G,True,0.9
30,chr6,1644,T/A,True,0.9
31,chr15,1846,C/G,True,0.9
32,chr6,1710,C/A,True,0.9
33,chr7,1361,C/T,True,0.9
34,chr7,889,G/C,True,0.9
35,chr10,1176,C/G,True,0.9
36,chr15,569,G/T,True,0.9
37,chrY,650,T/T,True,0.9
38,chr14,819,A/G,True,0.9
39,chr14,212,C/T,True,0.9
40,chr19,70,T/C,True,0.9
41,chr4,1506,A/G,True,0.9
42,chr8,1589,T/A,True,0.9
43,chr7,1849,A/T,True,0.9
44,chr20,626,G/C,True,0.9
45,chr12,766,A/C,True,0.9
46,chr19,420,C/A,True,0.9
47,chr11,1971,C/T,True,0.9
48,chr5,984,G/A,True,0.9
49,chr15,737,T/G,True,0.9
50,chrY,123,G/C,True,0.9
51,chr4,836,T/A,True,0.9
52,chr14,532,A/G,True,0.9
53,chrY,1935,C/G,True,0.9
54,chr9,233,C/G,True,0.9
55,chrY,588,A/C,True,0.9
56,chr13,839,C/T,True,0.9
57,chr16,905,G/A,True,0.9
58,chrX,1943,A/C,True,0.9
59,chrY,1638,A/A,True,0.9
60,chr16,1246,T/C,True,0.9
61,chr18,608,T/C,True,0.9
62,chr15,1354,G/G,True,0.9
63,chr4,693,A/T,True,0.9
64,chr12,221,T/A,True,0.9
65,chr22,201,T/G,True,0.9
66,chrY,782,G/C,True,0.9
67,chr1,26,A/A,True,0.9
68,chr11,136,G/G,True,0.9
69,chr14,400,C/A,True,0.9
70,chr12,1247,A/G,True,0.9
71,chr10,1942,G/T,True,0.9
72,chr13,1629,G/A,True,0.9
73,chr7,227,A/A,True,0.9
74,chr5,666,T/G,True,0.9
75,chr16,1766,C/T,True,0.9
76,chr6,1398,A/A,True,0.9
77,chr12,1214,A/C,True,0.9
78,chr2,349,T/G,True,0.9
79,chr4,487,A/G,True,0.9
80,chr16,1372,G/A,True,0.9
81,chr1,986,C/T,True,0.9
82,chr2,1802,G/T,True,0.9
83,chr4,1270,A/T,True,0.9
84,chr6,365,G/T,True,0.9
85,chr8,1532,A/G,True,0.9
86,chr7,434,C/T,True,0.9
87,chr4,1314,A/G,True,0.9
88,chr6,589,T/C,True,0.9
89,chr11,102,C/T,True,0.9
90,chrX,1954,T/A,True,0.9
91,chr5,1965,G/A,True,0.9
92,chr14,821,C/G,True,0.9
93,chr1,256,A/A,True,0.9
94,chrX,842,C/T,True,0.9
95,chr6,1012,A/T,True,0.9
96,chr5,1392,G/C,True,0.9
97,chr22,406,G/C,True,0.9
98,chr13,709,A/A,True,0.9
99,chr13,1345,A/C,True,0.9
100,chr20,1768,G/G,True,0.9
101,chr9,654,A/T,True,0.9
102,chr6,565,T/G,True,0.9
103,chr20,1746,G/G,True,0.9
104,chr6,1265,C/C,True,0.9
105,chr13,1582,G/C,True,0.9
106,chr4,829,G/T,True,0.9
107,chr16,922,A/C,True,0.9
108,chr6,1474,G/T,True,0.9
109,chr17,60,C/A,True,0.9
110,chrX,842,T/T,True,0.9
111,chr16,884,A/G,True,0.9
112,chr12,945,A/T,True,0.9
113,chr18,812,C/T,True,0.9
114,chr21,1034,A/T,True,0.9
115,chr7,1534,G/T,True,0.9
116,chr11,744,A/A,True,0.9
117,chr3,1781,T/C,True,0.9
118,chr7,1292,C/A,True,0.9
119,chr21,848,G/A,True,0.9
120,chr11,141,C/C,True,0.9
121,chr11,57,C/G,True,0.9
122,chr22,1291,T/G,True,0.9
123,chr16,577,T/T,True,0.9
124,chr13,1924,C/T,True,0.9
125,chr2,699,G/G,True,0.9
126,chr18,1453,A/A,True,0.9
127,chr10,1685,G/T,True,0.9
128,chr19,1538,A/C,True,0.9
129,chr17,1887,C/C,True,0.9
130,chr8,1843,A/G,True,0.9
131,chr14,1831,A/T,True,0.9
132,chr21,166,T/A,True,0.9
133,chr9,1849,A/G,True,0.9
134,chr5,1587,T/T,True,0.9
135,chr7,1550,C/G,True,0.9
136,chr4,1914,G/G,True,0.9
137,chr13,1407,A/T,True,0.9
138,chr3,157,T/C,True,0.9
139,chr21,424,G/A,True,0.9
140,chr19,88,T/T,True,0.9
141,chr15,108,T/G,True,0.9
142,chr5,910,C/A,True,0.9
143,chr13,1416,T/G,True,0.9
144,chr14,1609,C/G,True,0.9
145,chr1,1416,C/A,True,0.9
146,chr9,1629,C/C,True,0.9
147,chr10,1404,C/G,True,0.9
148,chr1,394,T/C,True,0.9
149,chr14,458,T/T,True,0.9
150,chr17,566,C/C,True,0.9
151,chr19,427,C/G,True,0.9
152,chr11,1380,A/G,True,0.9
153,chr10,1722,A/C,True,0.9
154,chr20,369,A/C,True,0.9
155,chr14,1378,G/A,True,0.9
156,chr14,1054,G/C,True,0.9
157,chr1,525,A/G,True,0.9
158,chr8,1719,A/A,True,0.9
159,chr8,525,A/C,True,0.9
160,chr7,630,A/C,True,0.9
161,chr2,1724,C/C,True,0.9
162,chr5,1551,C/G,True,0.9
163,chr11,384,C/A,True,0.9
164,chr11,1335,T/G,True,0.9
165,chr7,580,G/T,True,0.9
166,chr6,683,C/G,True,0.9
167,chr22,179,T/G,True,0.9
168,chr9,1707,C/A,True,0.9
169,chr15,1215,G/A,True,0.9
170,chr13,1407,T/G,True,0.9
171,chr19,152,C/C,True,0.9
172,chr2,104,C/C,True,0.9
173,chr13,267,T/G,True,0.9
174,chr11,798,G/G,True,0.9
175,chr3,280,G/C,True,0.9
176,chr2,385,G/T,True,0.9
177,chr10,1288,C/T,True,0.9
178,chr4,1321,A/G,True,0.9
179,chrX,532,T/G,True,0.9
180,chr8,1447,G/G,True,0.9
181,chr16,1293,A/G,True,0.9
182,chr14,1297,T/A,True,0.9
183,chr3,1553,T/T,True,0.9
184,chr13,1795,G/T,True,0.9
185,chr18,371,G/G,True,0.9
186,chr7,1401,T/A,True,0.9
187,chr21,1169,T/A,True,0.9
188,chr14,780,A/A,True,0.9
189,chr20,1442,C/G,True,0.9
190,chr11,510,T/G,True,0.9
191,chr21,679,G/C,True,0.9
192,chr6,500,G/G,True,0.9
193,chrY,412,A/A,True,0.9
194,chr7,1146,T/T,True,0.9
195,chr14,51,A/A,True,0.9
196,chr3,1249,T/C,True,0.9
197,chr19,293,G/G,True,0.9
198,chr16,1695,C/A,True,0.9
199,chr9,1962,T/C,True,0.9
200,chr6,543,A/A,True,0.9
201,chr14,1117,A/T,True,0.9
202,chr21,300,G/G,True,0.9
203,chr4,825,A/A,True,0.9
204,chr10,460,C/G,True,0.9
205,chr14,233,T/T,True,0.9
206,chr8,1725,T/T,True,0.9
207,chrY,1149,C/A,True,0.9
208,chr22,1199,G/A,True,0.9
209,chr1,1891,C/A,True,0.9
210,chr9,219,T/A,True,0.9
211,chr5,797,C/G,True,0.9
212,chr13,1056,T/C,True,0.9
213,chr6,115,C/C,True,0.9
214,chr2,1630,T/T,True,0.9
215,chr7,1672,C/T,True,0.9
216,chrX,368,C/C,True,0.9
217,chr2,459,C/G,True,0.9
218,chr13,1421,A/G,True,0.9
219,chr4,1703,G/A,True,0.9
220,chr1,841,A/A,True,0.9
221,chr4,1699,A/C,True,0.9
222,chr16,387,C/C,True,0.9
223,chr19,1423,C/G,True,0.9
224,chr20,1919,C/G,True,0.9
225,chr18,1368,A/C,True,0.9
226,chr15,1477,C/T,True,0.9
227,chr16,698,A/A,True,0.9
228,chrX,1493,T/A,True,0.9
229,chr21,1869,G/G,True,0.9
230,chr17,31,C/T,True,0.9
231,chr15,80,A/T,True,0.9
232,chr7,685,G/C,True,0.9
233,chr7,1864,T/A,True,0.9
234,chr19,1025,T/T,True,0.9
235,chr2,371,T/C,True,0.9
236,chr5,1466,A/G,True,0.9
237,chr10,1584,T/T,True,0.9
238,chr20,1836,T/T,True,0.9
239,chrX,576,T/C,True,0.9
240,chr17,1495,C/C,True,0.9
241,chr20,302,T/A,True,0.9
242,chr18,204,C/C,True,0.9
243,chr3,1360,C/T,True,0.9
244,chr6,1588,A/G,True,0.9
245,chr4,1768,C/T,True,0.9
246,chr12,947,T/C,True,0.9
247,chr4,80,G/A,True,0.9
248,chr3,1874,C/C,True,0.9
249,chr3,1340,G/A,True,0.9
250,chr15,840,T/T,True,0.9
251,chr16,310,G/G,True,0.9
252,chr7,964,G/T,True,0.9
253,chrY,1687,T/T,True,0.9
254,chr7,1671,T/A,True,0.9
255,chr16,1543,A/G,True,0.9
256,chr22,393,T/T,True,0.9
257,chr21,820,C/A,True,0.9
258,chr5,225,T/C,True,0.9
259,chr7,1582,A/T,True,0.9
260,chr13,107,T/A,True,0.9
261,chr12,656,T/A,True,0.9
262,chr2,1665,A/A,True,0.9
263,chr17,1123,T/C,True,0.9
264,chr18,1472,G/A,True,0.9
265,chr4,1022,C/T,True,0.9
266,chr5,17,A/T,True,0.9
267,chr5,1229,G/C,True,0.9
268,chr16,726,G/T,True,0.9
269,chr7,1586,A/C,True,0.9
270,chr7,878,G/C,True,0.9
271,chr18,51,C/T,True,0.9
272,chrX,749,C/A,True,0.9
273,chr17,1995,G/C,True,0.9
274,chr16,1168,G/T,True,0.9
275,chr6,129,T/T,True,0.9
276,chr7,399,A/C,True,0.9
277,chr9,1793,C/C,True,0.9
278,chr2,731,C/C,True,0.9
279,chr14,1715,T/G,True,0.9
280,chr13,265,A/A,True,0.9
281,chr14,1307,T/A,True,0.9
282,chr9,211,T/C,True,0.9
283,chr7,292,G/G,True,0.9
284,chr9,568,G/T,True,0.9
285,chr12,1669,T/A,True,0.9
286,chrX,337,C/C,True,0.9
287,chr1,1233,C/T,True,0.9
288,chr14,165,T/A,True,0.9
289,chr1,1947,G/T,True,0.9
290,chr13,308,A/C,True,0.9
291,chr7,1447,A/G,True,0.9
292,chr8,230,C/A,True,0.9
293,chr9,329,A/A,True,0.9
294,chr16,1375,T/A,True,0.9
295,chr3,1585,T/A,True,0.9
296,chrY,1475,G/C,True,0.9
297,chrX,324,A/A,True,0.9
298,chr21,806,A/G,True,0.9
299,chr7,120,A/A,True,0.9
300,chr1,497,C/A,True,0.9
301,chr14,1035,A/A,True,0.9
302,chr15,600,G/G,True,0.9
303,chr1,459,G/G,True,0.9
304,chr17,1704,A/C,True,0.9
305,chr19,1889,G/C,True,0.9
306,chr14,825,A/C,True,0.9
307,chr10,1587,A/G,True,0.9
308,chr10,1297,C/A,True,0.9
309,chr3,1172,C/G,True,0.9
310,chr5,1267,A/T,True,0.9
311,chr19,449,T/T,True,0.9
312,chr4,1028,A/T,True,0.9
313,chr2,1981,C/G,True,0.9
314,chr11,1163,A/A,True,0.9
315,chr10,1527,T/G,True,0.9
316,chr12,762,A/T,True,0.9
317,chr19,919,T/A,True,0.9
318,chr10,823,T/A,True,0.9
319,chr17,1001,G/A,True,0.9
320,chrY,1739,C/A,True,0.9
321,chr1,1435,T/T,True,0.9
322,chr7,1683,G/G,True,0.9
323,chr12,76,T/T,True,0.9
324,chr2,1806,A/G,True,0.9
325,chr3,913,G/A,True,0.9
326,chr21,1697,G/T,True,0.9
327,chr11,494,G/T,True,0.9
328,chr12,284,G/T,True,0.9
329,chr14,1227,C/C,True,0.9
330,chr17,1966,C/G,True,0.9
331,chr6,1067,C/C,True,0.9
332,chrX,246,G/C,True,0.9
333,chr4,1151,T/C,True,0.9
334,chr20,1578,C/A,True,0.9
335,chr2,1155,C/T,True,0.9
336,chrY,973,G/A,True,0.9
337,chr6,1961,G/A,True,0.9
338,chr4,873,T/A,True,0.9
339,chr1,954,A/A,True,0.9
340,chr20,122,T/T,True,0.9
341,chr1,1466,C/T,True,0.9
342,chr20,1512,C/A,True,0.9
343,chr17,833,A/T,True,0.9
344,chr11,947,A/T,True,0.9
345,chr22,1261,T/A,True,0.9
346,chr3,351,A/C,True,0.9
347,chr3,165,G/G,True,0.9
348,chr18,1163,T/G,True,0.9
349,chr8,480,T/A,True,0.9
350,chrX,1701,C/C,True,0.9
351,chrY,1636,C/T,True,0.9
352,chr20,129,T/G,True,0.9
353,chr19,1981,A/G,True,0.9
354,chr21,1518,G/G,True,0.9
355,chr10,1557,G/G,True,0.9
356,chr18,1989,C/T,True,0.9
357,chr16,520,G/A,True,0.9
358,chr5,976,T/G,True,0.9
359,chr1,1369,G/C,True,0.9
360,chrX,1951,T/G,True,0.9
361,chr9,662,T/C,True,0.9
362,chrX,173,A/T,True,0.9
363,chr12,928,G/G,True,0.9
364,chr17,1241,C/A,True,0.9
365,chr9,136,C/C,True,0.9
366,chr7,1407,C/A,True,0.9
367,chr4,298,A/T,True,0.9
368,chr19,1643,T/T,True,0.9
369,chr17,572,T/A,True,0.9
370,chr8,771,C/G,True,0.9
371,chrX,1014,T/G,True,0.9
372,chr11,1589,T/C,True,0.9
373,chr16,76,G/C,True,0.9
374,chr19,264,A/C,True,0.9
375,chr9,1363,A/C,True,0.9
376,chr18,1750,T/A,True,0.9
377,chr3,323,G/C,True,0.9
378,chr18,255,T/G,True,0.9
379,chr3,1899,T/C,True,0.9
380,chr2,1848,C/A,True,0.9
381,chr20,1270,A/A,True,0.9
382,chr1,266,A/T,True,0.9
383,chr9,1029,G/G,True,0.9
384,chr20,1731,A/G,True,0.9
385,chr11,1419,T/T,True,0.9
386,chr19,934,A/T,True,0.9
387,chr19,1458,G/G,True,0.9
388,chr8,1628,C/G,True,0.9
389,chr5,1841,T/G,True,0.9
390,chr10,1914,A/A,True,0.9
391,chr7,1327,T/T,True,0.9
392,chr9,1241,C/C,True,0.9
393,chr7,1195,A/G,True,0.9
394,chr11,815,A/G,True,0.9
395,chr13,1365,C/C,True,0.9
396,chr4,1381,C/A,True,0.9
397,chr8,1684,C/T,True,0.9
398,chr15,362,G/T,True,0.9
399,chr16,241,G/C,True,0.9
400,chr1,1271,G/A,True,0.9
401,chr10,787,T/T,True,0.9
402,chr7,784,A/T,True,0.9
403,chr21,998,T/A,True,0.9
404,chr1,1899,C/C,True,0.9
405,chrY,498,G/G,True,0.9
406,chr15,724,A/C,True,0.9
407,chr5,666,A/T,True,0.9
408,chr12,230,C/G,True,0.9
409,chr10,1620,C/C,True,0.9
410,chrY,1275,A/A,True,0.9
411,chr7,275,T/G,True,0.9
412,chr22,581,G/A,True,0.9
413,chr16,740,G/C,True,0.9
414,chr6,1720,C/C,True,0.9
415,chr15,587,G/T,True,0.9
416,chr6,1857,G/C,True,0.9
417,chr1,1727,A/C,True,0.9
418,chrY,1062,G/T,True,0.9
419,chr21,1091,A/G,True,0.9
420,chr10,189,A/T,True,0.9
421,chr18,77,T/C,True,0.9
422,chr10,801,A/C,True,0.9
423,chr1,570,A/T,True,0.9
424,chr18,110,G/C,True,0.9
425,chr6,228,G/A,True,0.9
426,chr1,857,C/T,True,0.9
427,chr17,1710,G/T,True,0.9
428,chrY,1617,T/T,True,0.9
429,chr7,1158,A/A,True,0.9
430,chr13,1749,T/A,True,0.9
431,chr3,917,A/A,True,0.9
432,chr5,1031,G/G,True,0.9
433,chr13,631,T/A,True,0.9
434,chr17,1226,G/C,True,0.9
435,chr12,236,A/G,True,0.9
436,chr4,1687,A/C,True,0.9
437,chr7,492,T/T,True,0.9
438,chr4,1690,A/G,True,0.9
439,chr4,1474,A/T,True,0.9
440,chrY,1909,T/A,True,0.9
441,chr21,1913,C/A,True,0.9
442,chr5,1143,T/T,True,0.9
443,chr3,1519,T/G,True,0.9
444,chr8,1805,T/T,True,0.9
445,chr18,1776,G/T,True,0.9
446,chrX,1438,T/A,True,0.9
447,chr22,1554,G/C,True,0.9
448,chr11,1226,A/T,True,0.9
449,chr15,150,A/C,True,0.9
450,chr11,408,T/T,True,0.9
451,chr8,1649,T/C,True,0.9
452,chr10,1836,C/T,True,0.9
453,chr3,70,C/G,True,0.9
454,chr16,647,A/A,True,0.9
455,chr16,338,C/C,True,0.9
456,chr9,965,G/G,True,0.9
457,chr6,614,T/A,True,0.9
458,chr2,1755,T/G,True,0.9
459,chr12,1615,A/T,True,0.9
460,chr10,1624,A/A,True,0.9
461,chr20,1090,G/T,True,0.9
462,chr12,720,A/C,True,0.9
463,chr12,31,A/T,True,0.9
464,chr22,86,C/A,True,0.9
465,chr14,1957,T/C,True,0.9
466,chr8,239,G/G,True,0.9
467,chrY,1065,A/C,True,0.9
468,chr10,1921,T/A,True,0.9
469,chr19,597,G/G,True,0.9
470,chr10,1300,G/T,True,0.9
471,chr13,1088,G/C,True,0.9
472,chr20,216,C/A,True,0.9
473,chr3,502,A/A,True,0.9
474,chr17,1899,T/G,True,0.9
475,chr17,62,C/T,True,0.9
476,chrY,354,T/A,True,0.9
477,chr16,72,C/T,True,0.9
478,chr8,1276,A/T,True,0.9
479,chr7,1166,C/G,True,0.9
480,chr11,1987,T/T,True,0.9
481,chr22,268,T/G,True,0.9
482,chr8,815,T/G,True,0.9
483,chr15,68,G/G,True,0.9
484,chr12,778,A/A,True,0.9
485,chr15,1966,T/T,True,0.9
486,chr12,237,A/G,True,0.9
487,chr12,1987,C/A,True,0.9
488,chr9,710,C/T,True,0.9
489,chrX,364,C/C,True,0.9
490,chr1,64,C/A,True,0.9
