,CHROMOSOME,pos,mut,is_ok,approved_ratio
0,chr5,615,G/A,True,0.9
1,chr19,29,A/A,True,0.9
2,chr7,1170,A/C,True,0.9
3,chr7,1960,G/T,True,0.9
4,chr15,1760,T/G,True,0.9
5,chr11,1682,G/A,True,0.9
6,chr2,501,C/T,True,0.9
7,chr19,1330,A/C,True,0.9
8,chr11,1748,C/A,True,0.9
9,chr7,430,G/T,True,0.9
10,chr1,8,G/T,True,0.9
11,chrX,395,T/A,True,0.9
12,chr16,308,A/G,True,0.9
13,chr13,511,C/T,True,0.9
14,chr7,1821,G/C,True,0.9
15,chr21,532,G/T,True,0.9
16,chr21,361,G/C,True,0.9
17,chr7,1632,T/C,True,0.9
18,chr4,1464,C/T,True,0.9
19,chr6,1137,G/C,True,0.9
20,chr14,1900,C/C,True,0.9
21,chr22,1804,G/C,True,0.9
22,chr14,215,A/T,True,0.9
23,chrX,1815,A/C,True,0.9
24,chr8,630,C/G,True,0.9
25,chr16,1572,G/A,True,0.9
26,chr9,142,T/T,True,0.9
27,chr18,81,G/T,True,0.9
28,chr1,1068,A/C,True,0.9
29,chr1,1206,A/T,True,0.9
30,chr7,1540,G/G,True,0.9
31,chr13,1976,T/G,True,0.9
32,chr19,1840,G/G,True,0.9
33,chr21,600,T/T,True,0.9
34,chr22,1533,A/G,True,0.9
35,chrY,1859,T/C,True,0.9
36,chrY,1230,A/G,True,0.9
37,chr11,1642,T/C,True,0.9
38,chr6,1710,C/A,True,0.9
39,chr10,1176,C/G,True,0.9
40,chrX,1495,G/T,True,0.9
41,chr17,1347,C/C,True,0.9
42,chr5,1016,C/T,True,0.9
43,chr21,1523,G/C,True,0.9
44,chr10,609,A/T,True,0.9
45,chr16,1883,C/C,True,0.9
46,chr9,1227,T/G,True,0.9
47,chr12,766,A/C,True,0.9
48,chr19,420,C/A,True,0.9
49,chrY,123,G/C,True,0.9
50,chr9,456,C/A,True,0.9
51,chr4,1554,T/C,True,0.9
52,chr2,1902,C/T,True,0.9
53,chr20,1300,C/T,True,0.9
54,chr13,839,C/T,True,0.9
55,chr11,477,A/C,True,0.9
56,chr18,1962,C/A,True,0.9
57,chr12,1577,G/C,True,0.9
58,chr16,1246,T/C,True,0.9
59,chr8,1697,G/A,True,0.9
60,chr12,221,T/A,True,0.9
61,chrY,782,G/C,True,0.9
62,chrY,509,T/T,True,0.9
63,chr19,1433,G/G,True,0.9
64,chrY,1669,C/A,True,0.9
65,chr5,938,T/C,True,0.9
66,chr5,1033,A/G,True,0.9
67,chr13,1629,G/A,True,0.9
68,chr19,260,C/A,True,0.9
69,chr4,32,C/G,True,0.9
70,chr22,536,T/T,True,0.9
71,chr21,846,A/T,True,0.9
72,chr16,1766,C/T,True,0.9
73,chr6,1398,A/A,True,0.9
74,chr12,1214,A/C,True,0.9
75,chr1,986,C/T,True,0.9
76,chr10,37,A/T,True,0.9
77,chr22,74,T/T,True,0.9
78,chr4,1270,A/T,True,0.9
79,chr8,72,T/A,True,0.9
80,chr12,509,T/T,True,0.9
81,chr6,365,G/T,True,0.9
82,chr8,1532,A/G,True,0.9
83,chr12,1673,T/C,True,0.9
84,chr4,1314,A/G,True,0.9
85,chr1,659,G/C,True,0.9
86,chr6,589,T/C,True,0.9
87,chr2,1440,G/G,True,0.9
88,chr4,303,A/C,True,0.9
89,chr10,1898,G/T,True,0.9
90,chr16,585,A/C,True,0.9
91,chr11,102,C/T,True,0.9
92,chr18,99,G/C,True,0.9
93,chr5,1965,G/A,True,0.9
94,chr1,1429,T/C,True,0.9
95,chr5,1818,A/G,True,0.9
96,chrX,842,C/T,True,0.9
97,chr1,1914,G/T,True,0.9
98,chr2,1108,C/C,True,0.9
99,chr9,1187,A/T,True,0.9
100,chr12,1692,C/G,True,0.9
101,chr5,668,A/T,True,0.9
102,chr20,879,G/C,True,0.9
103,chrY,1149,G/T,True,0.9
104,chr13,1345,A/C,True,0.9
105,chr6,565,T/G,True,0.9
106,chr15,838,C/G,True,0.9
107,chr19,568,T/G,True,0.9
108,chr16,420,T/T,True,0.9
109,chr6,1265,C/C,True,0.9
110,chr13,1508,G/A,True,0.9
111,chr14,814,T/C,True,0.9
112,chr18,915,C/G,True,0.9
113,chr1,1633,G/G,True,0.9
114,chr16,922,A/C,True,0.9
115,chr11,165,A/G,True,0.9
116,chr22,35,C/G,True,0.9
117,chrX,842,T/T,True,0.9
118,chr16,884,A/G,True,0.9
119,chr12,945,A/T,True,0.9
120,chr15,385,C/T,True,0.9
121,chr18,623,T/C,True,0.9
122,chr3,520,A/A,True,0.9
123,chr2,1487,G/T,True,0.9
124,chr21,128,A/A,True,0.9
125,chr14,726,C/A,True,0.9
126,chr1,765,C/A,True,0.9
127,chr18,812,A/A,True,0.9
128,chr15,1986,A/C,True,0.9
129,chr16,577,T/T,True,0.9
130,chr18,1453,A/A,True,0.9
131,chr21,471,C/A,True,0.9
132,chr6,279,T/C,True,0.9
133,chr17,1887,C/C,True,0.9
134,chr8,1843,A/G,True,0.9
135,chr14,1831,A/T,True,0.9
136,chr5,1587,T/T,True,0.9
137,chr12,1070,T/G,True,0.9
138,chr11,1346,G/G,True,0.9
139,chr7,1550,C/G,True,0.9
140,chr13,1407,A/T,True,0.9
141,chr3,157,T/C,True,0.9
142,chr21,424,G/A,True,0.9
143,chr2,1786,C/A,True,0.9
144,chr19,88,T/T,True,0.9
145,chr15,108,T/G,True,0.9
146,chr12,876,C/G,True,0.9
147,chr13,1620,G/C,True,0.9
148,chr14,1609,C/G,True,0.9
149,chr1,1416,C/A,True,0.9
150,chr1,394,T/C,True,0.9
151,chr7,658,C/G,True,0.9
152,chr18,1697,T/G,True,0.9
153,chr17,566,C/C,True,0.9
154,chr21,1454,G/C,True,0.9
155,chr19,427,C/G,True,0.9
156,chr20,369,A/C,True,0.9
157,chr5,2,A/G,True,0.9
158,chr11,1716,T/T,True,0.9
159,chr1,1007,A/T,True,0.9
160,chr14,1378,G/A,True,0.9
161,chr1,525,A/G,True,0.9
162,chrY,351,T/A,True,0.9
163,chr11,1605,G/T,True,0.9
164,chr5,644,C/G,True,0.9
165,chr6,350,C/A,True,0.9
166,chr2,1724,C/C,True,0.9
167,chr11,1335,T/G,True,0.9
168,chr7,580,G/T,True,0.9
169,chr3,1934,A/G,True,0.9
170,chr22,413,G/C,True,0.9
171,chr16,1605,A/C,True,0.9
172,chr9,1707,C/A,True,0.9
173,chr13,1407,T/G,True,0.9
174,chr19,152,C/C,True,0.9
175,chr11,798,G/G,True,0.9
176,chr2,385,G/T,True,0.9
177,chr8,1447,G/G,True,0.9
178,chr16,1293,A/G,True,0.9
179,chr2,658,G/A,True,0.9
180,chr3,1553,T/T,True,0.9
181,chr11,534,G/T,True,0.9
182,chr5,647,G/G,True,0.9
183,chr13,663,A/A,True,0.9
184,chr21,1169,T/A,True,0.9
185,chr20,1897,T/A,True,0.9
186,chr20,1442,C/G,True,0.9
187,chr4,1955,G/T,True,0.9
188,chr13,653,A/C,True,0.9
189,chr6,500,G/G,True,0.9
190,chr7,1146,T/T,True,0.9
191,chr14,1956,G/T,True,0.9
192,chr3,1249,T/C,True,0.9
193,chr16,1695,C/A,True,0.9
194,chr8,698,G/G,True,0.9
195,chr6,543,A/A,True,0.9
196,chr15,349,G/T,True,0.9
197,chr21,300,G/G,True,0.9
198,chr19,1174,G/A,True,0.9
199,chr4,1854,G/A,True,0.9
200,chr8,1546,A/T,True,0.9
201,chr18,762,G/A,True,0.9
202,chr9,612,T/C,True,0.9
203,chr19,12,A/C,True,0.9
204,chr15,1360,A/G,True,0.9
205,chr6,63,C/A,True,0.9
206,chr5,1245,C/G,True,0.9
207,chr8,1725,T/T,True,0.9
208,chr7,37,C/G,True,0.9
209,chr22,1239,T/A,True,0.9
210,chr5,1887,G/A,True,0.9
211,chr22,1199,G/A,True,0.9
212,chr1,93,T/T,True,0.9
213,chr5,797,C/G,True,0.9
214,chr2,495,A/G,True,0.9
215,chr13,1056,T/C,True,0.9
216,chr1,326,A/G,True,0.9
217,chr8,1284,T/A,True,0.9
218,chrX,1409,T/T,True,0.9
219,chr11,822,A/T,True,0.9
220,chr7,1672,C/T,True,0.9
221,chr3,1785,G/T,True,0.9
222,chr19,1360,C/T,True,0.9
223,chr10,1701,G/T,True,0.9
224,chr12,1234,C/T,True,0.9
225,chr17,540,C/G,True,0.9
226,chr2,1039,G/G,True,0.9
227,chr13,1798,C/T,True,0.9
228,chr7,250,A/A,True,0.9
229,chr15,1673,C/G,True,0.9
230,chr19,1423,C/G,True,0.9
231,chr18,1368,A/C,True,0.9
232,chr7,805,G/A,True,0.9
233,chr2,1956,C/G,True,0.9
234,chrX,1493,T/A,True,0.9
235,chr18,943,C/C,True,0.9
236,chr1,395,A/C,True,0.9
237,chr15,80,A/T,True,0.9
238,chr7,1864,T/A,True,0.9
239,chr2,371,T/C,True,0.9
240,chr4,734,G/C,True,0.9
241,chr17,646,A/A,True,0.9
242,chr17,734,C/A,True,0.9
243,chr13,411,G/T,True,0.9
244,chrX,576,T/C,True,0.9
245,chr2,1651,T/C,True,0.9
246,chr17,71,C/T,True,0.9
247,chr17,538,A/C,True,0.9
248,chr16,795,C/A,True,0.9
249,chr20,302,T/A,True,0.9
250,chr10,932,G/G,True,0.9
251,chr14,1783,G/C,True,0.9
252,chr22,258,C/C,True,0.9
253,chr14,1083,C/T,True,0.9
254,chr19,79,C/G,True,0.9
255,chr22,978,A/A,True,0.9
256,chr4,80,G/A,True,0.9
257,chr11,499,C/A,True,0.9
258,chr3,1874,C/C,True,0.9
259,chr9,1098,A/A,True,0.9
260,chr16,1182,A/T,True,0.9
261,chr19,410,C/G,True,0.9
262,chr4,1444,G/C,True,0.9
263,chr22,393,T/T,True,0.9
264,chr21,820,C/A,True,0.9
265,chr10,765,G/T,True,0.9
266,chr5,225,T/C,True,0.9
267,chr7,1582,A/T,True,0.9
268,chr12,656,T/A,True,0.9
269,chr19,1675,T/A,True,0.9
270,chr17,1123,T/C,True,0.9
271,chr22,680,A/A,True,0.9
272,chr15,1626,G/C,True,0.9
273,chr22,1342,G/T,True,0.9
274,chrX,1731,G/C,True,0.9
275,chr4,1022,C/T,True,0.9
276,chr21,416,T/C,True,0.9
277,chr14,474,G/C,True,0.9
278,chr15,1444,C/T,True,0.9
279,chr5,1229,G/C,True,0.9
280,chr7,1586,A/C,True,0.9
281,chr14,1041,G/C,True,0.9
282,chr16,1360,T/T,True,0.9
283,chr7,878,G/C,True,0.9
284,chr15,1745,A/T,True,0.9
285,chr21,1599,G/T,True,0.9
286,chr17,1995,G/C,True,0.9
287,chr6,129,T/T,True,0.9
288,chr21,1042,C/G,True,0.9
289,chr19,1148,C/G,True,0.9
290,chr12,665,A/T,True,0.9
291,chr13,1209,G/T,True,0.9
292,chr7,399,A/C,True,0.9
293,chr5,426,C/G,True,0.9
294,chr15,740,A/G,True,0.9
295,chr16,287,C/G,True,0.9
296,chr11,1630,T/T,True,0.9
297,chr4,939,G/G,True,0.9
298,chr1,1799,T/G,True,0.9
299,chr1,392,G/C,True,0.9
300,chr5,744,G/G,True,0.9
301,chr14,1307,T/A,True,0.9
302,chr7,292,G/G,True,0.9
303,chr9,568,G/T,True,0.9
304,chr9,1902,A/T,True,0.9
305,chr3,532,T/C,True,0.9
306,chr21,1781,C/G,True,0.9
307,chrY,784,T/A,True,0.9
308,chr13,308,A/C,True,0.9
309,chr17,1765,C/T,True,0.9
310,chr7,1447,A/G,True,0.9
311,chr11,1207,T/C,True,0.9
312,chr13,130,A/G,True,0.9
313,chr5,1883,C/T,True,0.9
314,chr8,230,C/A,True,0.9
315,chr7,732,A/C,True,0.9
316,chr9,329,A/A,True,0.9
317,chrX,324,A/A,True,0.9
318,chr20,140,T/G,True,0.9
319,chr13,1449,A/A,True,0.9
320,chrX,1658,G/A,True,0.9
321,chr1,497,C/A,True,0.9
322,chr6,1401,A/G,True,0.9
323,chr7,272,T/A,True,0.9
324,chr15,600,G/G,True,0.9
325,chrX,395,T/G,True,0.9
326,chr14,654,A/A,True,0.9
327,chr1,459,G/G,True,0.9
328,chr14,205,G/T,True,0.9
329,chr8,1082,A/G,True,0.9
330,chr18,849,T/G,True,0.9
331,chr22,295,C/A,True,0.9
332,chr14,1431,G/T,True,0.9
333,chrX,1473,A/T,True,0.9
334,chr13,849,G/T,True,0.9
335,chr5,1267,A/T,True,0.9
336,chr19,449,T/T,True,0.9
337,chr10,411,A/G,True,0.9
338,chr1,1950,T/C,True,0.9
339,chr10,823,T/A,True,0.9
340,chr18,1368,G/G,True,0.9
341,chr4,1056,C/C,True,0.9
342,chr16,651,T/T,True,0.9
343,chr7,355,T/G,True,0.9
344,chr14,1474,T/G,True,0.9
345,chrX,1026,C/T,True,0.9
346,chr6,392,A/C,True,0.9
347,chr4,658,C/A,True,0.9
348,chr2,201,G/A,True,0.9
349,chr7,1683,G/G,True,0.9
350,chr13,956,T/G,True,0.9
351,chr9,1656,G/C,True,0.9
352,chr22,1237,A/A,True,0.9
353,chr3,913,G/A,True,0.9
354,chr6,1998,G/G,True,0.9
355,chr21,1486,A/C,True,0.9
356,chr14,1227,C/C,True,0.9
357,chr17,1966,C/G,True,0.9
358,chr6,1067,C/C,True,0.9
359,chrX,246,G/C,True,0.9
360,chr17,737,A/A,True,0.9
361,chr1,262,C/A,True,0.9
362,chr6,360,A/T,True,0.9
363,chr20,1578,C/A,True,0.9
364,chr2,1155,C/T,True,0.9
365,chr6,333,A/G,True,0.9
366,chr10,782,G/T,True,0.9
367,chr2,1106,A/A,True,0.9
368,chr18,878,T/A,True,0.9
369,chr5,708,T/C,True,0.9
370,chr1,954,A/A,True,0.9
371,chr20,122,T/T,True,0.9
372,chr10,1389,G/G,True,0.9
373,chrY,867,G/A,True,0.9
374,chr19,1251,A/T,True,0.9
375,chr8,1693,C/A,True,0.9
376,chr21,751,C/G,True,0.9
377,chr17,1966,C/A,True,0.9
378,chr21,242,G/G,True,0.9
379,chr14,300,A/T,True,0.9
380,chr3,351,A/C,True,0.9
381,chr6,457,T/C,True,0.9
382,chr16,105,C/C,True,0.9
383,chrX,1701,C/C,True,0.9
384,chr20,129,T/G,True,0.9
385,chr10,1834,T/C,True,0.9
386,chr11,525,T/A,True,0.9
387,chr21,1518,G/G,True,0.9
388,chr1,1281,C/C,True,0.9
389,chr20,29,C/T,True,0.9
390,chr10,1557,G/G,True,0.9
391,chr2,540,G/T,True,0.9
392,chr1,1369,G/C,True,0.9
393,chrX,1951,T/G,True,0.9
394,chr2,1399,C/A,True,0.9
395,chrX,173,A/T,True,0.9
396,chr13,1442,C/C,True,0.9
397,chr9,136,C/C,True,0.9
398,chr4,298,A/T,True,0.9
399,chr9,498,A/A,True,0.9
400,chr8,771,C/G,True,0.9
401,chr16,76,G/C,True,0.9
402,chr9,1363,A/C,True,0.9
403,chr20,959,C/G,True,0.9
404,chr9,1055,C/C,True,0.9
405,chr4,1079,G/A,True,0.9
406,chr4,1059,A/G,True,0.9
407,chr9,1153,G/C,True,0.9
408,chr11,1621,C/C,True,0.9
409,chr17,1435,T/C,True,0.9
410,chr4,1421,G/G,True,0.9
411,chr20,1731,A/G,True,0.9
412,chr11,1419,T/T,True,0.9
413,chr20,667,T/G,True,0.9
414,chr16,663,T/T,True,0.9
415,chrY,424,T/T,True,0.9
416,chr8,1628,C/G,True,0.9
417,chr7,1327,T/T,True,0.9
418,chr5,1562,A/C,True,0.9
419,chr9,135,T/G,True,0.9
420,chr19,767,A/T,True,0.9
421,chr22,1739,G/T,True,0.9
422,chr2,989,C/C,True,0.9
423,chr7,784,A/T,True,0.9
424,chr1,1899,C/C,True,0.9
425,chr9,428,A/T,True,0.9
426,chr7,1849,T/C,True,0.9
427,chr17,1265,A/A,True,0.9
428,chr14,1896,A/G,True,0.9
429,chr3,689,G/G,True,0.9
430,chr18,1529,C/G,True,0.9
431,chr4,704,C/C,True,0.9
432,chr15,724,A/C,True,0.9
433,chr2,1108,A/G,True,0.9
434,chrY,39,A/C,True,0.9
435,chr1,249,A/C,True,0.9
436,chr18,1467,G/A,True,0.9
437,chrY,1337,C/T,True,0.9
438,chr5,1776,G/G,True,0.9
439,chr12,23,C/C,True,0.9
440,chr16,740,G/C,True,0.9
441,chr6,1720,C/C,True,0.9
442,chr18,1061,C/C,True,0.9
443,chr13,1019,C/A,True,0.9
444,chr15,587,G/T,True,0.9
445,chr1,1727,A/C,True,0.9
446,chr5,1572,C/G,True,0.9
447,chr12,1095,C/T,True,0.9
448,chr19,515,T/C,True,0.9
449,chr21,26,T/A,True,0.9
450,chr17,1235,T/A,True,0.9
451,chr6,609,A/T,True,0.9
452,chr17,558,A/A,True,0.9
453,chr15,1369,G/A,True,0.9
454,chr16,1395,C/G,True,0.9
455,chr16,1352,G/A,True,0.9
456,chrY,1617,T/T,True,0.9
457,chr21,1082,A/C,True,0.9
458,chr7,1158,A/A,True,0.9
459,chr6,326,T/C,True,0.9
460,chr13,1749,T/A,True,0.9
461,chrY,111,G/C,True,0.9
462,chr13,631,T/A,True,0.9
463,chr17,1226,G/C,True,0.9
464,chr1,954,T/G,True,0.9
465,chr21,1913,C/A,True,0.9
466,chrX,1033,C/T,True,0.9
467,chr13,1253,T/A,True,0.9
468,chr9,957,G/G,True,0.9
469,chr3,1519,T/G,True,0.9
470,chr13,334,G/C,True,0.9
471,chr15,690,A/T,True,0.9
472,chr22,394,A/T,True,0.9
473,chrY,176,G/G,True,0.9
474,chr22,73,A/C,True,0.9
475,chr3,70,C/G,True,0.9
476,chr4,1829,G/T,True,0.9
477,chr22,235,T/C,True,0.9
478,chr4,1527,C/A,True,0.9
479,chrY,448,A/T,True,0.9
480,chr2,98,G/C,True,0.9
481,chr12,1615,A/T,True,0.9
482,chr1,1445,T/G,True,0.9
483,chr17,1685,A/C,True,0.9
484,chr2,1074,C/T,True,0.9
485,chr18,1918,G/A,True,0.9
486,chr21,706,C/C,True,0.9
487,chr1,1172,T/C,True,0.9
488,chr15,1804,A/A,True,0.9
489,chrY,1065,A/C,True,0.9
490,chr5,836,C/A,True,0.9
491,chr13,1114,G/A,True,0.9
492,chr13,1400,C/T,True,0.9
493,chr22,1553,G/C,True,0.9
494,chr6,1829,C/G,True,0.9
495,chr20,1422,C/G,True,0.9
496,chr10,1300,G/T,True,0.9
497,chrY,1762,G/T,True,0.9
498,chr17,1697,A/C,True,0.9
499,chr19,1394,A/G,True,0.9
500,chr4,1531,C/C,True,0.9
501,chr18,226,A/A,True,0.9
502,chr16,1709,A/A,True,0.9
503,chr20,216,C/A,True,0.9
504,chr10,915,C/T,True,0.9
505,chr13,734,C/T,True,0.9
506,chr19,1472,G/C,True,0.9
507,chr22,61,G/A,True,0.9
508,chr12,763,G/C,True,0.9
509,chr3,1046,G/A,True,0.9
510,chr19,1992,C/G,True,0.9
511,chr6,133,C/G,True,0.9
512,chr11,1613,G/C,True,0.9
513,chr13,1445,G/T,True,0.9
514,chr11,746,A/A,True,0.9
515,chr18,627,C/T,True,0.9
516,chr22,268,T/G,True,0.9
517,chr21,1733,A/C,True,0.9
518,chr4,233,G/A,True,0.9
519,chr1,64,C/A,True,0.9
