,CHROMOSOME,pos,mut,is_ok,approved_ratio
0,chr18,1597,G/A,True,0.9
1,chr10,409,C/C,True,0.9
2,chr17,91,G/G,True,0.9
3,chr13,514,C/A,True,0.9
4,chr2,501,C/T,True,0.9
5,chr14,1032,C/T,True,0.9
6,chr13,1773,T/A,True,0.9
7,chr11,1748,C/A,True,0.9
8,chr1,1694,G/A,True,0.9
9,chr16,100,G/T,True,0.9
10,chrY,1431,C/A,True,0.9
11,chrX,395,T/A,True,0.9
12,chr7,346,T/T,True,0.9
13,chr4,1796,A/C,True,0.9
14,chr3,382,G/T,True,0.9
15,chr21,361,G/C,True,0.9
16,chrY,288,G/G,True,0.9
17,chr4,1464,C/T,True,0.9
18,chrX,1102,T/G,True,0.9
19,chr14,215,A/T,True,0.9
20,chr16,1750,A/C,True,0.9
21,chr9,142,T/T,True,0.9
22,chr18,81,G/T,True,0.9
23,chr3,200,G/A,True,0.9
24,chr19,1015,G/A,True,0.9
25,chr1,1068,A/C,True,0.9
26,chr7,103,C/C,True,0.9
27,chrY,1859,T/C,True,0.9
28,chr6,1644,T/A,True,0.9
29,chr4,1203,A/G,True,0.9
30,chr4,528,C/A,True,0.9
31,chr6,1710,C/A,True,0.9
32,chr20,1003,C/A,True,0.9
33,chr4,438,T/T,True,0.9
34,chr17,1347,C/C,True,0.9
35,chr11,1201,G/C,True,0.9
36,chr2,1058,G/T,True,0.9
37,chr11,609,G/T,True,0.9
38,chr14,1496,A/T,True,0.9
39,chr18,1357,A/G,True,0.9
40,chr8,1589,T/A,True,0.9
41,chr12,1634,G/C,True,0.9
42,chr12,766,A/C,True,0.9
43,chr9,501,C/C,True,0.9
44,chr11,1971,C/T,True,0.9
45,chr14,532,A/G,True,0.9
46,chr9,233,C/G,True,0.9
47,chr5,643,T/A,True,0.9
48,chr19,1203,A/C,True,0.9
49,chr20,1300,C/T,True,0.9
50,chr11,477,A/C,True,0.9
51,chr12,1039,A/G,True,0.9
52,chrX,1943,A/C,True,0.9
53,chr8,1697,G/A,True,0.9
54,chr22,201,T/G,True,0.9
55,chrY,782,G/C,True,0.9
56,chr22,1350,C/C,True,0.9
57,chrY,509,T/T,True,0.9
58,chr1,26,A/A,True,0.9
59,chr6,227,A/A,True,0.9
60,chr6,1313,C/C,True,0.9
61,chr9,1786,G/A,True,0.9
62,chr11,136,G/G,True,0.9
63,chr14,400,C/A,True,0.9
64,chr9,1341,A/G,True,0.9
65,chr5,1033,A/G,True,0.9
66,chr19,1607,T/G,True,0.9
67,chr7,227,A/A,True,0.9
68,chr11,788,C/A,True,0.9
69,chr16,60,G/C,True,0.9
70,chr10,1486,A/C,True,0.9
71,chr7,916,G/T,True,0.9
72,chr22,1153,A/G,True,0.9
73,chr4,32,C/G,True,0.9
74,chr22,536,T/T,True,0.9
75,chr21,732,G/G,True,0.9
76,chr10,910,C/C,True,0.9
77,chr12,1214,A/C,True,0.9
78,chr2,349,T/G,True,0.9
79,chr9,1717,T/A,True,0.9
80,chr4,487,A/G,True,0.9
81,chr17,1364,C/C,True,0.9
82,chr11,1682,T/A,True,0.9
83,chr22,74,T/T,True,0.9
84,chr12,509,T/T,True,0.9
85,chr8,1532,A/G,True,0.9
86,chr5,590,T/A,True,0.9
87,chr16,1137,G/C,True,0.9
88,chr4,1314,A/G,True,0.9
89,chr3,830,C/A,True,0.9
90,chr10,1898,G/T,True,0.9
91,chr15,818,C/T,True,0.9
92,chr12,690,T/T,True,0.9
93,chr1,256,A/A,True,0.9
94,chr18,273,T/T,True,0.9
95,chr22,1263,T/T,True,0.9
96,chr2,1108,C/C,True,0.9
97,chr14,130,T/T,True,0.9
98,chr13,1424,C/T,True,0.9
99,chr22,406,G/C,True,0.9
100,chr21,1382,A/C,True,0.9
101,chr6,565,T/G,True,0.9
102,chr20,1746,G/G,True,0.9
103,chr19,568,T/G,True,0.9
104,chr13,1508,G/A,True,0.9
105,chr7,240,A/G,True,0.9
106,chr6,1794,C/T,True,0.9
107,chr18,915,C/G,True,0.9
108,chr7,1860,G/T,True,0.9
109,chr22,441,C/T,True,0.9
110,chr4,829,G/T,True,0.9
111,chr16,922,A/C,True,0.9
112,chr6,1474,G/T,True,0.9
113,chr12,1081,A/C,True,0.9
114,chr4,1945,A/C,True,0.9
115,chr3,304,C/A,True,0.9
116,chr14,829,A/G,True,0.9
117,chr7,1534,G/T,True,0.9
118,chr16,187,G/G,True,0.9
119,chr18,623,T/C,True,0.9
120,chr2,308,G/G,True,0.9
121,chr6,272,T/A,True,0.9
122,chr18,812,A/A,True,0.9
123,chr11,141,C/C,True,0.9
124,chr11,57,C/G,True,0.9
125,chr22,1291,T/G,True,0.9
126,chr2,699,G/G,True,0.9
127,chr18,1453,A/A,True,0.9
128,chr18,121,C/G,True,0.9
129,chr9,1510,C/A,True,0.9
130,chr10,1685,G/T,True,0.9
131,chr8,499,G/G,True,0.9
132,chr21,471,C/A,True,0.9
133,chr17,1887,C/C,True,0.9
134,chr8,1843,A/G,True,0.9
135,chr7,1718,A/A,True,0.9
136,chr14,1831,A/T,True,0.9
137,chr21,166,T/A,True,0.9
138,chr10,311,T/C,True,0.9
139,chr12,1840,C/T,True,0.9
140,chr3,462,G/C,True,0.9
141,chr4,299,C/C,True,0.9
142,chr7,1550,C/G,True,0.9
143,chr11,1119,A/G,True,0.9
144,chr4,1914,G/G,True,0.9
145,chr21,424,G/A,True,0.9
146,chr2,30,T/T,True,0.9
147,chr15,108,T/G,True,0.9
148,chr13,1620,G/C,True,0.9
149,chr14,1609,C/G,True,0.9
150,chr3,1797,C/A,True,0.9
151,chr6,1008,A/G,True,0.9
152,chr13,110,A/G,True,0.9
153,chr4,52,T/A,True,0.9
154,chr18,1697,T/G,True,0.9
155,chr2,503,C/C,True,0.9
156,chr8,1712,C/G,True,0.9
157,chr19,427,C/G,True,0.9
158,chr11,1380,A/G,True,0.9
159,chr21,104,A/A,True,0.9
160,chr20,369,A/C,True,0.9
161,chr1,1007,A/T,True,0.9
162,chr2,429,A/G,True,0.9
163,chr14,1378,G/A,True,0.9
164,chr12,127,C/T,True,0.9
165,chrY,351,T/A,True,0.9
166,chr6,350,C/A,True,0.9
167,chr2,1724,C/C,True,0.9
168,chr11,384,C/A,True,0.9
169,chr11,1335,T/G,True,0.9
170,chr7,580,G/T,True,0.9
171,chr11,1661,T/A,True,0.9
172,chr9,1707,C/A,True,0.9
173,chr15,800,A/A,True,0.9
174,chr20,489,C/T,True,0.9
175,chr14,92,G/C,True,0.9
176,chr9,721,A/C,True,0.9
177,chr4,1321,A/G,True,0.9
178,chrX,532,T/G,True,0.9
179,chr3,1553,T/T,True,0.9
180,chr13,1795,G/T,True,0.9
181,chr5,647,G/G,True,0.9
182,chr13,663,A/A,True,0.9
183,chr21,839,T/C,True,0.9
184,chr21,1169,T/A,True,0.9
185,chr14,780,A/A,True,0.9
186,chr4,1955,G/T,True,0.9
187,chr21,1742,C/C,True,0.9
188,chr7,1146,T/T,True,0.9
189,chr14,51,A/A,True,0.9
190,chrY,151,T/G,True,0.9
191,chr8,473,T/C,True,0.9
192,chr21,300,G/G,True,0.9
193,chr4,1854,G/A,True,0.9
194,chr10,394,T/G,True,0.9
195,chr5,1451,G/A,True,0.9
196,chr8,1546,A/T,True,0.9
197,chr15,1360,A/G,True,0.9
198,chr17,301,T/G,True,0.9
199,chr22,1861,A/C,True,0.9
200,chr5,1245,C/G,True,0.9
201,chr1,1891,C/A,True,0.9
202,chr1,93,T/T,True,0.9
203,chr5,797,C/G,True,0.9
204,chr2,495,A/G,True,0.9
205,chr1,326,A/G,True,0.9
206,chr8,1284,T/A,True,0.9
207,chr2,980,G/G,True,0.9
208,chrX,1409,T/T,True,0.9
209,chrX,368,C/C,True,0.9
210,chr4,1550,C/C,True,0.9
211,chr3,1785,G/T,True,0.9
212,chr2,459,C/G,True,0.9
213,chr19,1360,C/T,True,0.9
214,chr1,841,A/A,True,0.9
215,chr5,1841,G/G,True,0.9
216,chr4,1699,A/C,True,0.9
217,chr10,1701,G/T,True,0.9
218,chr17,540,C/G,True,0.9
219,chr13,1798,C/T,True,0.9
220,chr15,1673,C/G,True,0.9
221,chr18,1368,A/C,True,0.9
222,chr1,1113,A/G,True,0.9
223,chr11,1763,G/G,True,0.9
224,chr18,1524,G/G,True,0.9
225,chr2,371,T/C,True,0.9
226,chr5,1466,A/G,True,0.9
227,chr18,1513,T/C,True,0.9
228,chr17,646,A/A,True,0.9
229,chr20,405,A/A,True,0.9
230,chr1,788,A/T,True,0.9
231,chr9,1413,T/G,True,0.9
232,chr4,1875,C/T,True,0.9
233,chr4,1868,T/A,True,0.9
234,chr17,1495,C/C,True,0.9
235,chr17,538,A/C,True,0.9
236,chr16,123,C/C,True,0.9
237,chr20,302,T/A,True,0.9
238,chr14,1783,G/C,True,0.9
239,chr18,204,C/C,True,0.9
240,chr14,1083,C/T,True,0.9
241,chr13,1523,G/A,True,0.9
242,chr7,1856,G/T,True,0.9
243,chr19,79,C/G,True,0.9
244,chr12,947,T/C,True,0.9
245,chr11,499,C/A,True,0.9
246,chr14,157,A/G,True,0.9
247,chr15,840,T/T,True,0.9
248,chr19,1972,G/T,True,0.9
249,chr16,310,G/G,True,0.9
250,chr2,1357,G/A,True,0.9
251,chr8,1204,T/C,True,0.9
252,chrY,1687,T/T,True,0.9
253,chr11,412,C/G,True,0.9
254,chr9,70,A/A,True,0.9
255,chr7,1671,T/A,True,0.9
256,chr22,393,T/T,True,0.9
257,chr10,765,G/T,True,0.9
258,chr7,1582,A/T,True,0.9
259,chr12,656,T/A,True,0.9
260,chr19,1675,T/A,True,0.9
261,chr17,1123,T/C,True,0.9
262,chr20,1874,T/C,True,0.9
263,chrX,1731,G/C,True,0.9
264,chr9,1473,C/A,True,0.9
265,chrY,552,A/G,True,0.9
266,chr20,1484,C/A,True,0.9
267,chr14,474,G/C,True,0.9
268,chr14,1418,G/A,True,0.9
269,chr19,1945,C/A,True,0.9
270,chr18,51,C/T,True,0.9
271,chr15,1745,A/T,True,0.9
272,chr21,1599,G/T,True,0.9
273,chr22,1172,A/T,True,0.9
274,chr17,1608,T/A,True,0.9
275,chr17,1995,G/C,True,0.9
276,chr16,1168,G/T,True,0.9
277,chrX,1661,T/G,True,0.9
278,chrX,514,T/A,True,0.9
279,chr7,399,A/C,True,0.9
280,chr2,731,C/C,True,0.9
281,chr22,580,G/G,True,0.9
282,chr16,1593,G/A,True,0.9
283,chr8,1879,T/T,True,0.9
284,chr1,392,G/C,True,0.9
285,chr13,265,A/A,True,0.9
286,chr14,1307,T/A,True,0.9
287,chr9,211,T/C,True,0.9
288,chr7,292,G/G,True,0.9
289,chr12,1669,T/A,True,0.9
290,chr4,902,T/G,True,0.9
291,chr12,103,A/G,True,0.9
292,chr3,532,T/C,True,0.9
293,chr2,342,C/A,True,0.9
294,chr14,1580,C/A,True,0.9
295,chrY,784,T/A,True,0.9
296,chr14,165,T/A,True,0.9
297,chr13,308,A/C,True,0.9
298,chr7,1447,A/G,True,0.9
299,chr18,1396,T/G,True,0.9
300,chr16,1375,T/A,True,0.9
301,chrY,1475,G/C,True,0.9
302,chrX,324,A/A,True,0.9
303,chr7,1555,C/A,True,0.9
304,chr20,140,T/G,True,0.9
305,chr13,1449,A/A,True,0.9
306,chrX,1658,G/A,True,0.9
307,chr6,1401,A/G,True,0.9
308,chr1,459,G/G,True,0.9
309,chr17,1704,A/C,True,0.9
310,chr18,849,T/G,True,0.9
311,chr19,1889,G/C,True,0.9
312,chr22,165,T/C,True,0.9
313,chrX,1473,A/T,True,0.9
314,chrX,1230,T/C,True,0.9
315,chr8,623,G/A,True,0.9
316,chr7,159,C/T,True,0.9
317,chr14,1116,C/C,True,0.9
318,chr18,1669,G/A,True,0.9
319,chr14,1024,A/T,True,0.9
320,chr18,1735,T/T,True,0.9
321,chr10,823,T/A,True,0.9
322,chr17,1001,G/A,True,0.9
323,chr14,1474,T/G,True,0.9
324,chr20,729,G/T,True,0.9
325,chr4,658,C/A,True,0.9
326,chr2,201,G/A,True,0.9
327,chr7,1683,G/G,True,0.9
328,chr13,956,T/G,True,0.9
329,chr21,1486,A/C,True,0.9
330,chr17,1966,C/G,True,0.9
331,chr4,1151,T/C,True,0.9
332,chr1,262,C/A,True,0.9
333,chr6,360,A/T,True,0.9
334,chr2,1155,C/T,True,0.9
335,chrY,973,G/A,True,0.9
336,chrY,1812,A/A,True,0.9
337,chr7,1771,T/G,True,0.9
338,chr6,333,A/G,True,0.9
339,chr10,782,G/T,True,0.9
340,chr4,873,T/A,True,0.9
341,chr19,1801,C/A,True,0.9
342,chr1,954,A/A,True,0.9
343,chr20,122,T/T,True,0.9
344,chr14,844,T/C,True,0.9
345,chrY,1672,A/T,True,0.9
346,chr3,770,G/C,True,0.9
347,chr1,1495,A/A,True,0.9
348,chr21,242,G/G,True,0.9
349,chr14,300,A/T,True,0.9
350,chr6,457,T/C,True,0.9
351,chr3,165,G/G,True,0.9
352,chr16,105,C/C,True,0.9
353,chrX,1701,C/C,True,0.9
354,chr20,129,T/G,True,0.9
355,chr19,1981,A/G,True,0.9
356,chr11,865,T/A,True,0.9
357,chr20,942,T/G,True,0.9
358,chr18,1989,C/T,True,0.9
359,chr16,520,G/A,True,0.9
360,chr7,1556,A/G,True,0.9
361,chr5,976,T/G,True,0.9
362,chr9,136,C/C,True,0.9
363,chr3,1625,C/G,True,0.9
364,chr16,495,A/C,True,0.9
365,chr7,1407,C/A,True,0.9
366,chrX,1014,T/G,True,0.9
367,chr5,1579,T/C,True,0.9
368,chr6,711,A/A,True,0.9
369,chr16,76,G/C,True,0.9
370,chr19,264,A/C,True,0.9
371,chr9,1363,A/C,True,0.9
372,chr13,246,A/A,True,0.9
373,chrY,372,G/C,True,0.9
374,chr18,1750,T/A,True,0.9
375,chr20,959,C/G,True,0.9
376,chr9,1055,C/C,True,0.9
377,chr15,1414,A/T,True,0.9
378,chr3,1639,G/A,True,0.9
379,chr9,1153,G/C,True,0.9
380,chr2,326,T/G,True,0.9
381,chr2,1848,C/A,True,0.9
382,chr20,1270,A/A,True,0.9
383,chr11,1621,C/C,True,0.9
384,chr16,421,C/G,True,0.9
385,chr17,1435,T/C,True,0.9
386,chr16,1053,G/A,True,0.9
387,chr9,1029,G/G,True,0.9
388,chr4,1421,G/G,True,0.9
389,chr17,371,G/T,True,0.9
390,chr16,365,T/A,True,0.9
391,chr5,1841,T/G,True,0.9
392,chr17,1535,A/C,True,0.9
393,chr7,1327,T/T,True,0.9
394,chr16,1926,A/G,True,0.9
395,chr11,815,A/G,True,0.9
396,chr15,362,G/T,True,0.9
397,chr16,241,G/C,True,0.9
398,chr9,135,T/G,True,0.9
399,chr14,1523,A/C,True,0.9
400,chr7,784,A/T,True,0.9
401,chr22,1007,G/A,True,0.9
402,chr13,701,T/G,True,0.9
403,chr7,1849,T/C,True,0.9
404,chr17,1265,A/A,True,0.9
405,chrY,498,G/G,True,0.9
406,chr18,1529,C/G,True,0.9
407,chr10,1620,C/C,True,0.9
408,chr4,447,T/T,True,0.9
409,chr7,275,T/G,True,0.9
410,chr12,782,C/G,True,0.9
411,chr8,723,A/A,True,0.9
412,chrY,39,A/C,True,0.9
413,chr3,1239,C/T,True,0.9
414,chr17,77,T/A,True,0.9
415,chrY,1337,C/T,True,0.9
416,chr19,1249,A/T,True,0.9
417,chr16,740,G/C,True,0.9
418,chr6,1720,C/C,True,0.9
419,chrY,1610,T/T,True,0.9
420,chr18,1269,A/G,True,0.9
421,chr12,1095,C/T,True,0.9
422,chr14,664,C/A,True,0.9
423,chr13,1113,C/C,True,0.9
424,chr9,468,A/C,True,0.9
425,chr19,515,T/C,True,0.9
426,chr21,26,T/A,True,0.9
427,chr8,1161,C/T,True,0.9
428,chr10,189,A/T,True,0.9
429,chr19,1000,A/A,True,0.9
430,chr1,570,A/T,True,0.9
431,chrX,234,G/A,True,0.9
432,chr20,1895,G/A,True,0.9
433,chr12,684,A/G,True,0.9
434,chr21,1589,T/A,True,0.9
435,chr21,1082,A/C,True,0.9
436,chr7,1158,A/A,True,0.9
437,chr2,1348,C/T,True,0.9
438,chrY,111,G/C,True,0.9
439,chr3,917,A/A,True,0.9
440,chr1,954,T/G,True,0.9
441,chr4,314,A/A,True,0.9
442,chr7,479,C/T,True,0.9
443,chr12,84,A/T,True,0.9
444,chr7,492,T/T,True,0.9
445,chr9,1828,T/C,True,0.9
446,chr4,1690,A/G,True,0.9
447,chr21,1910,G/C,True,0.9
448,chr13,1253,T/A,True,0.9
449,chr3,1519,T/G,True,0.9
450,chr6,1446,C/A,True,0.9
451,chr7,332,A/T,True,0.9
452,chr13,1663,G/A,True,0.9
453,chr21,1381,T/T,True,0.9
454,chr12,361,G/A,True,0.9
455,chrX,1438,T/A,True,0.9
456,chr12,1870,A/G,True,0.9
457,chr11,1226,A/T,True,0.9
458,chrX,1744,T/A,True,0.9
459,chr22,73,A/C,True,0.9
460,chr12,241,G/A,True,0.9
461,chr10,1836,C/T,True,0.9
462,chrX,1535,A/T,True,0.9
463,chr13,1111,T/T,True,0.9
464,chr22,235,T/C,True,0.9
465,chr7,1411,C/C,True,0.9
466,chr1,1723,C/T,True,0.9
467,chr9,965,G/G,True,0.9
468,chr22,22,C/A,True,0.9
469,chr8,1244,A/A,True,0.9
470,chr2,1755,T/G,True,0.9
471,chr9,1319,G/T,True,0.9
472,chr12,1615,A/T,True,0.9
473,chr12,31,A/T,True,0.9
474,chr2,1074,C/T,True,0.9
475,chr20,1064,T/C,True,0.9
476,chr18,1833,T/G,True,0.9
477,chrY,1065,A/C,True,0.9
478,chr10,1921,T/A,True,0.9
479,chr13,201,G/C,True,0.9
480,chr13,1400,C/T,True,0.9
481,chr22,1553,G/C,True,0.9
482,chr6,1829,C/G,True,0.9
483,chr21,75,C/T,True,0.9
484,chr11,579,G/T,True,0.9
485,chr13,599,A/C,True,0.9
486,chr4,1531,C/C,True,0.9
487,chrX,1549,C/A,True,0.9
488,chr13,189,G/T,True,0.9
489,chr9,977,G/G,True,0.9
490,chr10,915,C/T,True,0.9
491,chr19,1830,G/G,True,0.9
492,chr19,1472,G/C,True,0.9
493,chr9,1574,T/C,True,0.9
494,chr12,763,G/C,True,0.9
495,chr8,1065,T/C,True,0.9
496,chrY,354,T/A,True,0.9
497,chr3,1046,G/A,True,0.9
498,chr14,341,T/G,True,0.9
499,chr16,72,C/T,True,0.9
500,chr6,1022,C/T,True,0.9
501,chr6,133,C/G,True,0.9
502,chr22,1950,T/T,True,0.9
503,chr13,1445,G/T,True,0.9
504,chr18,627,C/T,True,0.9
505,chr1,818,A/G,True,0.9
506,chr15,68,G/G,True,0.9
507,chr12,1987,C/A,True,0.9
