,CHROMOSOME,pos,mut,is_ok,approved_ratio
0,chr18,1597,G/A,True,0.9
1,chr10,409,C/C,True,0.9
2,chr19,249,T/G,True,0.9
3,chr17,91,G/G,True,0.9
4,chr19,29,A/A,True,0.9
5,chr17,1854,G/A,True,0.9
6,chr15,1760,T/G,True,0.9
7,chr11,1682,G/A,True,0.9
8,chr4,1695,A/T,True,0.9
9,chr14,1032,C/T,True,0.9
10,chr11,1748,C/A,True,0.9
11,chr6,1831,G/G,True,0.9
12,chr16,100,G/T,True,0.9
13,chr6,1031,T/T,True,0.9
14,chrY,1431,C/A,True,0.9
15,chr22,1354,A/T,True,0.9
16,chr7,346,T/T,True,0.9
17,chr18,624,G/T,True,0.9
18,chr7,1821,G/C,True,0.9
19,chr21,532,G/T,True,0.9
20,chr11,677,T/T,True,0.9
21,chr21,361,G/C,True,0.9
22,chr15,1987,T/A,True,0.9
23,chrY,288,G/G,True,0.9
24,chr7,1632,T/C,True,0.9
25,chr4,1464,C/T,True,0.9
26,chrY,1261,A/C,True,0.9
27,chrX,1102,T/G,True,0.9
28,chr14,154,G/G,True,0.9
29,chr22,1804,G/C,True,0.9
30,chr17,238,G/A,True,0.9
31,chr18,81,G/T,True,0.9
32,chr3,929,T/C,True,0.9
33,chr11,1259,A/T,True,0.9
34,chr18,871,T/G,True,0.9
35,chr6,1346,A/C,True,0.9
36,chr7,1540,G/G,True,0.9
37,chr19,1840,G/G,True,0.9
38,chr7,103,C/C,True,0.9
39,chr14,825,T/G,True,0.9
40,chrY,1230,A/G,True,0.9
41,chr11,1642,T/C,True,0.9
42,chr15,1846,C/G,True,0.9
43,chr20,1003,C/A,True,0.9
44,chr7,889,G/C,True,0.9
45,chrX,1495,G/T,True,0.9
46,chr2,1679,C/T,True,0.9
47,chr17,1347,C/C,True,0.9
48,chr5,1016,C/T,True,0.9
49,chr10,1448,T/T,True,0.9
50,chr15,569,G/T,True,0.9
51,chr14,819,A/G,True,0.9
52,chr2,1058,G/T,True,0.9
53,chr14,212,C/T,True,0.9
54,chr13,945,T/A,True,0.9
55,chrY,1553,A/G,True,0.9
56,chr14,1496,A/T,True,0.9
57,chr18,1357,A/G,True,0.9
58,chrY,1420,A/C,True,0.9
59,chr19,70,T/C,True,0.9
60,chr4,1506,A/G,True,0.9
61,chr19,420,C/A,True,0.9
62,chr15,737,T/G,True,0.9
63,chr4,1554,T/C,True,0.9
64,chrX,991,C/A,True,0.9
65,chr14,532,A/G,True,0.9
66,chr5,643,T/A,True,0.9
67,chr12,966,T/T,True,0.9
68,chr20,1300,C/T,True,0.9
69,chr13,839,C/T,True,0.9
70,chr11,477,A/C,True,0.9
71,chr16,905,G/A,True,0.9
72,chr22,1874,A/A,True,0.9
73,chrY,1638,A/A,True,0.9
74,chr1,1522,T/C,True,0.9
75,chr15,1354,G/G,True,0.9
76,chr22,201,T/G,True,0.9
77,chr1,569,A/C,True,0.9
78,chr6,227,A/A,True,0.9
79,chr11,136,G/G,True,0.9
80,chr13,1608,T/C,True,0.9
81,chr10,1942,G/T,True,0.9
82,chr19,1607,T/G,True,0.9
83,chr13,1629,G/A,True,0.9
84,chr7,227,A/A,True,0.9
85,chr11,788,C/A,True,0.9
86,chr16,60,G/C,True,0.9
87,chr5,666,T/G,True,0.9
88,chr19,260,C/A,True,0.9
89,chr20,1885,C/C,True,0.9
90,chr22,1153,A/G,True,0.9
91,chr4,32,C/G,True,0.9
92,chr22,536,T/T,True,0.9
93,chr21,846,A/T,True,0.9
94,chr7,1854,C/A,True,0.9
95,chr4,1514,C/T,True,0.9
96,chr16,1766,C/T,True,0.9
97,chr10,910,C/C,True,0.9
98,chr12,1214,A/C,True,0.9
99,chr2,349,T/G,True,0.9
100,chr10,881,C/T,True,0.9
101,chr9,1717,T/A,True,0.9
102,chr4,487,A/G,True,0.9
103,chr16,1372,G/A,True,0.9
104,chr1,986,C/T,True,0.9
105,chr19,420,G/T,True,0.9
106,chr11,1682,T/A,True,0.9
107,chr22,74,T/T,True,0.9
108,chr7,896,C/G,True,0.9
109,chr8,72,T/A,True,0.9
110,chr19,1514,T/C,True,0.9
111,chr8,1532,A/G,True,0.9
112,chr4,1314,A/G,True,0.9
113,chr1,659,G/C,True,0.9
114,chr3,830,C/A,True,0.9
115,chr16,585,A/C,True,0.9
116,chr8,1114,G/C,True,0.9
117,chr14,224,T/C,True,0.9
118,chr12,690,T/T,True,0.9
119,chr5,1965,G/A,True,0.9
120,chr1,1429,T/C,True,0.9
121,chr14,821,C/G,True,0.9
122,chr6,1012,A/T,True,0.9
123,chr18,273,T/T,True,0.9
124,chr22,1263,T/T,True,0.9
125,chr2,1108,C/C,True,0.9
126,chr9,1187,A/T,True,0.9
127,chr12,1692,C/G,True,0.9
128,chr4,1447,T/A,True,0.9
129,chr5,668,A/T,True,0.9
130,chrY,1149,G/T,True,0.9
131,chr13,709,A/A,True,0.9
132,chr13,1345,A/C,True,0.9
133,chr18,830,T/A,True,0.9
134,chr20,1746,G/G,True,0.9
135,chr19,568,T/G,True,0.9
136,chr22,441,C/T,True,0.9
137,chr22,35,C/G,True,0.9
138,chr12,1081,A/C,True,0.9
139,chr21,628,A/A,True,0.9
140,chr11,744,A/A,True,0.9
141,chr16,187,G/G,True,0.9
142,chr22,1204,T/A,True,0.9
143,chr12,130,G/G,True,0.9
144,chr3,520,A/A,True,0.9
145,chr2,308,G/G,True,0.9
146,chr14,726,C/A,True,0.9
147,chr6,821,C/G,True,0.9
148,chr6,272,T/A,True,0.9
149,chr1,765,C/A,True,0.9
150,chr11,141,C/C,True,0.9
151,chr16,577,T/T,True,0.9
152,chr2,699,G/G,True,0.9
153,chr18,1453,A/A,True,0.9
154,chr9,1510,C/A,True,0.9
155,chr10,1685,G/T,True,0.9
156,chr6,279,T/C,True,0.9
157,chr19,1538,A/C,True,0.9
158,chr8,1843,A/G,True,0.9
159,chr7,1718,A/A,True,0.9
160,chrX,539,C/C,True,0.9
161,chr14,1831,A/T,True,0.9
162,chr21,166,T/A,True,0.9
163,chr6,1810,G/G,True,0.9
164,chr10,311,T/C,True,0.9
165,chr12,1840,C/T,True,0.9
166,chr3,462,G/C,True,0.9
167,chr2,506,G/A,True,0.9
168,chr11,1346,G/G,True,0.9
169,chr21,424,G/A,True,0.9
170,chr13,1781,A/A,True,0.9
171,chr2,1786,C/A,True,0.9
172,chr19,88,T/T,True,0.9
173,chr17,629,C/A,True,0.9
174,chr15,1064,G/T,True,0.9
175,chr13,1620,G/C,True,0.9
176,chr14,1609,C/G,True,0.9
177,chr3,1797,C/A,True,0.9
178,chr9,1629,C/C,True,0.9
179,chr1,394,T/C,True,0.9
180,chr7,746,C/G,True,0.9
181,chr7,658,C/G,True,0.9
182,chr8,1712,C/G,True,0.9
183,chr21,1454,G/C,True,0.9
184,chr11,1380,A/G,True,0.9
185,chrX,403,T/A,True,0.9
186,chr19,756,T/T,True,0.9
187,chr20,369,A/C,True,0.9
188,chr5,1985,C/T,True,0.9
189,chr1,1007,A/T,True,0.9
190,chr14,1378,G/A,True,0.9
191,chr12,127,C/T,True,0.9
192,chr21,497,T/A,True,0.9
193,chr4,1399,A/T,True,0.9
194,chr8,1719,A/A,True,0.9
195,chr6,350,C/A,True,0.9
196,chr7,630,A/C,True,0.9
197,chr2,1724,C/C,True,0.9
198,chr5,1551,C/G,True,0.9
199,chr7,580,G/T,True,0.9
200,chr6,683,C/G,True,0.9
201,chr3,1934,A/G,True,0.9
202,chr9,1707,C/A,True,0.9
203,chr15,800,A/A,True,0.9
204,chr20,489,C/T,True,0.9
205,chr14,92,G/C,True,0.9
206,chr2,104,C/C,True,0.9
207,chr9,721,A/C,True,0.9
208,chr13,267,T/G,True,0.9
209,chr11,798,G/G,True,0.9
210,chr2,385,G/T,True,0.9
211,chr8,1447,G/G,True,0.9
212,chr16,1293,A/G,True,0.9
213,chr14,1297,T/A,True,0.9
214,chr2,658,G/A,True,0.9
215,chr15,281,C/T,True,0.9
216,chr11,534,G/T,True,0.9
217,chr5,647,G/G,True,0.9
218,chr21,773,C/C,True,0.9
219,chr16,1879,A/G,True,0.9
220,chr13,663,A/A,True,0.9
221,chr18,371,G/G,True,0.9
222,chr7,1401,T/A,True,0.9
223,chr21,1169,T/A,True,0.9
224,chr20,1897,T/A,True,0.9
225,chr20,1442,C/G,True,0.9
226,chr4,1955,G/T,True,0.9
227,chr13,653,A/C,True,0.9
228,chr21,679,G/C,True,0.9
229,chr6,500,G/G,True,0.9
230,chr7,1146,T/T,True,0.9
231,chr14,1956,G/T,True,0.9
232,chr16,1695,C/A,True,0.9
233,chr21,432,T/T,True,0.9
234,chr21,300,G/G,True,0.9
235,chr15,341,A/G,True,0.9
236,chr10,1794,C/T,True,0.9
237,chr16,619,T/C,True,0.9
238,chr5,1451,G/A,True,0.9
239,chr8,1416,C/G,True,0.9
240,chr9,612,T/C,True,0.9
241,chr6,63,C/A,True,0.9
242,chr22,1861,A/C,True,0.9
243,chr14,233,T/T,True,0.9
244,chr20,1292,A/C,True,0.9
245,chr8,735,G/T,True,0.9
246,chr9,778,T/C,True,0.9
247,chr5,1887,G/A,True,0.9
248,chr1,93,T/T,True,0.9
249,chr9,219,T/A,True,0.9
250,chr5,797,C/G,True,0.9
251,chr2,495,A/G,True,0.9
252,chr1,326,A/G,True,0.9
253,chr8,1284,T/A,True,0.9
254,chrX,368,C/C,True,0.9
255,chr3,1785,G/T,True,0.9
256,chr19,1360,C/T,True,0.9
257,chr4,1699,A/C,True,0.9
258,chr10,1701,G/T,True,0.9
259,chr17,540,C/G,True,0.9
260,chr16,387,C/C,True,0.9
261,chr3,1924,G/T,True,0.9
262,chr7,12,C/C,True,0.9
263,chr7,250,A/A,True,0.9
264,chr19,1423,C/G,True,0.9
265,chr17,837,C/G,True,0.9
266,chr20,1919,C/G,True,0.9
267,chr16,698,A/A,True,0.9
268,chr2,1956,C/G,True,0.9
269,chr21,1869,G/G,True,0.9
270,chr11,1763,G/G,True,0.9
271,chr17,31,C/T,True,0.9
272,chr15,80,A/T,True,0.9
273,chr5,1466,A/G,True,0.9
274,chr4,734,G/C,True,0.9
275,chr17,646,A/A,True,0.9
276,chr20,1836,T/T,True,0.9
277,chrX,576,T/C,True,0.9
278,chr20,405,A/A,True,0.9
279,chr4,1875,C/T,True,0.9
280,chr2,308,G/T,True,0.9
281,chr4,1868,T/A,True,0.9
282,chr17,1495,C/C,True,0.9
283,chr16,795,C/A,True,0.9
284,chr10,932,G/G,True,0.9
285,chr6,1588,A/G,True,0.9
286,chr15,1275,A/C,True,0.9
287,chr14,1083,C/T,True,0.9
288,chr7,1856,G/T,True,0.9
289,chr19,79,C/G,True,0.9
290,chr3,1874,C/C,True,0.9
291,chr3,1340,G/A,True,0.9
292,chr9,1098,A/A,True,0.9
293,chr19,1972,G/T,True,0.9
294,chr2,1357,G/A,True,0.9
295,chr8,1204,T/C,True,0.9
296,chrY,1687,T/T,True,0.9
297,chr11,412,C/G,True,0.9
298,chr9,70,A/A,True,0.9
299,chr8,1940,T/C,True,0.9
300,chr22,393,T/T,True,0.9
301,chr10,765,G/T,True,0.9
302,chr19,1675,T/A,True,0.9
303,chr17,1123,T/C,True,0.9
304,chr22,680,A/A,True,0.9
305,chr20,1874,T/C,True,0.9
306,chrX,1731,G/C,True,0.9
307,chr4,1022,C/T,True,0.9
308,chr5,17,A/T,True,0.9
309,chrY,552,A/G,True,0.9
310,chr20,1484,C/A,True,0.9
311,chr14,474,G/C,True,0.9
312,chr15,1444,C/T,True,0.9
313,chr14,1041,G/C,True,0.9
314,chr20,1297,G/T,True,0.9
315,chrX,749,C/A,True,0.9
316,chr16,1168,G/T,True,0.9
317,chr19,1148,C/G,True,0.9
318,chrX,1661,T/G,True,0.9
319,chr2,731,C/C,True,0.9
320,chr14,1715,T/G,True,0.9
321,chr5,744,G/G,True,0.9
322,chr13,265,A/A,True,0.9
323,chr15,1506,C/A,True,0.9
324,chrX,337,C/C,True,0.9
325,chr9,1902,A/T,True,0.9
326,chr3,532,T/C,True,0.9
327,chr5,94,G/T,True,0.9
328,chr14,165,T/A,True,0.9
329,chr5,1883,C/T,True,0.9
330,chr9,1085,A/G,True,0.9
331,chr8,230,C/A,True,0.9
332,chr7,732,A/C,True,0.9
333,chr16,1375,T/A,True,0.9
334,chr3,1585,T/A,True,0.9
335,chr7,1555,C/A,True,0.9
336,chr10,471,T/C,True,0.9
337,chr13,1449,A/A,True,0.9
338,chrX,1658,G/A,True,0.9
339,chr22,1978,C/G,True,0.9
340,chr14,1794,T/T,True,0.9
341,chr8,1082,A/G,True,0.9
342,chr18,849,T/G,True,0.9
343,chr12,1572,A/T,True,0.9
344,chr19,1889,G/C,True,0.9
345,chr14,1431,G/T,True,0.9
346,chrX,1473,A/T,True,0.9
347,chr3,1172,C/G,True,0.9
348,chr5,1267,A/T,True,0.9
349,chr7,159,C/T,True,0.9
350,chr10,147,A/G,True,0.9
351,chr18,1735,T/T,True,0.9
352,chr2,1981,C/G,True,0.9
353,chr11,1163,A/A,True,0.9
354,chr19,919,T/A,True,0.9
355,chr10,823,T/A,True,0.9
356,chr11,1604,T/A,True,0.9
357,chr18,1368,G/G,True,0.9
358,chr1,1435,T/T,True,0.9
359,chr4,658,C/A,True,0.9
360,chr13,956,T/G,True,0.9
361,chr6,1998,G/G,True,0.9
362,chr11,494,G/T,True,0.9
363,chr12,284,G/T,True,0.9
364,chr14,1227,C/C,True,0.9
365,chr6,1067,C/C,True,0.9
366,chrX,246,G/C,True,0.9
367,chr4,1151,T/C,True,0.9
368,chrY,973,G/A,True,0.9
369,chrY,1812,A/A,True,0.9
370,chr7,1771,T/G,True,0.9
371,chr6,333,A/G,True,0.9
372,chr18,878,T/A,True,0.9
373,chr19,1801,C/A,True,0.9
374,chr5,708,T/C,True,0.9
375,chr1,954,A/A,True,0.9
376,chr14,844,T/C,True,0.9
377,chr10,1389,G/G,True,0.9
378,chrY,867,G/A,True,0.9
379,chr17,833,A/T,True,0.9
380,chr17,1966,C/A,True,0.9
381,chrX,1793,A/G,True,0.9
382,chr3,165,G/G,True,0.9
383,chrY,1636,C/T,True,0.9
384,chr18,181,T/A,True,0.9
385,chr14,497,G/T,True,0.9
386,chr10,1557,G/G,True,0.9
387,chr7,1556,A/G,True,0.9
388,chr19,1607,A/T,True,0.9
389,chr1,1369,G/C,True,0.9
390,chr8,948,C/T,True,0.9
391,chr12,928,G/G,True,0.9
392,chr18,862,A/T,True,0.9
393,chr22,444,T/G,True,0.9
394,chr17,1241,C/A,True,0.9
395,chr17,1599,T/T,True,0.9
396,chr19,1643,T/T,True,0.9
397,chr17,572,T/A,True,0.9
398,chr8,771,C/G,True,0.9
399,chr20,959,C/G,True,0.9
400,chr4,1079,G/A,True,0.9
401,chr2,1889,G/C,True,0.9
402,chrY,1430,T/A,True,0.9
403,chr22,1448,G/T,True,0.9
404,chr9,1153,G/C,True,0.9
405,chr18,255,T/G,True,0.9
406,chr11,904,T/T,True,0.9
407,chr2,1848,C/A,True,0.9
408,chr9,1029,G/G,True,0.9
409,chrY,198,G/G,True,0.9
410,chr2,367,A/T,True,0.9
411,chr17,371,G/T,True,0.9
412,chr16,365,T/A,True,0.9
413,chr17,1535,A/C,True,0.9
414,chr10,1914,A/A,True,0.9
415,chr7,1327,T/T,True,0.9
416,chr9,1241,C/C,True,0.9
417,chr7,1195,A/G,True,0.9
418,chr11,815,A/G,True,0.9
419,chr1,787,C/C,True,0.9
420,chr20,761,C/G,True,0.9
421,chr8,950,T/C,True,0.9
422,chr4,1381,C/A,True,0.9
423,chr15,362,G/T,True,0.9
424,chr11,1900,A/C,True,0.9
425,chr1,1271,G/A,True,0.9
426,chr9,135,T/G,True,0.9
427,chr4,368,G/A,True,0.9
428,chrX,1991,C/G,True,0.9
429,chr21,998,T/A,True,0.9
430,chr17,1160,T/C,True,0.9
431,chr9,428,A/T,True,0.9
432,chr17,1265,A/A,True,0.9
433,chr14,1896,A/G,True,0.9
434,chr3,689,G/G,True,0.9
435,chr7,955,T/A,True,0.9
436,chr9,1485,A/T,True,0.9
437,chrY,1275,A/A,True,0.9
438,chrY,1217,A/T,True,0.9
439,chr22,581,G/A,True,0.9
440,chr3,1239,C/T,True,0.9
441,chr3,640,T/G,True,0.9
442,chr1,1107,A/C,True,0.9
443,chr6,1720,C/C,True,0.9
444,chr16,31,C/T,True,0.9
445,chr14,664,C/A,True,0.9
446,chr19,515,T/C,True,0.9
447,chr3,1252,G/T,True,0.9
448,chr10,189,A/T,True,0.9
449,chr17,1235,T/A,True,0.9
450,chr10,801,A/C,True,0.9
451,chr16,1395,C/G,True,0.9
452,chrX,234,G/A,True,0.9
453,chr12,684,A/G,True,0.9
454,chr6,1876,C/C,True,0.9
455,chr7,1158,A/A,True,0.9
456,chr2,1348,C/T,True,0.9
457,chr3,1238,G/A,True,0.9
458,chr7,479,C/T,True,0.9
459,chrX,200,T/C,True,0.9
460,chr4,1474,A/T,True,0.9
461,chr3,1519,T/G,True,0.9
462,chr4,1994,C/A,True,0.9
463,chr13,1663,G/A,True,0.9
464,chr22,394,A/T,True,0.9
465,chr22,1554,G/C,True,0.9
466,chrX,1744,T/A,True,0.9
467,chr22,73,A/C,True,0.9
468,chr16,647,A/A,True,0.9
469,chr7,1411,C/C,True,0.9
470,chr9,965,G/G,True,0.9
471,chr14,1266,C/T,True,0.9
472,chr22,22,C/A,True,0.9
473,chr15,1206,T/G,True,0.9
474,chr8,1244,A/A,True,0.9
475,chr17,759,A/T,True,0.9
476,chr8,1293,A/A,True,0.9
477,chr8,818,G/G,True,0.9
478,chr20,637,T/C,True,0.9
479,chr18,1918,G/A,True,0.9
480,chr20,1064,T/C,True,0.9
481,chr4,1437,A/C,True,0.9
482,chr22,1815,A/C,True,0.9
483,chr8,239,G/G,True,0.9
484,chr11,848,A/T,True,0.9
485,chr17,104,C/T,True,0.9
486,chr10,1921,T/A,True,0.9
487,chr13,201,G/C,True,0.9
488,chr13,1400,C/T,True,0.9
489,chr20,13,A/T,True,0.9
490,chr6,1829,C/G,True,0.9
491,chr7,1623,G/C,True,0.9
492,chr13,1088,G/C,True,0.9
493,chr13,599,A/C,True,0.9
494,chr18,226,A/A,True,0.9
495,chrX,1549,C/A,True,0.9
496,chr20,216,C/A,True,0.9
497,chr4,150,A/T,True,0.9
498,chr19,1472,G/C,True,0.9
499,chr21,536,G/G,True,0.9
500,chr3,502,A/A,True,0.9
501,chr19,1962,A/G,True,0.9
502,chr2,128,C/C,True,0.9
503,chr22,1844,G/T,True,0.9
504,chr17,1899,T/G,True,0.9
505,chrX,1228,C/G,True,0.9
506,chr8,48,C/T,True,0.9
507,chr2,1356,A/T,True,0.9
508,chr3,1046,G/A,True,0.9
509,chr10,1946,G/C,True,0.9
510,chr19,1802,T/A,True,0.9
511,chr6,133,C/G,True,0.9
512,chr22,1419,T/A,True,0.9
513,chr1,1236,G/A,True,0.9
514,chrY,618,C/C,True,0.9
515,chrY,895,G/A,True,0.9
516,chr9,710,C/T,True,0.9
517,chr4,233,G/A,True,0.9
518,chr15,670,T/T,True,0.9
