,CHROMOSOME,pos,mut,is_ok,approved_ratio
0,chr18,1597,G/A,True,0.9
1,chr5,615,G/A,True,0.9
2,chr17,1854,G/A,True,0.9
3,chr19,1330,A/C,True,0.9
4,chr15,763,G/A,True,0.9
5,chr10,1253,T/C,True,0.9
6,chr13,1773,T/A,True,0.9
7,chr6,1831,G/G,True,0.9
8,chr16,100,G/T,True,0.9
9,chrY,1431,C/A,True,0.9
10,chr22,1354,A/T,True,0.9
11,chr4,1796,A/C,True,0.9
12,chr21,1195,C/C,True,0.9
13,chr4,972,G/C,True,0.9
14,chr7,1901,A/G,True,0.9
15,chr7,64,G/G,True,0.9
16,chrY,1261,A/C,True,0.9
17,chr14,1900,C/C,True,0.9
18,chr14,215,A/T,True,0.9
19,chr8,630,C/G,True,0.9
20,chr15,1346,A/G,True,0.9
21,chr16,1572,G/A,True,0.9
22,chr13,1253,C/G,True,0.9
23,chr3,200,G/A,True,0.9
24,chr7,1400,C/T,True,0.9
25,chr6,1346,A/C,True,0.9
26,chr1,1206,A/T,True,0.9
27,chr21,324,C/A,True,0.9
28,chr7,1540,G/G,True,0.9
29,chr7,103,C/C,True,0.9
30,chr21,600,T/T,True,0.9
31,chr7,1361,C/T,True,0.9
32,chr7,889,G/C,True,0.9
33,chr10,1176,C/G,True,0.9
34,chr22,1962,T/G,True,0.9
35,chr2,1679,C/T,True,0.9
36,chr11,1201,G/C,True,0.9
37,chr10,1448,T/T,True,0.9
38,chrY,650,T/T,True,0.9
39,chr10,609,A/T,True,0.9
40,chr3,1808,G/C,True,0.9
41,chr2,1058,G/T,True,0.9
42,chr2,1132,G/A,True,0.9
43,chr13,945,T/A,True,0.9
44,chr19,70,T/C,True,0.9
45,chr12,1634,G/C,True,0.9
46,chr4,1554,T/C,True,0.9
47,chr2,1902,C/T,True,0.9
48,chr2,1618,C/C,True,0.9
49,chr12,966,T/T,True,0.9
50,chrY,588,A/C,True,0.9
51,chr12,1039,A/G,True,0.9
52,chr22,1874,A/A,True,0.9
53,chr3,536,C/T,True,0.9
54,chr15,1354,G/G,True,0.9
55,chrY,782,G/C,True,0.9
56,chr1,26,A/A,True,0.9
57,chrY,1669,C/A,True,0.9
58,chr22,954,C/G,True,0.9
59,chr10,554,G/C,True,0.9
60,chr10,1942,G/T,True,0.9
61,chr19,1607,T/G,True,0.9
62,chr13,1629,G/A,True,0.9
63,chr11,788,C/A,True,0.9
64,chr16,60,G/C,True,0.9
65,chr4,32,C/G,True,0.9
66,chr7,1854,C/A,True,0.9
67,chr2,349,T/G,True,0.9
68,chr10,881,C/T,True,0.9
69,chr4,487,A/G,True,0.9
70,chr1,986,C/T,True,0.9
71,chr19,420,G/T,True,0.9
72,chr11,1682,T/A,True,0.9
73,chr7,896,C/G,True,0.9
74,chr8,72,T/A,True,0.9
75,chr12,509,T/T,True,0.9
76,chr10,334,G/C,True,0.9
77,chr11,495,T/C,True,0.9
78,chr19,621,T/G,True,0.9
79,chr4,303,A/C,True,0.9
80,chr1,1549,C/G,True,0.9
81,chr20,1677,A/T,True,0.9
82,chr15,818,C/T,True,0.9
83,chr9,124,T/A,True,0.9
84,chr18,99,G/C,True,0.9
85,chr1,1429,T/C,True,0.9
86,chr22,1000,C/C,True,0.9
87,chr8,1132,C/T,True,0.9
88,chr14,821,C/G,True,0.9
89,chr5,1818,A/G,True,0.9
90,chr1,256,A/A,True,0.9
91,chr1,1914,G/T,True,0.9
92,chr6,1012,A/T,True,0.9
93,chr5,1392,G/C,True,0.9
94,chr11,141,C/A,True,0.9
95,chr2,1108,C/C,True,0.9
96,chr4,1447,T/A,True,0.9
97,chr3,750,C/A,True,0.9
98,chr5,668,A/T,True,0.9
99,chr19,1537,G/A,True,0.9
100,chr18,830,T/A,True,0.9
101,chr9,654,A/T,True,0.9
102,chr15,838,C/G,True,0.9
103,chr13,1508,G/A,True,0.9
104,chr6,1794,C/T,True,0.9
105,chr18,915,C/G,True,0.9
106,chr1,1633,G/G,True,0.9
107,chr22,441,C/T,True,0.9
108,chr16,922,A/C,True,0.9
109,chr4,1945,A/C,True,0.9
110,chr18,812,C/T,True,0.9
111,chr14,829,A/G,True,0.9
112,chr7,1534,G/T,True,0.9
113,chr15,385,C/T,True,0.9
114,chr21,628,A/A,True,0.9
115,chr16,187,G/G,True,0.9
116,chr18,623,T/C,True,0.9
117,chr3,520,A/A,True,0.9
118,chr2,1487,G/T,True,0.9
119,chr21,128,A/A,True,0.9
120,chr11,1711,C/C,True,0.9
121,chr7,1292,C/A,True,0.9
122,chr21,848,G/A,True,0.9
123,chr11,141,C/C,True,0.9
124,chr15,1986,A/C,True,0.9
125,chr10,1685,G/T,True,0.9
126,chr8,499,G/G,True,0.9
127,chr19,1538,A/C,True,0.9
128,chr17,1887,C/C,True,0.9
129,chr8,1843,A/G,True,0.9
130,chr14,1831,A/T,True,0.9
131,chr9,1849,A/G,True,0.9
132,chr6,1810,G/G,True,0.9
133,chr10,311,T/C,True,0.9
134,chr12,1840,C/T,True,0.9
135,chr3,462,G/C,True,0.9
136,chr12,1070,T/G,True,0.9
137,chr4,299,C/C,True,0.9
138,chr11,1346,G/G,True,0.9
139,chr11,1119,A/G,True,0.9
140,chr3,157,T/C,True,0.9
141,chr21,424,G/A,True,0.9
142,chr2,30,T/T,True,0.9
143,chr13,1781,A/A,True,0.9
144,chr6,1493,G/C,True,0.9
145,chr15,1064,G/T,True,0.9
146,chr13,1620,G/C,True,0.9
147,chr14,1609,C/G,True,0.9
148,chr11,1404,A/A,True,0.9
149,chr10,1785,A/A,True,0.9
150,chr1,1416,C/A,True,0.9
151,chr6,1008,A/G,True,0.9
152,chr9,1629,C/C,True,0.9
153,chr13,110,A/G,True,0.9
154,chr7,746,C/G,True,0.9
155,chr17,566,C/C,True,0.9
156,chr2,503,C/C,True,0.9
157,chr8,1712,C/G,True,0.9
158,chr21,1454,G/C,True,0.9
159,chr11,1380,A/G,True,0.9
160,chr10,79,T/G,True,0.9
161,chr10,1722,A/C,True,0.9
162,chrX,403,T/A,True,0.9
163,chr20,369,A/C,True,0.9
164,chr16,1685,A/G,True,0.9
165,chr14,1378,G/A,True,0.9
166,chr12,127,C/T,True,0.9
167,chr4,1399,A/T,True,0.9
168,chr14,1054,G/C,True,0.9
169,chrY,351,T/A,True,0.9
170,chr11,1605,G/T,True,0.9
171,chr19,1646,T/A,True,0.9
172,chr6,350,C/A,True,0.9
173,chr7,630,A/C,True,0.9
174,chr3,1934,A/G,True,0.9
175,chr22,413,G/C,True,0.9
176,chr22,179,T/G,True,0.9
177,chr16,1605,A/C,True,0.9
178,chr15,1347,T/C,True,0.9
179,chr14,92,G/C,True,0.9
180,chr2,104,C/C,True,0.9
181,chr13,267,T/G,True,0.9
182,chr22,653,C/T,True,0.9
183,chr4,1321,A/G,True,0.9
184,chr22,1848,C/A,True,0.9
185,chr8,1447,G/G,True,0.9
186,chr15,281,C/T,True,0.9
187,chr13,1795,G/T,True,0.9
188,chr21,773,C/C,True,0.9
189,chr14,780,A/A,True,0.9
190,chr6,500,G/G,True,0.9
191,chr7,1146,T/T,True,0.9
192,chr3,1249,T/C,True,0.9
193,chr6,458,T/G,True,0.9
194,chr19,293,G/G,True,0.9
195,chr21,432,T/T,True,0.9
196,chr8,473,T/C,True,0.9
197,chr9,1962,T/C,True,0.9
198,chr14,1117,A/T,True,0.9
199,chr15,349,G/T,True,0.9
200,chr19,1174,G/A,True,0.9
201,chr10,1794,C/T,True,0.9
202,chr18,1703,T/A,True,0.9
203,chr10,394,T/G,True,0.9
204,chr19,12,A/C,True,0.9
205,chr10,460,C/G,True,0.9
206,chr20,1292,A/C,True,0.9
207,chr8,1725,T/T,True,0.9
208,chr1,93,T/T,True,0.9
209,chr9,219,T/A,True,0.9
210,chr13,1056,T/C,True,0.9
211,chr6,115,C/C,True,0.9
212,chr3,1988,G/C,True,0.9
213,chr15,1435,C/T,True,0.9
214,chr3,1785,G/T,True,0.9
215,chr13,1421,A/G,True,0.9
216,chr19,1360,C/T,True,0.9
217,chr1,841,A/A,True,0.9
218,chr4,1699,A/C,True,0.9
219,chr17,540,C/G,True,0.9
220,chrX,837,C/C,True,0.9
221,chr2,222,C/G,True,0.9
222,chr4,962,T/G,True,0.9
223,chr19,1423,C/G,True,0.9
224,chr20,1919,C/G,True,0.9
225,chr18,1368,A/C,True,0.9
226,chr2,1956,C/G,True,0.9
227,chrX,1493,T/A,True,0.9
228,chr1,1113,A/G,True,0.9
229,chr21,1869,G/G,True,0.9
230,chr18,1524,G/G,True,0.9
231,chr15,80,A/T,True,0.9
232,chr7,685,G/C,True,0.9
233,chr19,1025,T/T,True,0.9
234,chr17,646,A/A,True,0.9
235,chr20,1836,T/T,True,0.9
236,chr17,538,A/C,True,0.9
237,chr16,795,C/A,True,0.9
238,chr20,302,T/A,True,0.9
239,chr14,1783,G/C,True,0.9
240,chr3,1360,C/T,True,0.9
241,chr15,1275,A/C,True,0.9
242,chr13,1523,G/A,True,0.9
243,chr7,1856,G/T,True,0.9
244,chr19,79,C/G,True,0.9
245,chr12,947,T/C,True,0.9
246,chr11,499,C/A,True,0.9
247,chr14,157,A/G,True,0.9
248,chr15,840,T/T,True,0.9
249,chr2,1644,C/A,True,0.9
250,chr7,964,G/T,True,0.9
251,chr19,410,C/G,True,0.9
252,chr2,1357,G/A,True,0.9
253,chr8,1204,T/C,True,0.9
254,chr10,765,G/T,True,0.9
255,chr12,656,T/A,True,0.9
256,chr4,1022,C/T,True,0.9
257,chr9,1473,C/A,True,0.9
258,chrY,552,A/G,True,0.9
259,chr20,1484,C/A,True,0.9
260,chr14,474,G/C,True,0.9
261,chr15,1444,C/T,True,0.9
262,chr3,627,G/C,True,0.9
263,chr5,1229,G/C,True,0.9
264,chr16,1360,T/T,True,0.9
265,chr7,878,G/C,True,0.9
266,chr18,51,C/T,True,0.9
267,chr22,1172,A/T,True,0.9
268,chr17,1995,G/C,True,0.9
269,chr16,1168,G/T,True,0.9
270,chr9,776,A/G,True,0.9
271,chr12,665,A/T,True,0.9
272,chr6,1979,C/C,True,0.9
273,chr15,800,A/T,True,0.9
274,chr15,740,A/G,True,0.9
275,chr16,287,C/G,True,0.9
276,chr2,731,C/C,True,0.9
277,chr4,939,G/G,True,0.9
278,chr9,1714,C/C,True,0.9
279,chr13,265,A/A,True,0.9
280,chr4,902,T/G,True,0.9
281,chr3,532,T/C,True,0.9
282,chr10,1900,G/G,True,0.9
283,chr13,308,A/C,True,0.9
284,chr7,1447,A/G,True,0.9
285,chr13,130,A/G,True,0.9
286,chr7,732,A/C,True,0.9
287,chrY,1475,G/C,True,0.9
288,chr7,1555,C/A,True,0.9
289,chr7,120,A/A,True,0.9
290,chr13,1449,A/A,True,0.9
291,chrX,1658,G/A,True,0.9
292,chr1,459,G/G,True,0.9
293,chr17,1704,A/C,True,0.9
294,chr14,1794,T/T,True,0.9
295,chr8,1082,A/G,True,0.9
296,chr12,1572,A/T,True,0.9
297,chr19,1889,G/C,True,0.9
298,chr5,1322,A/C,True,0.9
299,chrX,1473,A/T,True,0.9
300,chrX,1230,T/C,True,0.9
301,chr3,1172,C/G,True,0.9
302,chr8,623,G/A,True,0.9
303,chr14,1116,C/C,True,0.9
304,chr19,449,T/T,True,0.9
305,chr18,1669,G/A,True,0.9
306,chr11,1163,A/A,True,0.9
307,chr12,762,A/T,True,0.9
308,chr19,919,T/A,True,0.9
309,chr18,1368,G/G,True,0.9
310,chr16,651,T/T,True,0.9
311,chr14,1474,T/G,True,0.9
312,chrX,1026,C/T,True,0.9
313,chr20,729,G/T,True,0.9
314,chr9,1656,G/C,True,0.9
315,chr21,1697,G/T,True,0.9
316,chr11,494,G/T,True,0.9
317,chr6,1067,C/C,True,0.9
318,chr3,567,G/A,True,0.9
319,chr17,737,A/A,True,0.9
320,chr2,1155,C/T,True,0.9
321,chrY,973,G/A,True,0.9
322,chrY,1812,A/A,True,0.9
323,chr6,333,A/G,True,0.9
324,chr1,954,A/A,True,0.9
325,chr20,122,T/T,True,0.9
326,chr1,1466,C/T,True,0.9
327,chr10,1389,G/G,True,0.9
328,chr3,770,G/C,True,0.9
329,chr11,1308,G/C,True,0.9
330,chr20,1512,C/A,True,0.9
331,chr17,833,A/T,True,0.9
332,chr8,1693,C/A,True,0.9
333,chr11,947,A/T,True,0.9
334,chr17,1966,C/A,True,0.9
335,chr21,242,G/G,True,0.9
336,chr8,1630,T/G,True,0.9
337,chr14,300,A/T,True,0.9
338,chr22,1261,T/A,True,0.9
339,chrX,1701,C/C,True,0.9
340,chr18,181,T/A,True,0.9
341,chr21,1518,G/G,True,0.9
342,chr14,497,G/T,True,0.9
343,chr10,1557,G/G,True,0.9
344,chr2,540,G/T,True,0.9
345,chr16,520,G/A,True,0.9
346,chr3,1352,C/C,True,0.9
347,chr5,976,T/G,True,0.9
348,chr19,1607,A/T,True,0.9
349,chrX,1951,T/G,True,0.9
350,chr8,948,C/T,True,0.9
351,chrX,173,A/T,True,0.9
352,chr12,928,G/G,True,0.9
353,chr13,1442,C/C,True,0.9
354,chr22,444,T/G,True,0.9
355,chr3,1625,C/G,True,0.9
356,chr8,689,G/G,True,0.9
357,chr4,679,G/G,True,0.9
358,chr16,495,A/C,True,0.9
359,chr4,298,A/T,True,0.9
360,chr9,498,A/A,True,0.9
361,chr19,1643,T/T,True,0.9
362,chr8,771,C/G,True,0.9
363,chr5,1579,T/C,True,0.9
364,chr6,711,A/A,True,0.9
365,chr11,1589,T/C,True,0.9
366,chr19,264,A/C,True,0.9
367,chr4,1059,A/G,True,0.9
368,chrY,1430,T/A,True,0.9
369,chr22,1448,G/T,True,0.9
370,chr19,1253,C/T,True,0.9
371,chr3,1899,T/C,True,0.9
372,chr20,1270,A/A,True,0.9
373,chr11,1621,C/C,True,0.9
374,chr16,1053,G/A,True,0.9
375,chr1,266,A/T,True,0.9
376,chr21,387,A/T,True,0.9
377,chr2,367,A/T,True,0.9
378,chr19,934,A/T,True,0.9
379,chr16,365,T/A,True,0.9
380,chr16,663,T/T,True,0.9
381,chr1,9,G/C,True,0.9
382,chr8,1628,C/G,True,0.9
383,chr7,1327,T/T,True,0.9
384,chr7,1195,A/G,True,0.9
385,chr1,787,C/C,True,0.9
386,chr16,241,G/C,True,0.9
387,chr8,1478,G/C,True,0.9
388,chr21,998,T/A,True,0.9
389,chr17,1160,T/C,True,0.9
390,chr13,701,T/G,True,0.9
391,chr22,1298,G/G,True,0.9
392,chr14,1896,A/G,True,0.9
393,chrY,498,G/G,True,0.9
394,chr18,1529,C/G,True,0.9
395,chr10,755,T/T,True,0.9
396,chr15,724,A/C,True,0.9
397,chrY,1275,A/A,True,0.9
398,chr7,275,T/G,True,0.9
399,chrY,1217,A/T,True,0.9
400,chrY,39,A/C,True,0.9
401,chr22,581,G/A,True,0.9
402,chr3,1239,C/T,True,0.9
403,chr17,77,T/A,True,0.9
404,chrY,1337,C/T,True,0.9
405,chr15,587,G/T,True,0.9
406,chr6,1857,G/C,True,0.9
407,chr5,1572,C/G,True,0.9
408,chr12,1095,C/T,True,0.9
409,chrY,1062,G/T,True,0.9
410,chr21,1091,A/G,True,0.9
411,chr21,26,T/A,True,0.9
412,chr8,1822,A/C,True,0.9
413,chr19,1000,A/A,True,0.9
414,chr6,609,A/T,True,0.9
415,chr16,1352,G/A,True,0.9
416,chrX,234,G/A,True,0.9
417,chr17,1710,G/T,True,0.9
418,chr20,304,T/A,True,0.9
419,chr12,684,A/G,True,0.9
420,chr3,414,A/C,True,0.9
421,chr2,1348,C/T,True,0.9
422,chr10,1231,A/C,True,0.9
423,chr11,1415,A/C,True,0.9
424,chr13,1749,T/A,True,0.9
425,chrY,111,G/C,True,0.9
426,chr3,917,A/A,True,0.9
427,chr13,631,T/A,True,0.9
428,chr1,954,T/G,True,0.9
429,chr4,314,A/A,True,0.9
430,chr4,1687,A/C,True,0.9
431,chr7,492,T/T,True,0.9
432,chr16,527,C/G,True,0.9
433,chrY,1857,T/T,True,0.9
434,chr18,1776,G/T,True,0.9
435,chr15,690,A/T,True,0.9
436,chr21,1381,T/T,True,0.9
437,chr22,394,A/T,True,0.9
438,chr22,1554,G/C,True,0.9
439,chr11,1226,A/T,True,0.9
440,chrY,176,G/G,True,0.9
441,chr15,150,A/C,True,0.9
442,chr15,1676,A/A,True,0.9
443,chr12,1401,G/T,True,0.9
444,chr14,1467,C/A,True,0.9
445,chr2,1664,A/G,True,0.9
446,chr16,338,C/C,True,0.9
447,chr1,1723,C/T,True,0.9
448,chr9,965,G/G,True,0.9
449,chr6,614,T/A,True,0.9
450,chr8,1244,A/A,True,0.9
451,chr7,1566,C/C,True,0.9
452,chr17,759,A/T,True,0.9
453,chr14,1088,G/C,True,0.9
454,chr12,720,A/C,True,0.9
455,chr17,971,G/G,True,0.9
456,chr12,31,A/T,True,0.9
457,chr3,1481,T/A,True,0.9
458,chr1,1676,C/G,True,0.9
459,chr22,86,C/A,True,0.9
460,chr20,1064,T/C,True,0.9
461,chr1,1172,T/C,True,0.9
462,chr20,685,A/C,True,0.9
463,chr15,1804,A/A,True,0.9
464,chr7,1767,T/T,True,0.9
465,chr4,1432,G/T,True,0.9
466,chr13,1114,G/A,True,0.9
467,chr13,201,G/C,True,0.9
468,chr20,216,C/A,True,0.9
469,chr10,915,C/T,True,0.9
470,chr4,150,A/T,True,0.9
471,chr8,1773,G/G,True,0.9
472,chr12,763,G/C,True,0.9
473,chr8,1065,T/C,True,0.9
474,chr19,1802,T/A,True,0.9
475,chr10,1080,G/C,True,0.9
476,chr22,1419,T/A,True,0.9
477,chr21,784,C/A,True,0.9
478,chr21,1602,G/C,True,0.9
479,chr7,1166,C/G,True,0.9
480,chr18,627,C/T,True,0.9
481,chr12,778,A/A,True,0.9
482,chr4,233,G/A,True,0.9
483,chr15,670,T/T,True,0.9
