,CHROMOSOME,pos,mut,is_ok,approved_ratio
0,chr19,29,A/A,True,0.9
1,chr17,1854,G/A,True,0.9
2,chr22,1792,G/G,True,0.9
3,chr4,1695,A/T,True,0.9
4,chrX,1095,T/G,True,0.9
5,chr6,1831,G/G,True,0.9
6,chr6,1031,T/T,True,0.9
7,chrY,1431,C/A,True,0.9
8,chr7,430,G/T,True,0.9
9,chrY,1265,G/A,True,0.9
10,chr18,624,G/T,True,0.9
11,chr7,1821,G/C,True,0.9
12,chr21,532,G/T,True,0.9
13,chr21,361,G/C,True,0.9
14,chrY,288,G/G,True,0.9
15,chr4,1464,C/T,True,0.9
16,chr6,1137,G/C,True,0.9
17,chrX,1102,T/G,True,0.9
18,chr8,630,C/G,True,0.9
19,chr15,1346,A/G,True,0.9
20,chr9,142,T/T,True,0.9
21,chr18,81,G/T,True,0.9
22,chr3,200,G/A,True,0.9
23,chr19,1015,G/A,True,0.9
24,chr7,1400,C/T,True,0.9
25,chr3,929,T/C,True,0.9
26,chr5,795,A/A,True,0.9
27,chr1,1206,A/T,True,0.9
28,chr7,1540,G/G,True,0.9
29,chr21,600,T/T,True,0.9
30,chr14,825,T/G,True,0.9
31,chr22,1533,A/G,True,0.9
32,chr6,1644,T/A,True,0.9
33,chr4,1203,A/G,True,0.9
34,chr22,1985,G/G,True,0.9
35,chr11,814,G/T,True,0.9
36,chr6,377,T/T,True,0.9
37,chr6,1894,C/A,True,0.9
38,chr15,569,G/T,True,0.9
39,chr10,609,A/T,True,0.9
40,chr3,1808,G/C,True,0.9
41,chr11,609,G/T,True,0.9
42,chr20,398,C/C,True,0.9
43,chr7,1849,A/T,True,0.9
44,chr20,626,G/C,True,0.9
45,chr9,501,C/C,True,0.9
46,chr11,1971,C/T,True,0.9
47,chr9,456,C/A,True,0.9
48,chrX,991,C/A,True,0.9
49,chr2,1618,C/C,True,0.9
50,chr12,966,T/T,True,0.9
51,chr11,477,A/C,True,0.9
52,chr22,1874,A/A,True,0.9
53,chrX,1943,A/C,True,0.9
54,chr12,1577,G/C,True,0.9
55,chrY,1638,A/A,True,0.9
56,chr16,1246,T/C,True,0.9
57,chr15,1354,G/G,True,0.9
58,chr4,693,A/T,True,0.9
59,chrY,509,T/T,True,0.9
60,chr1,569,A/C,True,0.9
61,chr6,1313,C/C,True,0.9
62,chrY,1784,T/C,True,0.9
63,chr14,400,C/A,True,0.9
64,chr5,938,T/C,True,0.9
65,chr22,954,C/G,True,0.9
66,chr5,1033,A/G,True,0.9
67,chr19,1607,T/G,True,0.9
68,chr22,1798,G/T,True,0.9
69,chr19,260,C/A,True,0.9
70,chr22,1153,A/G,True,0.9
71,chr4,32,C/G,True,0.9
72,chr22,536,T/T,True,0.9
73,chr16,1766,C/T,True,0.9
74,chr10,910,C/C,True,0.9
75,chr6,1398,A/A,True,0.9
76,chr9,1717,T/A,True,0.9
77,chr4,487,A/G,True,0.9
78,chr15,143,A/C,True,0.9
79,chr2,1802,G/T,True,0.9
80,chr4,1270,A/T,True,0.9
81,chr19,1514,T/C,True,0.9
82,chr8,1532,A/G,True,0.9
83,chr9,1726,A/T,True,0.9
84,chr12,1673,T/C,True,0.9
85,chr2,1440,G/G,True,0.9
86,chr10,1898,G/T,True,0.9
87,chr20,1677,A/T,True,0.9
88,chr11,102,C/T,True,0.9
89,chr12,690,T/T,True,0.9
90,chr18,99,G/C,True,0.9
91,chr8,1132,C/T,True,0.9
92,chr1,1914,G/T,True,0.9
93,chr9,1187,A/T,True,0.9
94,chr5,668,A/T,True,0.9
95,chr20,879,G/C,True,0.9
96,chr8,1502,A/T,True,0.9
97,chr13,709,A/A,True,0.9
98,chr18,830,T/A,True,0.9
99,chr21,1382,A/C,True,0.9
100,chr19,568,T/G,True,0.9
101,chr14,814,T/C,True,0.9
102,chr18,915,C/G,True,0.9
103,chrX,1767,G/A,True,0.9
104,chr11,1081,C/G,True,0.9
105,chr1,1633,G/G,True,0.9
106,chr4,829,G/T,True,0.9
107,chrX,842,T/T,True,0.9
108,chr12,945,A/T,True,0.9
109,chrX,1767,A/C,True,0.9
110,chr3,304,C/A,True,0.9
111,chr7,1534,G/T,True,0.9
112,chr21,628,A/A,True,0.9
113,chr11,744,A/A,True,0.9
114,chr16,187,G/G,True,0.9
115,chr12,130,G/G,True,0.9
116,chr3,520,A/A,True,0.9
117,chr21,128,A/A,True,0.9
118,chr19,1138,C/G,True,0.9
119,chr7,1292,C/A,True,0.9
120,chr1,765,C/A,True,0.9
121,chr11,57,C/G,True,0.9
122,chr22,1291,T/G,True,0.9
123,chr9,1133,C/C,True,0.9
124,chr18,1453,A/A,True,0.9
125,chr7,1718,A/A,True,0.9
126,chr14,1831,A/T,True,0.9
127,chr5,1587,T/T,True,0.9
128,chr12,1070,T/G,True,0.9
129,chr4,299,C/C,True,0.9
130,chr11,1119,A/G,True,0.9
131,chr21,424,G/A,True,0.9
132,chr2,1786,C/A,True,0.9
133,chr13,406,C/C,True,0.9
134,chr17,629,C/A,True,0.9
135,chr15,108,T/G,True,0.9
136,chr15,1064,G/T,True,0.9
137,chr13,1620,G/C,True,0.9
138,chr11,1002,G/A,True,0.9
139,chr9,1629,C/C,True,0.9
140,chr13,110,A/G,True,0.9
141,chr1,394,T/C,True,0.9
142,chr4,52,T/A,True,0.9
143,chr14,458,T/T,True,0.9
144,chr7,658,C/G,True,0.9
145,chr1,832,C/T,True,0.9
146,chr18,1697,T/G,True,0.9
147,chr17,566,C/C,True,0.9
148,chr10,79,T/G,True,0.9
149,chrX,403,T/A,True,0.9
150,chr21,104,A/A,True,0.9
151,chr20,369,A/C,True,0.9
152,chr11,1716,T/T,True,0.9
153,chr1,1007,A/T,True,0.9
154,chr17,110,G/C,True,0.9
155,chr14,1378,G/A,True,0.9
156,chr21,497,T/A,True,0.9
157,chr1,525,A/G,True,0.9
158,chrY,351,T/A,True,0.9
159,chr11,1605,G/T,True,0.9
160,chr5,644,C/G,True,0.9
161,chr8,1719,A/A,True,0.9
162,chr19,1646,T/A,True,0.9
163,chr11,1386,T/C,True,0.9
164,chr6,350,C/A,True,0.9
165,chr5,1551,C/G,True,0.9
166,chr18,480,C/G,True,0.9
167,chr7,580,G/T,True,0.9
168,chr16,1605,A/C,True,0.9
169,chr15,1215,G/A,True,0.9
170,chr20,489,C/T,True,0.9
171,chr14,92,G/C,True,0.9
172,chr13,267,T/G,True,0.9
173,chr22,653,C/T,True,0.9
174,chr11,798,G/G,True,0.9
175,chr2,385,G/T,True,0.9
176,chr10,1288,C/T,True,0.9
177,chr16,1293,A/G,True,0.9
178,chr2,658,G/A,True,0.9
179,chr16,1179,A/G,True,0.9
180,chr11,534,G/T,True,0.9
181,chr21,773,C/C,True,0.9
182,chr21,1742,C/C,True,0.9
183,chr6,500,G/G,True,0.9
184,chr14,1956,G/T,True,0.9
185,chr16,1503,T/G,True,0.9
186,chr19,257,C/A,True,0.9
187,chr8,473,T/C,True,0.9
188,chr6,543,A/A,True,0.9
189,chr15,349,G/T,True,0.9
190,chr15,341,A/G,True,0.9
191,chr4,1854,G/A,True,0.9
192,chr18,1703,T/A,True,0.9
193,chr10,394,T/G,True,0.9
194,chr5,1451,G/A,True,0.9
195,chr7,620,C/G,True,0.9
196,chr8,1416,C/G,True,0.9
197,chr15,361,A/G,True,0.9
198,chr14,233,T/T,True,0.9
199,chr5,1887,G/A,True,0.9
200,chr22,1199,G/A,True,0.9
201,chr5,797,C/G,True,0.9
202,chr6,115,C/C,True,0.9
203,chr8,1284,T/A,True,0.9
204,chr11,822,A/T,True,0.9
205,chr3,1988,G/C,True,0.9
206,chr15,1435,C/T,True,0.9
207,chrX,368,C/C,True,0.9
208,chr19,1360,C/T,True,0.9
209,chr4,1699,A/C,True,0.9
210,chr7,337,A/A,True,0.9
211,chr2,1039,G/G,True,0.9
212,chr13,1798,C/T,True,0.9
213,chr7,12,C/C,True,0.9
214,chr15,1673,C/G,True,0.9
215,chr19,1423,C/G,True,0.9
216,chr22,1203,G/T,True,0.9
217,chr18,1368,A/C,True,0.9
218,chr16,698,A/A,True,0.9
219,chr18,943,C/C,True,0.9
220,chr9,1112,A/C,True,0.9
221,chr17,31,C/T,True,0.9
222,chr2,371,T/C,True,0.9
223,chr10,1584,T/T,True,0.9
224,chr4,734,G/C,True,0.9
225,chr17,734,C/A,True,0.9
226,chrX,1096,A/G,True,0.9
227,chr13,411,G/T,True,0.9
228,chr1,788,A/T,True,0.9
229,chr9,1413,T/G,True,0.9
230,chr2,308,G/T,True,0.9
231,chr17,538,A/C,True,0.9
232,chr16,795,C/A,True,0.9
233,chr5,68,A/A,True,0.9
234,chr3,1360,C/T,True,0.9
235,chr15,1275,A/C,True,0.9
236,chr4,1768,C/T,True,0.9
237,chrY,465,A/A,True,0.9
238,chr9,1098,A/A,True,0.9
239,chr2,1644,C/A,True,0.9
240,chr16,310,G/G,True,0.9
241,chrY,276,T/C,True,0.9
242,chr2,1357,G/A,True,0.9
243,chr8,1204,T/C,True,0.9
244,chrY,1687,T/T,True,0.9
245,chr11,412,C/G,True,0.9
246,chr9,70,A/A,True,0.9
247,chr21,820,C/A,True,0.9
248,chr5,225,T/C,True,0.9
249,chr12,656,T/A,True,0.9
250,chr13,677,G/G,True,0.9
251,chr2,1665,A/A,True,0.9
252,chr17,1123,T/C,True,0.9
253,chr18,1472,G/A,True,0.9
254,chrX,1731,G/C,True,0.9
255,chrY,552,A/G,True,0.9
256,chr20,1484,C/A,True,0.9
257,chr14,474,G/C,True,0.9
258,chr14,1418,G/A,True,0.9
259,chr5,1229,G/C,True,0.9
260,chr16,1360,T/T,True,0.9
261,chr15,1745,A/T,True,0.9
262,chrX,749,C/A,True,0.9
263,chr17,1608,T/A,True,0.9
264,chr6,129,T/T,True,0.9
265,chr21,1042,C/G,True,0.9
266,chr19,1148,C/G,True,0.9
267,chrX,1661,T/G,True,0.9
268,chr14,1582,C/G,True,0.9
269,chr10,1915,T/A,True,0.9
270,chr1,1799,T/G,True,0.9
271,chr8,1879,T/T,True,0.9
272,chr5,1203,A/G,True,0.9
273,chr8,1126,T/C,True,0.9
274,chr15,1506,C/A,True,0.9
275,chr14,1307,T/A,True,0.9
276,chrY,266,A/C,True,0.9
277,chr9,1902,A/T,True,0.9
278,chr12,103,A/G,True,0.9
279,chr3,532,T/C,True,0.9
280,chr14,1580,C/A,True,0.9
281,chr1,1233,C/T,True,0.9
282,chr21,1781,C/G,True,0.9
283,chrY,784,T/A,True,0.9
284,chr14,165,T/A,True,0.9
285,chr1,1947,G/T,True,0.9
286,chr13,308,A/C,True,0.9
287,chr17,1765,C/T,True,0.9
288,chr11,1207,T/C,True,0.9
289,chr13,130,A/G,True,0.9
290,chr5,1883,C/T,True,0.9
291,chr9,1085,A/G,True,0.9
292,chr9,329,A/A,True,0.9
293,chr21,806,A/G,True,0.9
294,chr13,1449,A/A,True,0.9
295,chrX,1658,G/A,True,0.9
296,chr1,497,C/A,True,0.9
297,chr3,259,C/T,True,0.9
298,chr1,459,G/G,True,0.9
299,chr14,1794,T/T,True,0.9
300,chrX,1473,A/T,True,0.9
301,chr13,849,G/T,True,0.9
302,chr10,1587,A/G,True,0.9
303,chr10,1297,C/A,True,0.9
304,chrX,1230,T/C,True,0.9
305,chr8,623,G/A,True,0.9
306,chr14,1116,C/C,True,0.9
307,chr19,449,T/T,True,0.9
308,chr16,35,A/T,True,0.9
309,chr15,390,G/A,True,0.9
310,chr18,1669,G/A,True,0.9
311,chr14,1024,A/T,True,0.9
312,chr2,1981,C/G,True,0.9
313,chr12,762,A/T,True,0.9
314,chr1,1950,T/C,True,0.9
315,chr10,823,T/A,True,0.9
316,chr18,1368,G/G,True,0.9
317,chr16,651,T/T,True,0.9
318,chrY,1739,C/A,True,0.9
319,chr7,355,T/G,True,0.9
320,chrX,1026,C/T,True,0.9
321,chr6,392,A/C,True,0.9
322,chr7,1683,G/G,True,0.9
323,chr13,956,T/G,True,0.9
324,chr12,76,T/T,True,0.9
325,chr3,913,G/A,True,0.9
326,chr11,494,G/T,True,0.9
327,chr21,1486,A/C,True,0.9
328,chr17,1966,C/G,True,0.9
329,chr17,737,A/A,True,0.9
330,chr18,226,C/T,True,0.9
331,chr16,880,A/G,True,0.9
332,chrY,1812,A/A,True,0.9
333,chrX,939,T/A,True,0.9
334,chr6,333,A/G,True,0.9
335,chr10,782,G/T,True,0.9
336,chr19,1801,C/A,True,0.9
337,chrY,1052,A/T,True,0.9
338,chr20,122,T/T,True,0.9
339,chr1,1466,C/T,True,0.9
340,chr19,1251,A/T,True,0.9
341,chr20,1512,C/A,True,0.9
342,chr20,628,C/T,True,0.9
343,chr8,1693,C/A,True,0.9
344,chr1,1495,A/A,True,0.9
345,chr14,300,A/T,True,0.9
346,chr15,375,G/C,True,0.9
347,chr18,1163,T/G,True,0.9
348,chr17,1660,G/G,True,0.9
349,chr20,942,T/G,True,0.9
350,chr20,29,C/T,True,0.9
351,chr10,1557,G/G,True,0.9
352,chr18,1989,C/T,True,0.9
353,chr2,540,G/T,True,0.9
354,chr7,1556,A/G,True,0.9
355,chr3,1352,C/C,True,0.9
356,chr5,976,T/G,True,0.9
357,chrX,1951,T/G,True,0.9
358,chr12,928,G/G,True,0.9
359,chr13,1442,C/C,True,0.9
360,chr17,1241,C/A,True,0.9
361,chr3,1625,C/G,True,0.9
362,chr16,495,A/C,True,0.9
363,chr17,1599,T/T,True,0.9
364,chr13,1205,C/A,True,0.9
365,chrX,1014,T/G,True,0.9
366,chr15,1414,A/T,True,0.9
367,chr4,1059,A/G,True,0.9
368,chrY,1430,T/A,True,0.9
369,chr3,1639,G/A,True,0.9
370,chr18,255,T/G,True,0.9
371,chr11,904,T/T,True,0.9
372,chr11,1621,C/C,True,0.9
373,chr1,510,G/C,True,0.9
374,chr1,266,A/T,True,0.9
375,chr21,387,A/T,True,0.9
376,chr17,371,G/T,True,0.9
377,chr5,1841,T/G,True,0.9
378,chr17,1535,A/C,True,0.9
379,chr11,815,A/G,True,0.9
380,chr8,950,T/C,True,0.9
381,chr4,1381,C/A,True,0.9
382,chr8,1684,C/T,True,0.9
383,chr11,1900,A/C,True,0.9
384,chr16,241,G/C,True,0.9
385,chr4,368,G/A,True,0.9
386,chr22,1739,G/T,True,0.9
387,chr21,998,T/A,True,0.9
388,chr21,1076,C/G,True,0.9
389,chr2,555,T/G,True,0.9
390,chr17,1160,T/C,True,0.9
391,chr22,868,C/C,True,0.9
392,chr10,1487,G/G,True,0.9
393,chr7,1849,T/C,True,0.9
394,chr17,1265,A/A,True,0.9
395,chrY,498,G/G,True,0.9
396,chr15,724,A/C,True,0.9
397,chr5,666,A/T,True,0.9
398,chr4,447,T/T,True,0.9
399,chr18,1831,A/A,True,0.9
400,chr14,746,A/T,True,0.9
401,chr12,782,C/G,True,0.9
402,chr8,723,A/A,True,0.9
403,chrY,39,A/C,True,0.9
404,chr1,249,A/C,True,0.9
405,chrY,1337,C/T,True,0.9
406,chr1,1107,A/C,True,0.9
407,chr19,1249,A/T,True,0.9
408,chr18,1061,C/C,True,0.9
409,chr13,1019,C/A,True,0.9
410,chr16,31,C/T,True,0.9
411,chr21,26,T/A,True,0.9
412,chr10,189,A/T,True,0.9
413,chr19,1000,A/A,True,0.9
414,chr17,558,A/A,True,0.9
415,chr16,1395,C/G,True,0.9
416,chrX,234,G/A,True,0.9
417,chr20,1895,G/A,True,0.9
418,chr17,1710,G/T,True,0.9
419,chr6,1876,C/C,True,0.9
420,chr21,1082,A/C,True,0.9
421,chr7,1158,A/A,True,0.9
422,chr6,326,T/C,True,0.9
423,chr2,1348,C/T,True,0.9
424,chr4,314,A/A,True,0.9
425,chr2,1036,A/G,True,0.9
426,chr12,84,A/T,True,0.9
427,chrY,1909,T/A,True,0.9
428,chr20,765,A/G,True,0.9
429,chr7,332,A/T,True,0.9
430,chrX,1892,C/A,True,0.9
431,chr4,1994,C/A,True,0.9
432,chr18,1776,G/T,True,0.9
433,chr12,361,G/A,True,0.9
434,chrX,1438,T/A,True,0.9
435,chr22,1554,G/C,True,0.9
436,chr11,1226,A/T,True,0.9
437,chr10,1638,G/T,True,0.9
438,chrY,176,G/G,True,0.9
439,chr15,150,A/C,True,0.9
440,chr1,483,C/G,True,0.9
441,chr8,1649,T/C,True,0.9
442,chr15,1676,A/A,True,0.9
443,chr12,241,G/A,True,0.9
444,chr3,70,C/G,True,0.9
445,chr10,1927,C/G,True,0.9
446,chr12,1401,G/T,True,0.9
447,chr18,970,T/G,True,0.9
448,chr13,1111,T/T,True,0.9
449,chr2,1664,A/G,True,0.9
450,chr22,235,T/C,True,0.9
451,chr4,1527,C/A,True,0.9
452,chr22,22,C/A,True,0.9
453,chr1,205,T/T,True,0.9
454,chr2,1334,G/C,True,0.9
455,chr8,1244,A/A,True,0.9
456,chr17,759,A/T,True,0.9
457,chr9,1319,G/T,True,0.9
458,chr8,818,G/G,True,0.9
459,chr17,971,G/G,True,0.9
460,chr18,1918,G/A,True,0.9
461,chr21,706,C/C,True,0.9
462,chr20,1064,T/C,True,0.9
463,chr4,1437,A/C,True,0.9
464,chr15,1804,A/A,True,0.9
465,chr16,1217,T/G,True,0.9
466,chrY,1065,A/C,True,0.9
467,chr17,104,C/T,True,0.9
468,chr10,1921,T/A,True,0.9
469,chr8,655,C/T,True,0.9
470,chr6,1829,C/G,True,0.9
471,chr7,1623,G/C,True,0.9
472,chr13,1088,G/C,True,0.9
473,chr19,1394,A/G,True,0.9
474,chr13,189,G/T,True,0.9
475,chr9,1574,T/C,True,0.9
476,chr15,544,A/C,True,0.9
477,chr6,954,T/T,True,0.9
478,chr21,1522,T/T,True,0.9
479,chrX,1228,C/G,True,0.9
480,chr12,763,G/C,True,0.9
481,chr13,245,A/G,True,0.9
482,chr2,1356,A/T,True,0.9
483,chr5,1414,G/T,True,0.9
484,chr10,1946,G/C,True,0.9
485,chr11,1613,G/C,True,0.9
486,chr8,815,T/G,True,0.9
487,chr9,710,C/T,True,0.9
488,chr17,10,A/A,True,0.9
489,chr15,392,G/C,True,0.9
490,chrY,1971,A/C,True,0.9
