,CHROMOSOME,pos,mut,is_ok,approved_ratio
0,chr18,1597,G/A,True,0.9
1,chr7,1170,A/C,True,0.9
2,chr15,1760,T/G,True,0.9
3,chr11,1682,G/A,True,0.9
4,chr4,1695,A/T,True,0.9
5,chr19,1330,A/C,True,0.9
6,chr11,1748,C/A,True,0.9
7,chr6,1831,G/G,True,0.9
8,chr16,100,G/T,True,0.9
9,chr6,1031,T/T,True,0.9
10,chrY,1431,C/A,True,0.9
11,chr18,624,G/T,True,0.9
12,chr13,511,C/T,True,0.9
13,chr4,1796,A/C,True,0.9
14,chr21,1195,C/C,True,0.9
15,chr4,972,G/C,True,0.9
16,chr21,361,G/C,True,0.9
17,chr13,1823,A/C,True,0.9
18,chr15,1987,T/A,True,0.9
19,chrY,288,G/G,True,0.9
20,chrY,809,T/G,True,0.9
21,chr6,1137,G/C,True,0.9
22,chr14,1900,C/C,True,0.9
23,chr14,154,G/G,True,0.9
24,chr9,1527,T/C,True,0.9
25,chr9,142,T/T,True,0.9
26,chr13,1253,C/G,True,0.9
27,chr18,81,G/T,True,0.9
28,chr18,871,T/G,True,0.9
29,chr6,1346,A/C,True,0.9
30,chr13,1976,T/G,True,0.9
31,chr22,1533,A/G,True,0.9
32,chr4,1203,A/G,True,0.9
33,chr11,814,G/T,True,0.9
34,chr20,1003,C/A,True,0.9
35,chr7,889,G/C,True,0.9
36,chr10,1176,C/G,True,0.9
37,chrX,1495,G/T,True,0.9
38,chr6,377,T/T,True,0.9
39,chr10,609,A/T,True,0.9
40,chrY,1553,A/G,True,0.9
41,chr18,1357,A/G,True,0.9
42,chr9,1227,T/G,True,0.9
43,chr20,626,G/C,True,0.9
44,chr7,279,A/C,True,0.9
45,chr19,420,C/A,True,0.9
46,chr15,737,T/G,True,0.9
47,chr4,836,T/A,True,0.9
48,chr14,532,A/G,True,0.9
49,chr3,468,T/C,True,0.9
50,chr2,1618,C/C,True,0.9
51,chr12,966,T/T,True,0.9
52,chr18,1962,C/A,True,0.9
53,chr12,1577,G/C,True,0.9
54,chrY,1638,A/A,True,0.9
55,chr16,1246,T/C,True,0.9
56,chr8,1697,G/A,True,0.9
57,chr11,742,C/T,True,0.9
58,chr1,1522,T/C,True,0.9
59,chr18,608,T/C,True,0.9
60,chrY,782,G/C,True,0.9
61,chrY,509,T/T,True,0.9
62,chr1,569,A/C,True,0.9
63,chr6,227,A/A,True,0.9
64,chr19,1433,G/G,True,0.9
65,chr14,400,C/A,True,0.9
66,chr12,1247,A/G,True,0.9
67,chr6,1620,C/C,True,0.9
68,chr10,554,G/C,True,0.9
69,chr10,1942,G/T,True,0.9
70,chr5,1033,A/G,True,0.9
71,chr19,1607,T/G,True,0.9
72,chr13,1629,G/A,True,0.9
73,chrX,362,G/A,True,0.9
74,chr11,788,C/A,True,0.9
75,chr16,60,G/C,True,0.9
76,chr5,666,T/G,True,0.9
77,chr7,916,G/T,True,0.9
78,chr4,32,C/G,True,0.9
79,chr6,193,T/T,True,0.9
80,chr7,1854,C/A,True,0.9
81,chr4,1514,C/T,True,0.9
82,chr9,1717,T/A,True,0.9
83,chr4,487,A/G,True,0.9
84,chr16,1372,G/A,True,0.9
85,chr10,37,A/T,True,0.9
86,chr2,1802,G/T,True,0.9
87,chr10,334,G/C,True,0.9
88,chr6,365,G/T,True,0.9
89,chr16,1137,G/C,True,0.9
90,chr4,1314,A/G,True,0.9
91,chr3,830,C/A,True,0.9
92,chr11,495,T/C,True,0.9
93,chr6,589,T/C,True,0.9
94,chr19,621,T/G,True,0.9
95,chr20,1677,A/T,True,0.9
96,chr15,818,C/T,True,0.9
97,chr8,1114,G/C,True,0.9
98,chr14,224,T/C,True,0.9
99,chr12,690,T/T,True,0.9
100,chr18,99,G/C,True,0.9
101,chr1,1914,G/T,True,0.9
102,chr5,1522,G/C,True,0.9
103,chr2,1108,C/C,True,0.9
104,chr4,1447,T/A,True,0.9
105,chr8,1272,G/G,True,0.9
106,chr20,1768,G/G,True,0.9
107,chr9,654,A/T,True,0.9
108,chr15,838,C/G,True,0.9
109,chr20,1746,G/G,True,0.9
110,chr16,420,T/T,True,0.9
111,chr6,1265,C/C,True,0.9
112,chr6,1794,C/T,True,0.9
113,chr14,814,T/C,True,0.9
114,chr18,915,C/G,True,0.9
115,chr11,1081,C/G,True,0.9
116,chr4,829,G/T,True,0.9
117,chr11,165,A/G,True,0.9
118,chr22,35,C/G,True,0.9
119,chr16,893,T/T,True,0.9
120,chr17,60,C/A,True,0.9
121,chr5,771,G/A,True,0.9
122,chr16,884,A/G,True,0.9
123,chr12,945,A/T,True,0.9
124,chr21,1034,A/T,True,0.9
125,chrX,1417,G/T,True,0.9
126,chr14,829,A/G,True,0.9
127,chr15,385,C/T,True,0.9
128,chr21,628,A/A,True,0.9
129,chr11,744,A/A,True,0.9
130,chr21,128,A/A,True,0.9
131,chr6,272,T/A,True,0.9
132,chr18,812,A/A,True,0.9
133,chr16,577,T/T,True,0.9
134,chr10,1685,G/T,True,0.9
135,chr7,1718,A/A,True,0.9
136,chrX,539,C/C,True,0.9
137,chr9,1849,A/G,True,0.9
138,chr5,1587,T/T,True,0.9
139,chr6,1810,G/G,True,0.9
140,chr12,1840,C/T,True,0.9
141,chr7,1550,C/G,True,0.9
142,chr13,1407,A/T,True,0.9
143,chr3,157,T/C,True,0.9
144,chr21,424,G/A,True,0.9
145,chr2,1786,C/A,True,0.9
146,chr19,88,T/T,True,0.9
147,chr13,1416,T/G,True,0.9
148,chr13,1620,G/C,True,0.9
149,chr11,1404,A/A,True,0.9
150,chr10,1785,A/A,True,0.9
151,chr1,1416,C/A,True,0.9
152,chr13,110,A/G,True,0.9
153,chr14,458,T/T,True,0.9
154,chr17,566,C/C,True,0.9
155,chr2,503,C/C,True,0.9
156,chr8,1712,C/G,True,0.9
157,chr21,1454,G/C,True,0.9
158,chr19,427,C/G,True,0.9
159,chr11,1380,A/G,True,0.9
160,chr10,79,T/G,True,0.9
161,chr10,1722,A/C,True,0.9
162,chrX,403,T/A,True,0.9
163,chr5,2,A/G,True,0.9
164,chr17,110,G/C,True,0.9
165,chr14,1378,G/A,True,0.9
166,chr12,127,C/T,True,0.9
167,chr4,1399,A/T,True,0.9
168,chr14,1054,G/C,True,0.9
169,chr11,1605,G/T,True,0.9
170,chr5,644,C/G,True,0.9
171,chr8,1719,A/A,True,0.9
172,chr6,350,C/A,True,0.9
173,chr2,1724,C/C,True,0.9
174,chr5,1551,C/G,True,0.9
175,chr18,480,C/G,True,0.9
176,chr7,580,G/T,True,0.9
177,chr6,683,C/G,True,0.9
178,chr22,413,G/C,True,0.9
179,chr16,1605,A/C,True,0.9
180,chr9,1707,C/A,True,0.9
181,chr15,1347,T/C,True,0.9
182,chr13,1407,T/G,True,0.9
183,chr13,1656,G/G,True,0.9
184,chr9,721,A/C,True,0.9
185,chr22,653,C/T,True,0.9
186,chr11,798,G/G,True,0.9
187,chr2,385,G/T,True,0.9
188,chr4,1321,A/G,True,0.9
189,chr14,1297,T/A,True,0.9
190,chr2,658,G/A,True,0.9
191,chr3,1553,T/T,True,0.9
192,chr13,1795,G/T,True,0.9
193,chr5,647,G/G,True,0.9
194,chr21,773,C/C,True,0.9
195,chr16,1879,A/G,True,0.9
196,chr18,371,G/G,True,0.9
197,chr7,1401,T/A,True,0.9
198,chr21,1169,T/A,True,0.9
199,chr14,780,A/A,True,0.9
200,chr20,1897,T/A,True,0.9
201,chr20,1442,C/G,True,0.9
202,chr21,679,G/C,True,0.9
203,chr7,1146,T/T,True,0.9
204,chr14,1956,G/T,True,0.9
205,chr14,51,A/A,True,0.9
206,chrY,151,T/G,True,0.9
207,chr21,432,T/T,True,0.9
208,chr9,1962,T/C,True,0.9
209,chr19,1174,G/A,True,0.9
210,chr16,619,T/C,True,0.9
211,chr10,394,T/G,True,0.9
212,chr5,1451,G/A,True,0.9
213,chr8,1546,A/T,True,0.9
214,chr18,762,G/A,True,0.9
215,chr7,620,C/G,True,0.9
216,chr3,601,A/G,True,0.9
217,chr15,1360,A/G,True,0.9
218,chr6,63,C/A,True,0.9
219,chr15,361,A/G,True,0.9
220,chr20,1292,A/C,True,0.9
221,chr7,37,C/G,True,0.9
222,chrY,1149,C/A,True,0.9
223,chr9,219,T/A,True,0.9
224,chr5,797,C/G,True,0.9
225,chr2,495,A/G,True,0.9
226,chr1,326,A/G,True,0.9
227,chr3,1988,G/C,True,0.9
228,chr7,1672,C/T,True,0.9
229,chr4,1550,C/C,True,0.9
230,chr1,841,A/A,True,0.9
231,chr4,1699,A/C,True,0.9
232,chr17,540,C/G,True,0.9
233,chrX,837,C/C,True,0.9
234,chr12,352,T/T,True,0.9
235,chr2,1039,G/G,True,0.9
236,chr13,1798,C/T,True,0.9
237,chr2,222,C/G,True,0.9
238,chr7,250,A/A,True,0.9
239,chr18,129,T/T,True,0.9
240,chr18,1368,A/C,True,0.9
241,chr16,698,A/A,True,0.9
242,chr1,1113,A/G,True,0.9
243,chr21,1869,G/G,True,0.9
244,chr13,1202,A/A,True,0.9
245,chr9,1112,A/C,True,0.9
246,chr2,371,T/C,True,0.9
247,chr10,1584,T/T,True,0.9
248,chr18,1513,T/C,True,0.9
249,chr20,1836,T/T,True,0.9
250,chr3,316,C/A,True,0.9
251,chr20,405,A/A,True,0.9
252,chr10,793,T/G,True,0.9
253,chr17,71,C/T,True,0.9
254,chr2,308,G/T,True,0.9
255,chr16,795,C/A,True,0.9
256,chr20,302,T/A,True,0.9
257,chr10,932,G/G,True,0.9
258,chr5,68,A/A,True,0.9
259,chr13,1523,G/A,True,0.9
260,chr12,947,T/C,True,0.9
261,chr4,80,G/A,True,0.9
262,chr11,499,C/A,True,0.9
263,chr3,1874,C/C,True,0.9
264,chr3,1340,G/A,True,0.9
265,chr14,157,A/G,True,0.9
266,chr15,840,T/T,True,0.9
267,chr19,1972,G/T,True,0.9
268,chr16,310,G/G,True,0.9
269,chr7,964,G/T,True,0.9
270,chr19,410,C/G,True,0.9
271,chr8,1204,T/C,True,0.9
272,chr4,1444,G/C,True,0.9
273,chr8,1940,T/C,True,0.9
274,chr10,765,G/T,True,0.9
275,chr2,1665,A/A,True,0.9
276,chr17,1123,T/C,True,0.9
277,chr20,1874,T/C,True,0.9
278,chr4,1022,C/T,True,0.9
279,chrY,552,A/G,True,0.9
280,chr21,416,T/C,True,0.9
281,chr14,474,G/C,True,0.9
282,chr14,1418,G/A,True,0.9
283,chrY,573,C/G,True,0.9
284,chr15,1444,C/T,True,0.9
285,chr16,1360,T/T,True,0.9
286,chrX,749,C/A,True,0.9
287,chr6,129,T/T,True,0.9
288,chrX,1661,T/G,True,0.9
289,chr12,665,A/T,True,0.9
290,chr13,1209,G/T,True,0.9
291,chrX,514,T/A,True,0.9
292,chr6,1979,C/C,True,0.9
293,chr9,1793,C/C,True,0.9
294,chr16,287,C/G,True,0.9
295,chr2,731,C/C,True,0.9
296,chr4,939,G/G,True,0.9
297,chr10,1915,T/A,True,0.9
298,chr16,1593,G/A,True,0.9
299,chr1,1799,T/G,True,0.9
300,chr9,1714,C/C,True,0.9
301,chr19,1098,T/A,True,0.9
302,chr8,1126,T/C,True,0.9
303,chr9,211,T/C,True,0.9
304,chr7,292,G/G,True,0.9
305,chrY,266,A/C,True,0.9
306,chr9,1902,A/T,True,0.9
307,chr12,103,A/G,True,0.9
308,chr2,342,C/A,True,0.9
309,chr21,1781,C/G,True,0.9
310,chr10,1900,G/G,True,0.9
311,chrY,784,T/A,True,0.9
312,chr14,165,T/A,True,0.9
313,chr11,1207,T/C,True,0.9
314,chr13,130,A/G,True,0.9
315,chr9,1085,A/G,True,0.9
316,chr7,732,A/C,True,0.9
317,chr11,1316,A/C,True,0.9
318,chrX,324,A/A,True,0.9
319,chr7,1555,C/A,True,0.9
320,chr7,120,A/A,True,0.9
321,chr13,1449,A/A,True,0.9
322,chr6,1401,A/G,True,0.9
323,chr3,259,C/T,True,0.9
324,chr22,1978,C/G,True,0.9
325,chr14,205,G/T,True,0.9
326,chr18,849,T/G,True,0.9
327,chr12,1572,A/T,True,0.9
328,chr19,1889,G/C,True,0.9
329,chr14,825,A/C,True,0.9
330,chr14,1431,G/T,True,0.9
331,chr5,1322,A/C,True,0.9
332,chrX,1473,A/T,True,0.9
333,chr16,483,C/G,True,0.9
334,chr8,1915,C/C,True,0.9
335,chr14,1024,A/T,True,0.9
336,chr10,147,A/G,True,0.9
337,chr18,1735,T/T,True,0.9
338,chr11,1604,T/A,True,0.9
339,chr16,651,T/T,True,0.9
340,chrY,1739,C/A,True,0.9
341,chr7,355,T/G,True,0.9
342,chr19,1156,A/G,True,0.9
343,chrX,1026,C/T,True,0.9
344,chr1,1435,T/T,True,0.9
345,chr2,201,G/A,True,0.9
346,chr7,1683,G/G,True,0.9
347,chr13,956,T/G,True,0.9
348,chr12,76,T/T,True,0.9
349,chr2,1806,A/G,True,0.9
350,chr21,1697,G/T,True,0.9
351,chr21,1486,A/C,True,0.9
352,chr6,1067,C/C,True,0.9
353,chr3,567,G/A,True,0.9
354,chr17,737,A/A,True,0.9
355,chr3,1043,A/G,True,0.9
356,chr20,1578,C/A,True,0.9
357,chr2,1155,C/T,True,0.9
358,chr2,1604,G/G,True,0.9
359,chr10,782,G/T,True,0.9
360,chr4,873,T/A,True,0.9
361,chr18,878,T/A,True,0.9
362,chrY,1052,A/T,True,0.9
363,chr1,954,A/A,True,0.9
364,chr11,1308,G/C,True,0.9
365,chr20,1512,C/A,True,0.9
366,chr17,1966,C/A,True,0.9
367,chr22,1261,T/A,True,0.9
368,chr3,351,A/C,True,0.9
369,chr6,457,T/C,True,0.9
370,chr18,1163,T/G,True,0.9
371,chrY,1636,C/T,True,0.9
372,chr17,1660,G/G,True,0.9
373,chr20,29,C/T,True,0.9
374,chr7,694,C/A,True,0.9
375,chr7,1556,A/G,True,0.9
376,chr19,1607,A/T,True,0.9
377,chr1,1369,G/C,True,0.9
378,chr8,948,C/T,True,0.9
379,chrX,173,A/T,True,0.9
380,chr1,361,G/C,True,0.9
381,chr13,1442,C/C,True,0.9
382,chr17,1241,C/A,True,0.9
383,chr8,689,G/G,True,0.9
384,chr6,1896,A/T,True,0.9
385,chr13,1205,C/A,True,0.9
386,chr2,1685,C/C,True,0.9
387,chr9,1363,A/C,True,0.9
388,chrY,372,G/C,True,0.9
389,chr9,1055,C/C,True,0.9
390,chr4,1079,G/A,True,0.9
391,chr4,1059,A/G,True,0.9
392,chr22,1448,G/T,True,0.9
393,chr2,326,T/G,True,0.9
394,chr11,904,T/T,True,0.9
395,chr2,1848,C/A,True,0.9
396,chr11,1621,C/C,True,0.9
397,chr1,266,A/T,True,0.9
398,chr9,1029,G/G,True,0.9
399,chrY,1680,A/C,True,0.9
400,chr15,636,C/G,True,0.9
401,chrY,198,G/G,True,0.9
402,chr19,1458,G/G,True,0.9
403,chr8,1628,C/G,True,0.9
404,chr10,1914,A/A,True,0.9
405,chr7,1327,T/T,True,0.9
406,chr12,333,T/G,True,0.9
407,chr7,1195,A/G,True,0.9
408,chr1,1271,G/A,True,0.9
409,chr9,135,T/G,True,0.9
410,chr14,1523,A/C,True,0.9
411,chr4,368,G/A,True,0.9
412,chr8,1478,G/C,True,0.9
413,chr22,1739,G/T,True,0.9
414,chrX,1991,C/G,True,0.9
415,chr21,998,T/A,True,0.9
416,chr2,555,T/G,True,0.9
417,chr1,1899,C/C,True,0.9
418,chr13,701,T/G,True,0.9
419,chr9,428,A/T,True,0.9
420,chr18,1529,C/G,True,0.9
421,chr4,704,C/C,True,0.9
422,chr10,755,T/T,True,0.9
423,chr5,666,A/T,True,0.9
424,chr12,230,C/G,True,0.9
425,chr2,1108,A/G,True,0.9
426,chr14,746,A/T,True,0.9
427,chr12,782,C/G,True,0.9
428,chr8,723,A/A,True,0.9
429,chrY,1217,A/T,True,0.9
430,chrY,39,A/C,True,0.9
431,chr3,1239,C/T,True,0.9
432,chr1,249,A/C,True,0.9
433,chr5,1776,G/G,True,0.9
434,chr16,740,G/C,True,0.9
435,chr15,587,G/T,True,0.9
436,chr16,31,C/T,True,0.9
437,chr15,1667,T/C,True,0.9
438,chrY,1062,G/T,True,0.9
439,chr19,515,T/C,True,0.9
440,chr21,26,T/A,True,0.9
441,chr8,1161,C/T,True,0.9
442,chr6,609,A/T,True,0.9
443,chr10,801,A/C,True,0.9
444,chr1,570,A/T,True,0.9
445,chr19,380,G/A,True,0.9
446,chrY,1617,T/T,True,0.9
447,chr21,1589,T/A,True,0.9
448,chr21,1082,A/C,True,0.9
449,chr13,1749,T/A,True,0.9
450,chr8,754,A/G,True,0.9
451,chr1,954,T/G,True,0.9
452,chr12,236,A/G,True,0.9
453,chr4,29,T/G,True,0.9
454,chr20,765,A/G,True,0.9
455,chr21,1913,C/A,True,0.9
456,chrX,1033,C/T,True,0.9
457,chr15,690,A/T,True,0.9
458,chrY,1854,T/C,True,0.9
459,chr11,1226,A/T,True,0.9
460,chr11,408,T/T,True,0.9
461,chr12,241,G/A,True,0.9
462,chr3,70,C/G,True,0.9
463,chr18,970,T/G,True,0.9
464,chr4,1829,G/T,True,0.9
465,chr16,338,C/C,True,0.9
466,chr7,1566,C/C,True,0.9
467,chr20,1090,G/T,True,0.9
468,chr17,1685,A/C,True,0.9
469,chr2,1074,C/T,True,0.9
470,chr18,1918,G/A,True,0.9
471,chr1,1172,T/C,True,0.9
472,chr20,685,A/C,True,0.9
473,chr16,1217,T/G,True,0.9
474,chr22,1815,A/C,True,0.9
475,chr8,239,G/G,True,0.9
476,chr11,848,A/T,True,0.9
477,chr20,850,A/A,True,0.9
478,chr13,201,G/C,True,0.9
479,chr18,527,T/G,True,0.9
480,chr20,13,A/T,True,0.9
481,chr12,863,T/A,True,0.9
482,chr6,1829,C/G,True,0.9
483,chr20,1422,C/G,True,0.9
484,chr11,579,G/T,True,0.9
485,chr20,216,C/A,True,0.9
486,chr13,734,C/T,True,0.9
487,chr19,1472,G/C,True,0.9
488,chr9,1574,T/C,True,0.9
489,chr19,1962,A/G,True,0.9
490,chr21,1522,T/T,True,0.9
491,chr2,128,C/C,True,0.9
492,chr17,1899,T/G,True,0.9
493,chrX,1228,C/G,True,0.9
494,chr17,62,C/T,True,0.9
495,chr19,427,T/T,True,0.9
496,chr11,1613,G/C,True,0.9
497,chr6,1612,A/A,True,0.9
498,chr5,183,G/C,True,0.9
499,chr1,1236,G/A,True,0.9
500,chr6,1584,C/C,True,0.9
501,chr1,818,A/G,True,0.9
502,chr15,68,G/G,True,0.9
503,chr15,670,T/T,True,0.9
