,CHROMOSOME,pos,mut,is_ok,approved_ratio
0,chr18,1597,G/A,True,0.9
1,chr19,29,A/A,True,0.9
2,chr7,1960,G/T,True,0.9
3,chr13,514,C/A,True,0.9
4,chr22,1792,G/G,True,0.9
5,chr14,1032,C/T,True,0.9
6,chr15,763,G/A,True,0.9
7,chr6,1360,A/A,True,0.9
8,chr16,100,G/T,True,0.9
9,chr6,1031,T/T,True,0.9
10,chrY,1265,G/A,True,0.9
11,chr22,1354,A/T,True,0.9
12,chr21,532,G/T,True,0.9
13,chr7,1632,T/C,True,0.9
14,chr14,154,G/G,True,0.9
15,chr7,401,C/A,True,0.9
16,chr16,1572,G/A,True,0.9
17,chr11,1259,A/T,True,0.9
18,chr1,1068,A/C,True,0.9
19,chr1,1206,A/T,True,0.9
20,chr13,1976,T/G,True,0.9
21,chr5,321,A/C,True,0.9
22,chr11,814,G/T,True,0.9
23,chr6,1710,C/A,True,0.9
24,chr7,1361,C/T,True,0.9
25,chr10,1176,C/G,True,0.9
26,chr6,377,T/T,True,0.9
27,chr15,569,G/T,True,0.9
28,chr21,1523,G/C,True,0.9
29,chr20,1443,A/G,True,0.9
30,chr14,212,C/T,True,0.9
31,chr14,1496,A/T,True,0.9
32,chr20,398,C/C,True,0.9
33,chr19,70,T/C,True,0.9
34,chr16,1883,C/C,True,0.9
35,chr9,1227,T/G,True,0.9
36,chr12,1634,G/C,True,0.9
37,chr12,766,A/C,True,0.9
38,chr11,1971,C/T,True,0.9
39,chr15,737,T/G,True,0.9
40,chr9,456,C/A,True,0.9
41,chr4,836,T/A,True,0.9
42,chr5,643,T/A,True,0.9
43,chr20,1300,C/T,True,0.9
44,chrY,588,A/C,True,0.9
45,chr13,839,C/T,True,0.9
46,chr16,905,G/A,True,0.9
47,chrX,1943,A/C,True,0.9
48,chr18,1962,C/A,True,0.9
49,chr12,1577,G/C,True,0.9
50,chrY,1638,A/A,True,0.9
51,chr8,1697,G/A,True,0.9
52,chr11,742,C/T,True,0.9
53,chr18,608,T/C,True,0.9
54,chr15,1354,G/G,True,0.9
55,chrY,782,G/C,True,0.9
56,chr22,1350,C/C,True,0.9
57,chr1,569,A/C,True,0.9
58,chr1,26,A/A,True,0.9
59,chr6,227,A/A,True,0.9
60,chr6,1313,C/C,True,0.9
61,chrY,1784,T/C,True,0.9
62,chr14,400,C/A,True,0.9
63,chr12,1247,A/G,True,0.9
64,chr9,1341,A/G,True,0.9
65,chr5,1033,A/G,True,0.9
66,chr19,1607,T/G,True,0.9
67,chr13,1629,G/A,True,0.9
68,chr7,227,A/A,True,0.9
69,chrX,362,G/A,True,0.9
70,chrX,1106,A/G,True,0.9
71,chr11,788,C/A,True,0.9
72,chr5,666,T/G,True,0.9
73,chr12,1018,T/T,True,0.9
74,chr7,916,G/T,True,0.9
75,chr22,1153,A/G,True,0.9
76,chr4,32,C/G,True,0.9
77,chr22,536,T/T,True,0.9
78,chr4,1514,C/T,True,0.9
79,chr21,732,G/G,True,0.9
80,chr10,910,C/C,True,0.9
81,chr6,1398,A/A,True,0.9
82,chr9,1717,T/A,True,0.9
83,chr4,487,A/G,True,0.9
84,chr1,986,C/T,True,0.9
85,chr7,896,C/G,True,0.9
86,chr4,1270,A/T,True,0.9
87,chr5,590,T/A,True,0.9
88,chr6,589,T/C,True,0.9
89,chr4,303,A/C,True,0.9
90,chr10,1898,G/T,True,0.9
91,chr8,1114,G/C,True,0.9
92,chr14,224,T/C,True,0.9
93,chr1,1429,T/C,True,0.9
94,chr8,1132,C/T,True,0.9
95,chr14,821,C/G,True,0.9
96,chr5,1818,A/G,True,0.9
97,chr8,1199,C/A,True,0.9
98,chrX,842,C/T,True,0.9
99,chr5,1392,G/C,True,0.9
100,chr11,141,C/A,True,0.9
101,chr2,1108,C/C,True,0.9
102,chr12,900,A/A,True,0.9
103,chr5,668,A/T,True,0.9
104,chr8,1502,A/T,True,0.9
105,chr22,406,G/C,True,0.9
106,chrY,1149,G/T,True,0.9
107,chr13,709,A/A,True,0.9
108,chr18,830,T/A,True,0.9
109,chr20,1768,G/G,True,0.9
110,chr22,897,C/A,True,0.9
111,chr15,838,C/G,True,0.9
112,chr19,568,T/G,True,0.9
113,chr16,420,T/T,True,0.9
114,chr6,1265,C/C,True,0.9
115,chr18,915,C/G,True,0.9
116,chr11,1081,C/G,True,0.9
117,chr1,1633,G/G,True,0.9
118,chr22,35,C/G,True,0.9
119,chrX,842,T/T,True,0.9
120,chr5,771,G/A,True,0.9
121,chrX,1767,A/C,True,0.9
122,chrX,1417,G/T,True,0.9
123,chr14,829,A/G,True,0.9
124,chr15,385,C/T,True,0.9
125,chr15,1520,T/T,True,0.9
126,chr2,1487,G/T,True,0.9
127,chr21,128,A/A,True,0.9
128,chr19,1138,C/G,True,0.9
129,chr6,821,C/G,True,0.9
130,chr7,1292,C/A,True,0.9
131,chr6,272,T/A,True,0.9
132,chr1,765,C/A,True,0.9
133,chr15,1986,A/C,True,0.9
134,chr16,577,T/T,True,0.9
135,chr2,699,G/G,True,0.9
136,chr18,1453,A/A,True,0.9
137,chr9,1510,C/A,True,0.9
138,chr7,1718,A/A,True,0.9
139,chrX,539,C/C,True,0.9
140,chr14,1831,A/T,True,0.9
141,chr21,166,T/A,True,0.9
142,chr12,1070,T/G,True,0.9
143,chr11,1346,G/G,True,0.9
144,chr7,1550,C/G,True,0.9
145,chr11,1119,A/G,True,0.9
146,chr3,157,T/C,True,0.9
147,chr2,30,T/T,True,0.9
148,chr12,876,C/G,True,0.9
149,chr13,1620,G/C,True,0.9
150,chr11,1404,A/A,True,0.9
151,chr4,52,T/A,True,0.9
152,chr14,458,T/T,True,0.9
153,chr1,832,C/T,True,0.9
154,chr17,566,C/C,True,0.9
155,chr2,503,C/C,True,0.9
156,chr10,79,T/G,True,0.9
157,chr21,104,A/A,True,0.9
158,chr20,369,A/C,True,0.9
159,chr5,2,A/G,True,0.9
160,chr5,1985,C/T,True,0.9
161,chr2,429,A/G,True,0.9
162,chr17,110,G/C,True,0.9
163,chr12,127,C/T,True,0.9
164,chr21,497,T/A,True,0.9
165,chr4,1399,A/T,True,0.9
166,chrY,351,T/A,True,0.9
167,chr5,644,C/G,True,0.9
168,chr11,1386,T/C,True,0.9
169,chr5,1551,C/G,True,0.9
170,chr11,384,C/A,True,0.9
171,chr11,1335,T/G,True,0.9
172,chr18,480,C/G,True,0.9
173,chr3,1934,A/G,True,0.9
174,chr22,413,G/C,True,0.9
175,chr9,1707,C/A,True,0.9
176,chr15,1347,T/C,True,0.9
177,chr2,104,C/C,True,0.9
178,chr2,385,G/T,True,0.9
179,chr4,1321,A/G,True,0.9
180,chr8,1447,G/G,True,0.9
181,chr2,658,G/A,True,0.9
182,chr15,281,C/T,True,0.9
183,chr16,1879,A/G,True,0.9
184,chr13,663,A/A,True,0.9
185,chr21,839,T/C,True,0.9
186,chr21,1169,T/A,True,0.9
187,chr14,780,A/A,True,0.9
188,chr20,1897,T/A,True,0.9
189,chr7,1146,T/T,True,0.9
190,chr3,1249,T/C,True,0.9
191,chrY,151,T/G,True,0.9
192,chr1,1695,T/C,True,0.9
193,chr19,257,C/A,True,0.9
194,chr8,473,T/C,True,0.9
195,chr9,1962,T/C,True,0.9
196,chr8,698,G/G,True,0.9
197,chr6,543,A/A,True,0.9
198,chr15,349,G/T,True,0.9
199,chr21,300,G/G,True,0.9
200,chr18,1703,T/A,True,0.9
201,chr5,1451,G/A,True,0.9
202,chr4,825,A/A,True,0.9
203,chr18,762,G/A,True,0.9
204,chr9,612,T/C,True,0.9
205,chr13,754,T/T,True,0.9
206,chr17,301,T/G,True,0.9
207,chr15,361,A/G,True,0.9
208,chr10,460,C/G,True,0.9
209,chr20,1292,A/C,True,0.9
210,chr7,37,C/G,True,0.9
211,chr5,1887,G/A,True,0.9
212,chr22,1199,G/A,True,0.9
213,chr3,1988,G/C,True,0.9
214,chr7,1672,C/T,True,0.9
215,chr15,1435,C/T,True,0.9
216,chr4,1550,C/C,True,0.9
217,chr1,841,A/A,True,0.9
218,chr4,1699,A/C,True,0.9
219,chr7,337,A/A,True,0.9
220,chr17,540,C/G,True,0.9
221,chr16,387,C/C,True,0.9
222,chr3,1924,G/T,True,0.9
223,chr13,1798,C/T,True,0.9
224,chr7,12,C/C,True,0.9
225,chr15,1673,C/G,True,0.9
226,chr22,1203,G/T,True,0.9
227,chr15,1477,C/T,True,0.9
228,chr1,1113,A/G,True,0.9
229,chr9,1112,A/C,True,0.9
230,chr11,1763,G/G,True,0.9
231,chr1,395,A/C,True,0.9
232,chr18,1524,G/G,True,0.9
233,chr17,31,C/T,True,0.9
234,chr7,1864,T/A,True,0.9
235,chr2,371,T/C,True,0.9
236,chr5,1466,A/G,True,0.9
237,chrX,1096,A/G,True,0.9
238,chr20,405,A/A,True,0.9
239,chr3,1508,A/G,True,0.9
240,chr2,308,G/T,True,0.9
241,chr14,1783,G/C,True,0.9
242,chr5,68,A/A,True,0.9
243,chr18,204,C/C,True,0.9
244,chr3,1360,C/T,True,0.9
245,chr15,1275,A/C,True,0.9
246,chr4,1768,C/T,True,0.9
247,chr13,1523,G/A,True,0.9
248,chr3,1874,C/C,True,0.9
249,chr9,1098,A/A,True,0.9
250,chr14,157,A/G,True,0.9
251,chr15,840,T/T,True,0.9
252,chr2,1644,C/A,True,0.9
253,chr16,310,G/G,True,0.9
254,chr8,1204,T/C,True,0.9
255,chrY,1687,T/T,True,0.9
256,chr9,70,A/A,True,0.9
257,chr8,1940,T/C,True,0.9
258,chr19,307,T/A,True,0.9
259,chr17,1123,T/C,True,0.9
260,chr22,680,A/A,True,0.9
261,chr20,1874,T/C,True,0.9
262,chr4,1022,C/T,True,0.9
263,chrY,552,A/G,True,0.9
264,chr21,416,T/C,True,0.9
265,chr14,474,G/C,True,0.9
266,chr14,1418,G/A,True,0.9
267,chrY,573,C/G,True,0.9
268,chr7,1586,A/C,True,0.9
269,chr21,1599,G/T,True,0.9
270,chrX,417,G/A,True,0.9
271,chr17,1608,T/A,True,0.9
272,chr6,129,T/T,True,0.9
273,chr12,665,A/T,True,0.9
274,chr6,1979,C/C,True,0.9
275,chr7,399,A/C,True,0.9
276,chr9,1793,C/C,True,0.9
277,chr15,800,A/T,True,0.9
278,chr15,740,A/G,True,0.9
279,chr11,1630,T/T,True,0.9
280,chr22,580,G/G,True,0.9
281,chr4,939,G/G,True,0.9
282,chr1,1799,T/G,True,0.9
283,chr8,1879,T/T,True,0.9
284,chr8,1126,T/C,True,0.9
285,chr13,265,A/A,True,0.9
286,chr15,1506,C/A,True,0.9
287,chr14,1307,T/A,True,0.9
288,chr9,211,T/C,True,0.9
289,chr7,292,G/G,True,0.9
290,chr9,568,G/T,True,0.9
291,chr12,1669,T/A,True,0.9
292,chrY,266,A/C,True,0.9
293,chr4,902,T/G,True,0.9
294,chrX,337,C/C,True,0.9
295,chr9,1902,A/T,True,0.9
296,chr12,103,A/G,True,0.9
297,chr3,532,T/C,True,0.9
298,chr2,342,C/A,True,0.9
299,chr21,1781,C/G,True,0.9
300,chr5,94,G/T,True,0.9
301,chr14,165,T/A,True,0.9
302,chr17,1765,C/T,True,0.9
303,chr11,1207,T/C,True,0.9
304,chr13,130,A/G,True,0.9
305,chr5,1883,C/T,True,0.9
306,chr9,1085,A/G,True,0.9
307,chr8,230,C/A,True,0.9
308,chr9,329,A/A,True,0.9
309,chr18,1396,T/G,True,0.9
310,chrY,1475,G/C,True,0.9
311,chr7,1555,C/A,True,0.9
312,chr7,120,A/A,True,0.9
313,chr10,471,T/C,True,0.9
314,chr1,497,C/A,True,0.9
315,chr6,1401,A/G,True,0.9
316,chr8,1082,A/G,True,0.9
317,chr12,1572,A/T,True,0.9
318,chr5,1322,A/C,True,0.9
319,chrX,1473,A/T,True,0.9
320,chr13,849,G/T,True,0.9
321,chr16,483,C/G,True,0.9
322,chr10,1297,C/A,True,0.9
323,chr14,1116,C/C,True,0.9
324,chr15,390,G/A,True,0.9
325,chr8,1915,C/C,True,0.9
326,chr18,1735,T/T,True,0.9
327,chr11,1163,A/A,True,0.9
328,chr10,823,T/A,True,0.9
329,chr16,651,T/T,True,0.9
330,chr7,355,T/G,True,0.9
331,chr1,1435,T/T,True,0.9
332,chr20,729,G/T,True,0.9
333,chr4,658,C/A,True,0.9
334,chr2,201,G/A,True,0.9
335,chr7,1683,G/G,True,0.9
336,chr2,1806,A/G,True,0.9
337,chr6,1067,C/C,True,0.9
338,chr3,567,G/A,True,0.9
339,chr3,1043,A/G,True,0.9
340,chr4,1151,T/C,True,0.9
341,chr1,262,C/A,True,0.9
342,chr20,1578,C/A,True,0.9
343,chrY,1812,A/A,True,0.9
344,chr6,1961,G/A,True,0.9
345,chr10,782,G/T,True,0.9
346,chr2,1106,A/A,True,0.9
347,chr18,878,T/A,True,0.9
348,chr19,1801,C/A,True,0.9
349,chr5,708,T/C,True,0.9
350,chr20,122,T/T,True,0.9
351,chr10,1389,G/G,True,0.9
352,chrY,867,G/A,True,0.9
353,chr20,628,C/T,True,0.9
354,chr17,833,A/T,True,0.9
355,chr11,947,A/T,True,0.9
356,chr17,1966,C/A,True,0.9
357,chr21,242,G/G,True,0.9
358,chr8,480,T/A,True,0.9
359,chrY,1636,C/T,True,0.9
360,chr18,181,T/A,True,0.9
361,chr20,129,T/G,True,0.9
362,chr11,865,T/A,True,0.9
363,chr10,1834,T/C,True,0.9
364,chr11,525,T/A,True,0.9
365,chr14,497,G/T,True,0.9
366,chr1,1281,C/C,True,0.9
367,chr7,1556,A/G,True,0.9
368,chr19,1607,A/T,True,0.9
369,chr18,862,A/T,True,0.9
370,chr18,1337,G/T,True,0.9
371,chr22,444,T/G,True,0.9
372,chr3,1625,C/G,True,0.9
373,chr6,1896,A/T,True,0.9
374,chr7,1407,C/A,True,0.9
375,chrX,1014,T/G,True,0.9
376,chr5,1579,T/C,True,0.9
377,chr11,1589,T/C,True,0.9
378,chr20,959,C/G,True,0.9
379,chr8,1159,G/A,True,0.9
380,chr9,1055,C/C,True,0.9
381,chr15,1414,A/T,True,0.9
382,chr19,1253,C/T,True,0.9
383,chr11,904,T/T,True,0.9
384,chr2,1848,C/A,True,0.9
385,chr11,1621,C/C,True,0.9
386,chr17,158,C/T,True,0.9
387,chr1,266,A/T,True,0.9
388,chr11,1419,T/T,True,0.9
389,chr20,667,T/G,True,0.9
390,chr17,371,G/T,True,0.9
391,chr16,365,T/A,True,0.9
392,chr1,9,G/C,True,0.9
393,chr7,1195,A/G,True,0.9
394,chr16,241,G/C,True,0.9
395,chr14,1523,A/C,True,0.9
396,chr21,998,T/A,True,0.9
397,chr2,555,T/G,True,0.9
398,chr17,1160,T/C,True,0.9
399,chr22,1298,G/G,True,0.9
400,chr9,428,A/T,True,0.9
401,chr22,868,C/C,True,0.9
402,chrY,498,G/G,True,0.9
403,chr10,755,T/T,True,0.9
404,chr17,1871,C/A,True,0.9
405,chr10,1620,C/C,True,0.9
406,chr4,447,T/T,True,0.9
407,chrY,39,A/C,True,0.9
408,chr1,249,A/C,True,0.9
409,chr5,1572,C/G,True,0.9
410,chr18,1269,A/G,True,0.9
411,chr12,1095,C/T,True,0.9
412,chr8,1822,A/C,True,0.9
413,chr19,1000,A/A,True,0.9
414,chr6,609,A/T,True,0.9
415,chr10,801,A/C,True,0.9
416,chr17,558,A/A,True,0.9
417,chr18,110,G/C,True,0.9
418,chr16,1352,G/A,True,0.9
419,chr3,1931,C/G,True,0.9
420,chr1,857,C/T,True,0.9
421,chr20,304,T/A,True,0.9
422,chr21,1082,A/C,True,0.9
423,chr2,1348,C/T,True,0.9
424,chr11,1415,A/C,True,0.9
425,chr3,917,A/A,True,0.9
426,chr8,754,A/G,True,0.9
427,chr2,1036,A/G,True,0.9
428,chr4,1690,A/G,True,0.9
429,chr20,765,A/G,True,0.9
430,chr21,1913,C/A,True,0.9
431,chr13,1253,T/A,True,0.9
432,chr8,1805,T/T,True,0.9
433,chr6,1446,C/A,True,0.9
434,chr6,1346,C/C,True,0.9
435,chr18,1776,G/T,True,0.9
436,chr15,690,A/T,True,0.9
437,chr12,361,G/A,True,0.9
438,chrX,1438,T/A,True,0.9
439,chrY,176,G/G,True,0.9
440,chr11,408,T/T,True,0.9
441,chr10,1836,C/T,True,0.9
442,chrX,1535,A/T,True,0.9
443,chr18,970,T/G,True,0.9
444,chr16,647,A/A,True,0.9
445,chr2,1664,A/G,True,0.9
446,chr4,1829,G/T,True,0.9
447,chr7,1411,C/C,True,0.9
448,chr1,1723,C/T,True,0.9
449,chr2,98,G/C,True,0.9
450,chr8,1244,A/A,True,0.9
451,chr7,1566,C/C,True,0.9
452,chr2,1755,T/G,True,0.9
453,chr9,1319,G/T,True,0.9
454,chr20,1090,G/T,True,0.9
455,chr12,31,A/T,True,0.9
456,chr3,1481,T/A,True,0.9
457,chr21,706,C/C,True,0.9
458,chr4,1437,A/C,True,0.9
459,chr14,1957,T/C,True,0.9
460,chr7,1767,T/T,True,0.9
461,chrY,1065,A/C,True,0.9
462,chr20,13,A/T,True,0.9
463,chr12,863,T/A,True,0.9
464,chr20,1422,C/G,True,0.9
465,chr17,1697,A/C,True,0.9
466,chr13,189,G/T,True,0.9
467,chr10,915,C/T,True,0.9
468,chr19,1830,G/G,True,0.9
469,chr13,734,C/T,True,0.9
470,chr22,61,G/A,True,0.9
471,chr9,1574,T/C,True,0.9
472,chr21,1522,T/T,True,0.9
473,chr17,1899,T/G,True,0.9
474,chr13,245,A/G,True,0.9
475,chr19,1992,C/G,True,0.9
476,chr10,1080,G/C,True,0.9
477,chr22,1419,T/A,True,0.9
478,chr6,1612,A/A,True,0.9
479,chr11,1987,T/T,True,0.9
480,chr15,68,G/G,True,0.9
481,chrX,364,C/C,True,0.9
