,CHROMOSOME,pos,mut,is_ok,approved_ratio
0,chr18,1597,G/A,True,0.9
1,chr10,409,C/C,True,0.9
2,chr7,1960,G/T,True,0.9
3,chr15,1760,T/G,True,0.9
4,chr4,1695,A/T,True,0.9
5,chr14,1032,C/T,True,0.9
6,chr10,1253,T/C,True,0.9
7,chr1,1694,G/A,True,0.9
8,chr6,1360,A/A,True,0.9
9,chrY,1265,G/A,True,0.9
10,chr16,308,A/G,True,0.9
11,chr8,1426,C/T,True,0.9
12,chr13,511,C/T,True,0.9
13,chr7,1821,G/C,True,0.9
14,chr21,1195,C/C,True,0.9
15,chr21,532,G/T,True,0.9
16,chr4,972,G/C,True,0.9
17,chr7,64,G/G,True,0.9
18,chr4,1464,C/T,True,0.9
19,chrY,1261,A/C,True,0.9
20,chr14,1900,C/C,True,0.9
21,chr22,1804,G/C,True,0.9
22,chr6,1899,A/G,True,0.9
23,chr14,1599,C/G,True,0.9
24,chr3,200,G/A,True,0.9
25,chr3,929,T/C,True,0.9
26,chr18,871,T/G,True,0.9
27,chr6,1346,A/C,True,0.9
28,chr1,1206,A/T,True,0.9
29,chr21,600,T/T,True,0.9
30,chr14,825,T/G,True,0.9
31,chrY,1859,T/C,True,0.9
32,chr11,1642,T/C,True,0.9
33,chr4,528,C/A,True,0.9
34,chr15,1846,C/G,True,0.9
35,chr20,1003,C/A,True,0.9
36,chr2,1679,C/T,True,0.9
37,chr11,1201,G/C,True,0.9
38,chr6,1894,C/A,True,0.9
39,chr10,609,A/T,True,0.9
40,chr14,819,A/G,True,0.9
41,chr14,212,C/T,True,0.9
42,chr11,609,G/T,True,0.9
43,chr19,70,T/C,True,0.9
44,chr16,1883,C/C,True,0.9
45,chr9,1227,T/G,True,0.9
46,chr7,1849,A/T,True,0.9
47,chr11,1971,C/T,True,0.9
48,chr5,984,G/A,True,0.9
49,chr15,737,T/G,True,0.9
50,chrX,991,C/A,True,0.9
51,chr14,532,A/G,True,0.9
52,chrY,1935,C/G,True,0.9
53,chr19,1203,A/C,True,0.9
54,chr11,1799,A/A,True,0.9
55,chr12,966,T/T,True,0.9
56,chr20,1300,C/T,True,0.9
57,chr13,839,C/T,True,0.9
58,chr22,1874,A/A,True,0.9
59,chrX,1943,A/C,True,0.9
60,chr18,1962,C/A,True,0.9
61,chr11,742,C/T,True,0.9
62,chr15,1354,G/G,True,0.9
63,chrY,782,G/C,True,0.9
64,chr1,26,A/A,True,0.9
65,chr6,227,A/A,True,0.9
66,chr6,1313,C/C,True,0.9
67,chr9,1786,G/A,True,0.9
68,chr19,1433,G/G,True,0.9
69,chr11,136,G/G,True,0.9
70,chrY,1784,T/C,True,0.9
71,chr12,1247,A/G,True,0.9
72,chr6,1620,C/C,True,0.9
73,chr10,1942,G/T,True,0.9
74,chr5,1033,A/G,True,0.9
75,chr19,1607,T/G,True,0.9
76,chrX,362,G/A,True,0.9
77,chr5,666,T/G,True,0.9
78,chr22,536,T/T,True,0.9
79,chr21,846,A/T,True,0.9
80,chr7,1854,C/A,True,0.9
81,chr4,1514,C/T,True,0.9
82,chr10,910,C/C,True,0.9
83,chr12,1214,A/C,True,0.9
84,chr2,349,T/G,True,0.9
85,chr10,881,C/T,True,0.9
86,chr9,1717,T/A,True,0.9
87,chr16,1372,G/A,True,0.9
88,chr1,1298,A/A,True,0.9
89,chr17,1364,C/C,True,0.9
90,chr15,143,A/C,True,0.9
91,chr4,1270,A/T,True,0.9
92,chr8,72,T/A,True,0.9
93,chr8,1532,A/G,True,0.9
94,chr9,1726,A/T,True,0.9
95,chr4,1314,A/G,True,0.9
96,chr1,659,G/C,True,0.9
97,chr1,1549,C/G,True,0.9
98,chr10,1898,G/T,True,0.9
99,chr20,1677,A/T,True,0.9
100,chr12,690,T/T,True,0.9
101,chr22,1000,C/C,True,0.9
102,chr14,821,C/G,True,0.9
103,chr8,1199,C/A,True,0.9
104,chr1,1914,G/T,True,0.9
105,chr22,1263,T/T,True,0.9
106,chr15,435,C/T,True,0.9
107,chr21,822,A/C,True,0.9
108,chr19,1537,G/A,True,0.9
109,chr8,1272,G/G,True,0.9
110,chr13,1345,A/C,True,0.9
111,chr21,1382,A/C,True,0.9
112,chr9,654,A/T,True,0.9
113,chr19,568,T/G,True,0.9
114,chr16,420,T/T,True,0.9
115,chr6,1265,C/C,True,0.9
116,chr20,56,A/C,True,0.9
117,chr13,1508,G/A,True,0.9
118,chr7,240,A/G,True,0.9
119,chr6,1794,C/T,True,0.9
120,chr18,915,C/G,True,0.9
121,chr1,1633,G/G,True,0.9
122,chr6,1474,G/T,True,0.9
123,chr11,165,A/G,True,0.9
124,chr22,35,C/G,True,0.9
125,chr16,893,T/T,True,0.9
126,chrX,842,T/T,True,0.9
127,chr12,1081,A/C,True,0.9
128,chr5,771,G/A,True,0.9
129,chr16,884,A/G,True,0.9
130,chr2,1833,A/A,True,0.9
131,chr12,945,A/T,True,0.9
132,chr7,1534,G/T,True,0.9
133,chr18,623,T/C,True,0.9
134,chr3,520,A/A,True,0.9
135,chr21,128,A/A,True,0.9
136,chr11,1711,C/C,True,0.9
137,chr6,272,T/A,True,0.9
138,chr21,848,G/A,True,0.9
139,chr11,141,C/C,True,0.9
140,chr18,121,C/G,True,0.9
141,chr9,1510,C/A,True,0.9
142,chr10,1685,G/T,True,0.9
143,chr17,1887,C/C,True,0.9
144,chr8,1843,A/G,True,0.9
145,chr7,1718,A/A,True,0.9
146,chr5,1587,T/T,True,0.9
147,chr10,311,T/C,True,0.9
148,chr11,1119,A/G,True,0.9
149,chr4,1914,G/G,True,0.9
150,chr21,424,G/A,True,0.9
151,chr19,88,T/T,True,0.9
152,chr15,108,T/G,True,0.9
153,chr15,1064,G/T,True,0.9
154,chr5,910,C/A,True,0.9
155,chr14,1609,C/G,True,0.9
156,chr3,1797,C/A,True,0.9
157,chr1,394,T/C,True,0.9
158,chr14,458,T/T,True,0.9
159,chr1,832,C/T,True,0.9
160,chr18,1697,T/G,True,0.9
161,chr8,1712,C/G,True,0.9
162,chr21,1454,G/C,True,0.9
163,chr19,427,C/G,True,0.9
164,chr11,1380,A/G,True,0.9
165,chrX,403,T/A,True,0.9
166,chr19,756,T/T,True,0.9
167,chr2,429,A/G,True,0.9
168,chr16,1685,A/G,True,0.9
169,chr14,1378,G/A,True,0.9
170,chr12,1539,A/T,True,0.9
171,chr14,1054,G/C,True,0.9
172,chrY,351,T/A,True,0.9
173,chr11,1605,G/T,True,0.9
174,chr19,1646,T/A,True,0.9
175,chr11,1386,T/C,True,0.9
176,chr7,630,A/C,True,0.9
177,chr5,1551,C/G,True,0.9
178,chr6,683,C/G,True,0.9
179,chr11,1661,T/A,True,0.9
180,chr22,179,T/G,True,0.9
181,chr9,1707,C/A,True,0.9
182,chr13,1407,T/G,True,0.9
183,chr15,800,A/A,True,0.9
184,chr19,152,C/C,True,0.9
185,chr14,92,G/C,True,0.9
186,chr2,104,C/C,True,0.9
187,chr22,653,C/T,True,0.9
188,chr3,280,G/C,True,0.9
189,chr10,1288,C/T,True,0.9
190,chr14,1297,T/A,True,0.9
191,chr2,658,G/A,True,0.9
192,chr15,281,C/T,True,0.9
193,chr11,534,G/T,True,0.9
194,chr21,773,C/C,True,0.9
195,chr16,1879,A/G,True,0.9
196,chr13,663,A/A,True,0.9
197,chr18,371,G/G,True,0.9
198,chr13,653,A/C,True,0.9
199,chr21,679,G/C,True,0.9
200,chr14,51,A/A,True,0.9
201,chr3,1249,T/C,True,0.9
202,chrY,151,T/G,True,0.9
203,chr16,1695,C/A,True,0.9
204,chr19,257,C/A,True,0.9
205,chr8,473,T/C,True,0.9
206,chr9,1962,T/C,True,0.9
207,chr8,698,G/G,True,0.9
208,chr6,543,A/A,True,0.9
209,chr10,394,T/G,True,0.9
210,chr8,1546,A/T,True,0.9
211,chr3,601,A/G,True,0.9
212,chr19,12,A/C,True,0.9
213,chr15,1360,A/G,True,0.9
214,chr13,754,T/T,True,0.9
215,chr17,301,T/G,True,0.9
216,chr12,508,T/G,True,0.9
217,chr5,1245,C/G,True,0.9
218,chr14,233,T/T,True,0.9
219,chr9,778,T/C,True,0.9
220,chr7,37,C/G,True,0.9
221,chr5,1887,G/A,True,0.9
222,chrY,1149,C/A,True,0.9
223,chr22,1199,G/A,True,0.9
224,chr1,93,T/T,True,0.9
225,chr5,797,C/G,True,0.9
226,chr6,115,C/C,True,0.9
227,chr2,1630,T/T,True,0.9
228,chr8,1284,T/A,True,0.9
229,chr9,567,C/A,True,0.9
230,chr15,1435,C/T,True,0.9
231,chr13,1421,A/G,True,0.9
232,chr5,1841,G/G,True,0.9
233,chr7,337,A/A,True,0.9
234,chr12,1234,C/T,True,0.9
235,chr17,540,C/G,True,0.9
236,chr16,387,C/C,True,0.9
237,chr13,1798,C/T,True,0.9
238,chr15,1673,C/G,True,0.9
239,chr20,1919,C/G,True,0.9
240,chr15,1477,C/T,True,0.9
241,chr16,698,A/A,True,0.9
242,chrX,1493,T/A,True,0.9
243,chr1,1113,A/G,True,0.9
244,chr8,1040,G/C,True,0.9
245,chr21,1869,G/G,True,0.9
246,chr13,1202,A/A,True,0.9
247,chr1,395,A/C,True,0.9
248,chr17,31,C/T,True,0.9
249,chr15,80,A/T,True,0.9
250,chr7,685,G/C,True,0.9
251,chr7,1864,T/A,True,0.9
252,chr2,371,T/C,True,0.9
253,chr10,1584,T/T,True,0.9
254,chr18,1513,T/C,True,0.9
255,chr17,646,A/A,True,0.9
256,chr17,734,C/A,True,0.9
257,chr20,1836,T/T,True,0.9
258,chr4,1875,C/T,True,0.9
259,chr4,1868,T/A,True,0.9
260,chr17,1495,C/C,True,0.9
261,chr14,1783,G/C,True,0.9
262,chr5,68,A/A,True,0.9
263,chr18,204,C/C,True,0.9
264,chr3,1360,C/T,True,0.9
265,chr15,1275,A/C,True,0.9
266,chrY,465,A/A,True,0.9
267,chr3,1874,C/C,True,0.9
268,chr9,1098,A/A,True,0.9
269,chr15,840,T/T,True,0.9
270,chr2,1644,C/A,True,0.9
271,chr19,1972,G/T,True,0.9
272,chr2,1357,G/A,True,0.9
273,chr4,1444,G/C,True,0.9
274,chr9,70,A/A,True,0.9
275,chr16,1543,A/G,True,0.9
276,chr8,1940,T/C,True,0.9
277,chr22,393,T/T,True,0.9
278,chr19,307,T/A,True,0.9
279,chr19,1675,T/A,True,0.9
280,chr13,677,G/G,True,0.9
281,chr2,1665,A/A,True,0.9
282,chr17,1123,T/C,True,0.9
283,chr18,1472,G/A,True,0.9
284,chr20,206,T/A,True,0.9
285,chrX,1731,G/C,True,0.9
286,chr4,1022,C/T,True,0.9
287,chr5,17,A/T,True,0.9
288,chr14,1418,G/A,True,0.9
289,chr3,627,G/C,True,0.9
290,chr16,1360,T/T,True,0.9
291,chr21,1599,G/T,True,0.9
292,chrX,749,C/A,True,0.9
293,chr21,1042,C/G,True,0.9
294,chr13,1209,G/T,True,0.9
295,chr6,1979,C/C,True,0.9
296,chr9,1793,C/C,True,0.9
297,chr15,740,A/G,True,0.9
298,chr2,731,C/C,True,0.9
299,chr16,1593,G/A,True,0.9
300,chr9,1714,C/C,True,0.9
301,chr19,1098,T/A,True,0.9
302,chr1,392,G/C,True,0.9
303,chr5,1203,A/G,True,0.9
304,chr14,1307,T/A,True,0.9
305,chr7,292,G/G,True,0.9
306,chr9,568,G/T,True,0.9
307,chr3,532,T/C,True,0.9
308,chr1,1233,C/T,True,0.9
309,chrY,784,T/A,True,0.9
310,chr14,165,T/A,True,0.9
311,chr7,1447,A/G,True,0.9
312,chr13,130,A/G,True,0.9
313,chr8,230,C/A,True,0.9
314,chr7,732,A/C,True,0.9
315,chr16,1375,T/A,True,0.9
316,chr3,1585,T/A,True,0.9
317,chr11,1316,A/C,True,0.9
318,chr21,806,A/G,True,0.9
319,chr7,120,A/A,True,0.9
320,chr20,140,T/G,True,0.9
321,chrX,1658,G/A,True,0.9
322,chr6,1401,A/G,True,0.9
323,chr14,1035,A/A,True,0.9
324,chr15,600,G/G,True,0.9
325,chrX,395,T/G,True,0.9
326,chr22,1978,C/G,True,0.9
327,chr14,654,A/A,True,0.9
328,chr8,1082,A/G,True,0.9
329,chr12,1572,A/T,True,0.9
330,chr22,295,C/A,True,0.9
331,chr22,165,T/C,True,0.9
332,chr13,849,G/T,True,0.9
333,chr16,483,C/G,True,0.9
334,chr19,449,T/T,True,0.9
335,chr16,35,A/T,True,0.9
336,chr14,1024,A/T,True,0.9
337,chr10,1527,T/G,True,0.9
338,chr12,762,A/T,True,0.9
339,chr1,1950,T/C,True,0.9
340,chr10,823,T/A,True,0.9
341,chr18,1368,G/G,True,0.9
342,chr16,545,A/G,True,0.9
343,chr16,651,T/T,True,0.9
344,chr6,392,A/C,True,0.9
345,chr1,1435,T/T,True,0.9
346,chr20,729,G/T,True,0.9
347,chr7,1683,G/G,True,0.9
348,chr13,956,T/G,True,0.9
349,chr2,1806,A/G,True,0.9
350,chr9,1656,G/C,True,0.9
351,chr22,1237,A/A,True,0.9
352,chr21,1697,G/T,True,0.9
353,chr6,1998,G/G,True,0.9
354,chr11,494,G/T,True,0.9
355,chr3,567,G/A,True,0.9
356,chr18,226,C/T,True,0.9
357,chr3,1043,A/G,True,0.9
358,chr1,262,C/A,True,0.9
359,chr6,360,A/T,True,0.9
360,chr16,880,A/G,True,0.9
361,chrY,973,G/A,True,0.9
362,chrX,939,T/A,True,0.9
363,chr4,873,T/A,True,0.9
364,chr19,1251,A/T,True,0.9
365,chr20,1512,C/A,True,0.9
366,chr17,833,A/T,True,0.9
367,chr17,1966,C/A,True,0.9
368,chr8,1630,T/G,True,0.9
369,chr22,1261,T/A,True,0.9
370,chr21,494,T/C,True,0.9
371,chr6,457,T/C,True,0.9
372,chr16,105,C/C,True,0.9
373,chrX,1701,C/C,True,0.9
374,chr19,1981,A/G,True,0.9
375,chr10,1834,T/C,True,0.9
376,chr20,942,T/G,True,0.9
377,chr7,694,C/A,True,0.9
378,chr2,540,G/T,True,0.9
379,chr5,976,T/G,True,0.9
380,chrX,1951,T/G,True,0.9
381,chr2,1399,C/A,True,0.9
382,chr12,928,G/G,True,0.9
383,chr13,1442,C/C,True,0.9
384,chr18,1337,G/T,True,0.9
385,chr8,689,G/G,True,0.9
386,chr6,1896,A/T,True,0.9
387,chr7,1407,C/A,True,0.9
388,chr9,498,A/A,True,0.9
389,chr8,771,C/G,True,0.9
390,chr6,711,A/A,True,0.9
391,chr16,76,G/C,True,0.9
392,chr2,1685,C/C,True,0.9
393,chr19,264,A/C,True,0.9
394,chr9,1363,A/C,True,0.9
395,chr8,1159,G/A,True,0.9
396,chr9,1055,C/C,True,0.9
397,chr2,1889,G/C,True,0.9
398,chr4,1059,A/G,True,0.9
399,chrY,1430,T/A,True,0.9
400,chr3,1639,G/A,True,0.9
401,chr19,1253,C/T,True,0.9
402,chr2,326,T/G,True,0.9
403,chr3,1899,T/C,True,0.9
404,chr1,510,G/C,True,0.9
405,chr16,1053,G/A,True,0.9
406,chr1,266,A/T,True,0.9
407,chr9,1029,G/G,True,0.9
408,chr4,1421,G/G,True,0.9
409,chr11,1419,T/T,True,0.9
410,chrY,198,G/G,True,0.9
411,chr2,367,A/T,True,0.9
412,chr16,365,T/A,True,0.9
413,chr1,9,G/C,True,0.9
414,chr5,1841,T/G,True,0.9
415,chr16,1926,A/G,True,0.9
416,chr11,815,A/G,True,0.9
417,chr1,1271,G/A,True,0.9
418,chr16,1607,C/A,True,0.9
419,chr4,368,G/A,True,0.9
420,chr8,1478,G/C,True,0.9
421,chr2,989,C/C,True,0.9
422,chrX,1991,C/G,True,0.9
423,chr17,1160,T/C,True,0.9
424,chr1,1899,C/C,True,0.9
425,chr9,428,A/T,True,0.9
426,chr7,1849,T/C,True,0.9
427,chr14,1896,A/G,True,0.9
428,chr12,1205,G/G,True,0.9
429,chr5,666,A/T,True,0.9
430,chr18,1467,G/A,True,0.9
431,chr5,1776,G/G,True,0.9
432,chr19,1249,A/T,True,0.9
433,chrY,1610,T/T,True,0.9
434,chr15,587,G/T,True,0.9
435,chr1,1727,A/C,True,0.9
436,chr5,1572,C/G,True,0.9
437,chr18,1269,A/G,True,0.9
438,chr12,1095,C/T,True,0.9
439,chr21,1091,A/G,True,0.9
440,chr8,1161,C/T,True,0.9
441,chr15,1369,G/A,True,0.9
442,chr16,1395,C/G,True,0.9
443,chr19,380,G/A,True,0.9
444,chr20,1895,G/A,True,0.9
445,chr20,304,T/A,True,0.9
446,chr6,1876,C/C,True,0.9
447,chr7,1158,A/A,True,0.9
448,chr6,326,T/C,True,0.9
449,chr2,1348,C/T,True,0.9
450,chr17,1226,G/C,True,0.9
451,chr4,314,A/A,True,0.9
452,chr2,1036,A/G,True,0.9
453,chr4,29,T/G,True,0.9
454,chrX,200,T/C,True,0.9
455,chr9,1828,T/C,True,0.9
456,chr21,1910,G/C,True,0.9
457,chrY,1909,T/A,True,0.9
458,chr13,1253,T/A,True,0.9
459,chr5,1143,T/T,True,0.9
460,chr9,957,G/G,True,0.9
461,chr14,1534,G/C,True,0.9
462,chr8,1805,T/T,True,0.9
463,chr6,1446,C/A,True,0.9
464,chr7,1110,T/G,True,0.9
465,chrX,1892,C/A,True,0.9
466,chr4,1994,C/A,True,0.9
467,chr21,1381,T/T,True,0.9
468,chr22,394,A/T,True,0.9
469,chrX,1438,T/A,True,0.9
470,chr8,1649,T/C,True,0.9
471,chr18,970,T/G,True,0.9
472,chr13,1111,T/T,True,0.9
473,chr4,1829,G/T,True,0.9
474,chr1,1723,C/T,True,0.9
475,chr7,1566,C/C,True,0.9
476,chr14,1088,G/C,True,0.9
477,chr1,1676,C/G,True,0.9
478,chr22,86,C/A,True,0.9
479,chr17,1986,T/A,True,0.9
480,chr20,685,A/C,True,0.9
481,chr15,1804,A/A,True,0.9
482,chr7,1767,T/T,True,0.9
483,chr11,848,A/T,True,0.9
484,chr4,1432,G/T,True,0.9
485,chr8,655,C/T,True,0.9
486,chr20,13,A/T,True,0.9
487,chr6,1829,C/G,True,0.9
488,chr8,1059,C/C,True,0.9
489,chr19,597,G/G,True,0.9
490,chr11,579,G/T,True,0.9
491,chr13,599,A/C,True,0.9
492,chr19,1394,A/G,True,0.9
493,chr4,1531,C/C,True,0.9
494,chr14,327,T/A,True,0.9
495,chrX,1549,C/A,True,0.9
496,chr16,1709,A/A,True,0.9
497,chr19,1472,G/C,True,0.9
498,chr8,1773,G/G,True,0.9
499,chr9,1574,T/C,True,0.9
500,chr3,502,A/A,True,0.9
501,chr6,954,T/T,True,0.9
502,chr22,1590,A/C,True,0.9
503,chr17,1899,T/G,True,0.9
504,chr22,1679,G/G,True,0.9
505,chrY,354,T/A,True,0.9
506,chr19,1992,C/G,True,0.9
507,chr19,1802,T/A,True,0.9
508,chr19,427,T/T,True,0.9
509,chr11,1613,G/C,True,0.9
510,chr21,784,C/A,True,0.9
511,chr11,746,A/A,True,0.9
512,chr22,268,T/G,True,0.9
513,chr4,233,G/A,True,0.9
514,chrY,1971,A/C,True,0.9
