,CHROMOSOME,pos,mut,is_ok,approved_ratio
0,chr10,409,C/C,True,0.9
1,chr7,1170,A/C,True,0.9
2,chr7,1960,G/T,True,0.9
3,chr2,501,C/T,True,0.9
4,chr15,763,G/A,True,0.9
5,chr10,1253,T/C,True,0.9
6,chr1,1694,G/A,True,0.9
7,chr7,430,G/T,True,0.9
8,chr20,1273,C/G,True,0.9
9,chr18,624,G/T,True,0.9
10,chr15,1987,T/A,True,0.9
11,chrY,852,C/T,True,0.9
12,chrY,809,T/G,True,0.9
13,chr14,154,G/G,True,0.9
14,chr22,1804,G/C,True,0.9
15,chr14,215,A/T,True,0.9
16,chr8,630,C/G,True,0.9
17,chr16,1750,A/C,True,0.9
18,chr11,1259,A/T,True,0.9
19,chr6,1346,A/C,True,0.9
20,chr21,600,T/T,True,0.9
21,chr22,1533,A/G,True,0.9
22,chr5,321,A/C,True,0.9
23,chr6,1644,T/A,True,0.9
24,chr4,1203,A/G,True,0.9
25,chr4,528,C/A,True,0.9
26,chr7,1361,C/T,True,0.9
27,chr4,438,T/T,True,0.9
28,chr17,1347,C/C,True,0.9
29,chr5,1016,C/T,True,0.9
30,chrY,650,T/T,True,0.9
31,chr14,819,A/G,True,0.9
32,chr20,1443,A/G,True,0.9
33,chr14,212,C/T,True,0.9
34,chr2,1132,G/A,True,0.9
35,chr13,945,T/A,True,0.9
36,chr11,609,G/T,True,0.9
37,chrY,1553,A/G,True,0.9
38,chr18,1357,A/G,True,0.9
39,chr20,398,C/C,True,0.9
40,chrY,1420,A/C,True,0.9
41,chr4,1506,A/G,True,0.9
42,chr7,279,A/C,True,0.9
43,chr19,420,C/A,True,0.9
44,chr5,984,G/A,True,0.9
45,chr15,737,T/G,True,0.9
46,chr9,456,C/A,True,0.9
47,chrX,991,C/A,True,0.9
48,chr2,1902,C/T,True,0.9
49,chr5,643,T/A,True,0.9
50,chr19,1203,A/C,True,0.9
51,chrY,588,A/C,True,0.9
52,chr12,1039,A/G,True,0.9
53,chrX,1943,A/C,True,0.9
54,chrY,1638,A/A,True,0.9
55,chr8,1697,G/A,True,0.9
56,chr1,1522,T/C,True,0.9
57,chr15,1354,G/G,True,0.9
58,chr4,693,A/T,True,0.9
59,chrY,782,G/C,True,0.9
60,chrY,509,T/T,True,0.9
61,chr1,26,A/A,True,0.9
62,chr9,1786,G/A,True,0.9
63,chr14,400,C/A,True,0.9
64,chr5,938,T/C,True,0.9
65,chr13,1608,T/C,True,0.9
66,chr9,1341,A/G,True,0.9
67,chr19,1607,T/G,True,0.9
68,chr13,1629,G/A,True,0.9
69,chr22,1798,G/T,True,0.9
70,chr11,788,C/A,True,0.9
71,chr16,60,G/C,True,0.9
72,chr5,666,T/G,True,0.9
73,chr12,1018,T/T,True,0.9
74,chr1,1023,T/A,True,0.9
75,chr22,1153,A/G,True,0.9
76,chr6,193,T/T,True,0.9
77,chr9,1717,T/A,True,0.9
78,chr16,1372,G/A,True,0.9
79,chr17,1364,C/C,True,0.9
80,chr11,1682,T/A,True,0.9
81,chr10,37,A/T,True,0.9
82,chr7,896,C/G,True,0.9
83,chr10,334,G/C,True,0.9
84,chr8,1532,A/G,True,0.9
85,chr9,1726,A/T,True,0.9
86,chr5,590,T/A,True,0.9
87,chr16,1137,G/C,True,0.9
88,chr6,589,T/C,True,0.9
89,chr2,1440,G/G,True,0.9
90,chr4,303,A/C,True,0.9
91,chr10,1898,G/T,True,0.9
92,chr20,1677,A/T,True,0.9
93,chr16,585,A/C,True,0.9
94,chr11,102,C/T,True,0.9
95,chr5,1965,G/A,True,0.9
96,chr22,1000,C/C,True,0.9
97,chr8,1132,C/T,True,0.9
98,chr8,1199,C/A,True,0.9
99,chrX,842,C/T,True,0.9
100,chr22,1263,T/T,True,0.9
101,chr15,435,C/T,True,0.9
102,chr11,141,C/A,True,0.9
103,chr9,1187,A/T,True,0.9
104,chr12,900,A/A,True,0.9
105,chr4,1447,T/A,True,0.9
106,chr21,822,A/C,True,0.9
107,chr5,668,A/T,True,0.9
108,chr20,879,G/C,True,0.9
109,chr8,1502,A/T,True,0.9
110,chr19,1537,G/A,True,0.9
111,chr20,1768,G/G,True,0.9
112,chr20,1746,G/G,True,0.9
113,chr16,420,T/T,True,0.9
114,chr6,1794,C/T,True,0.9
115,chr1,1633,G/G,True,0.9
116,chr4,829,G/T,True,0.9
117,chr16,922,A/C,True,0.9
118,chr17,60,C/A,True,0.9
119,chr5,771,G/A,True,0.9
120,chr2,1833,A/A,True,0.9
121,chr4,1945,A/C,True,0.9
122,chrX,1417,G/T,True,0.9
123,chr15,385,C/T,True,0.9
124,chr21,628,A/A,True,0.9
125,chr11,744,A/A,True,0.9
126,chr15,1520,T/T,True,0.9
127,chr16,187,G/G,True,0.9
128,chr12,130,G/G,True,0.9
129,chr18,623,T/C,True,0.9
130,chr2,1487,G/T,True,0.9
131,chr21,128,A/A,True,0.9
132,chr3,1781,T/C,True,0.9
133,chr19,1138,C/G,True,0.9
134,chr6,821,C/G,True,0.9
135,chr11,1711,C/C,True,0.9
136,chr18,812,A/A,True,0.9
137,chr15,1986,A/C,True,0.9
138,chr21,471,C/A,True,0.9
139,chr6,279,T/C,True,0.9
140,chr17,1887,C/C,True,0.9
141,chrX,539,C/C,True,0.9
142,chr14,1831,A/T,True,0.9
143,chr21,166,T/A,True,0.9
144,chr10,311,T/C,True,0.9
145,chr12,1840,C/T,True,0.9
146,chr3,462,G/C,True,0.9
147,chr13,1407,A/T,True,0.9
148,chr3,157,T/C,True,0.9
149,chr2,30,T/T,True,0.9
150,chr13,1781,A/A,True,0.9
151,chr2,1786,C/A,True,0.9
152,chr13,406,C/C,True,0.9
153,chr6,1493,G/C,True,0.9
154,chr15,1064,G/T,True,0.9
155,chr13,1416,T/G,True,0.9
156,chr14,1609,C/G,True,0.9
157,chr1,1416,C/A,True,0.9
158,chr9,1629,C/C,True,0.9
159,chr14,458,T/T,True,0.9
160,chr17,566,C/C,True,0.9
161,chr8,1712,C/G,True,0.9
162,chr19,427,C/G,True,0.9
163,chr10,1722,A/C,True,0.9
164,chr19,756,T/T,True,0.9
165,chr21,104,A/A,True,0.9
166,chr11,1716,T/T,True,0.9
167,chr2,429,A/G,True,0.9
168,chr17,110,G/C,True,0.9
169,chr11,1605,G/T,True,0.9
170,chr8,525,A/C,True,0.9
171,chr11,1386,T/C,True,0.9
172,chr7,630,A/C,True,0.9
173,chr2,1724,C/C,True,0.9
174,chr5,1551,C/G,True,0.9
175,chr11,1335,T/G,True,0.9
176,chr18,480,C/G,True,0.9
177,chr3,1934,A/G,True,0.9
178,chr16,1605,A/C,True,0.9
179,chr15,1215,G/A,True,0.9
180,chr15,1347,T/C,True,0.9
181,chr20,489,C/T,True,0.9
182,chr2,104,C/C,True,0.9
183,chr9,721,A/C,True,0.9
184,chr22,653,C/T,True,0.9
185,chr2,385,G/T,True,0.9
186,chr22,1848,C/A,True,0.9
187,chr8,1447,G/G,True,0.9
188,chr16,1179,A/G,True,0.9
189,chr11,534,G/T,True,0.9
190,chr5,647,G/G,True,0.9
191,chr21,773,C/C,True,0.9
192,chr18,371,G/G,True,0.9
193,chr4,1955,G/T,True,0.9
194,chr11,510,T/G,True,0.9
195,chr13,653,A/C,True,0.9
196,chr21,679,G/C,True,0.9
197,chr6,500,G/G,True,0.9
198,chr14,1956,G/T,True,0.9
199,chr16,1503,T/G,True,0.9
200,chr19,257,C/A,True,0.9
201,chr8,473,T/C,True,0.9
202,chr6,543,A/A,True,0.9
203,chr15,349,G/T,True,0.9
204,chr19,1174,G/A,True,0.9
205,chr10,1794,C/T,True,0.9
206,chr8,1546,A/T,True,0.9
207,chr4,825,A/A,True,0.9
208,chr8,1416,C/G,True,0.9
209,chr3,601,A/G,True,0.9
210,chr9,612,T/C,True,0.9
211,chr14,233,T/T,True,0.9
212,chr20,1292,A/C,True,0.9
213,chr8,1725,T/T,True,0.9
214,chr22,1239,T/A,True,0.9
215,chr13,1056,T/C,True,0.9
216,chr8,1284,T/A,True,0.9
217,chrX,1409,T/T,True,0.9
218,chr7,1672,C/T,True,0.9
219,chr4,1550,C/C,True,0.9
220,chr13,1421,A/G,True,0.9
221,chr4,1703,G/A,True,0.9
222,chr10,1701,G/T,True,0.9
223,chrX,837,C/C,True,0.9
224,chr2,1039,G/G,True,0.9
225,chr7,250,A/A,True,0.9
226,chr19,1423,C/G,True,0.9
227,chr20,1919,C/G,True,0.9
228,chr18,129,T/T,True,0.9
229,chr18,1368,A/C,True,0.9
230,chr15,1477,C/T,True,0.9
231,chr2,1956,C/G,True,0.9
232,chrX,1493,T/A,True,0.9
233,chr1,1113,A/G,True,0.9
234,chr8,1040,G/C,True,0.9
235,chr21,1869,G/G,True,0.9
236,chr9,1112,A/C,True,0.9
237,chr22,1122,A/G,True,0.9
238,chr18,1524,G/G,True,0.9
239,chr19,1025,T/T,True,0.9
240,chr5,1466,A/G,True,0.9
241,chr4,734,G/C,True,0.9
242,chr18,1513,T/C,True,0.9
243,chr17,646,A/A,True,0.9
244,chrX,214,C/C,True,0.9
245,chr17,734,C/A,True,0.9
246,chr3,316,C/A,True,0.9
247,chr20,405,A/A,True,0.9
248,chr10,793,T/G,True,0.9
249,chr3,1508,A/G,True,0.9
250,chr17,71,C/T,True,0.9
251,chr17,538,A/C,True,0.9
252,chr10,932,G/G,True,0.9
253,chr5,68,A/A,True,0.9
254,chr18,204,C/C,True,0.9
255,chr22,258,C/C,True,0.9
256,chr6,1588,A/G,True,0.9
257,chr14,1083,C/T,True,0.9
258,chr22,978,A/A,True,0.9
259,chr14,157,A/G,True,0.9
260,chr8,1204,T/C,True,0.9
261,chr11,412,C/G,True,0.9
262,chr8,1940,T/C,True,0.9
263,chr22,393,T/T,True,0.9
264,chr10,765,G/T,True,0.9
265,chr7,1582,A/T,True,0.9
266,chr13,107,T/A,True,0.9
267,chr2,1665,A/A,True,0.9
268,chr17,1123,T/C,True,0.9
269,chr22,680,A/A,True,0.9
270,chr20,1484,C/A,True,0.9
271,chr14,1418,G/A,True,0.9
272,chr15,1444,C/T,True,0.9
273,chr5,1229,G/C,True,0.9
274,chr16,1360,T/T,True,0.9
275,chr7,878,G/C,True,0.9
276,chr21,1599,G/T,True,0.9
277,chr22,1172,A/T,True,0.9
278,chr17,1608,T/A,True,0.9
279,chr16,1168,G/T,True,0.9
280,chr9,776,A/G,True,0.9
281,chr21,1042,C/G,True,0.9
282,chr19,1148,C/G,True,0.9
283,chr12,665,A/T,True,0.9
284,chrX,514,T/A,True,0.9
285,chr2,731,C/C,True,0.9
286,chr4,939,G/G,True,0.9
287,chr9,1714,C/C,True,0.9
288,chr19,1098,T/A,True,0.9
289,chr5,1203,A/G,True,0.9
290,chr5,744,G/G,True,0.9
291,chr15,1506,C/A,True,0.9
292,chr20,1194,A/C,True,0.9
293,chr9,211,T/C,True,0.9
294,chr4,902,T/G,True,0.9
295,chr3,532,T/C,True,0.9
296,chr14,1580,C/A,True,0.9
297,chr21,1781,C/G,True,0.9
298,chr7,1447,A/G,True,0.9
299,chr3,1585,T/A,True,0.9
300,chrY,1475,G/C,True,0.9
301,chr1,497,C/A,True,0.9
302,chr7,272,T/A,True,0.9
303,chr15,600,G/G,True,0.9
304,chr1,459,G/G,True,0.9
305,chr14,205,G/T,True,0.9
306,chr8,1082,A/G,True,0.9
307,chr12,1572,A/T,True,0.9
308,chr22,295,C/A,True,0.9
309,chr5,1322,A/C,True,0.9
310,chr13,849,G/T,True,0.9
311,chr19,449,T/T,True,0.9
312,chrY,458,T/A,True,0.9
313,chr16,35,A/T,True,0.9
314,chr18,1735,T/T,True,0.9
315,chr2,1981,C/G,True,0.9
316,chr11,1163,A/A,True,0.9
317,chr12,762,A/T,True,0.9
318,chr1,1950,T/C,True,0.9
319,chr16,651,T/T,True,0.9
320,chrY,1739,C/A,True,0.9
321,chr19,1156,A/G,True,0.9
322,chr14,1474,T/G,True,0.9
323,chrX,1026,C/T,True,0.9
324,chr13,956,T/G,True,0.9
325,chr9,1656,G/C,True,0.9
326,chr6,1998,G/G,True,0.9
327,chr3,567,G/A,True,0.9
328,chr3,1043,A/G,True,0.9
329,chr4,1151,T/C,True,0.9
330,chr20,1578,C/A,True,0.9
331,chr2,1155,C/T,True,0.9
332,chr16,880,A/G,True,0.9
333,chr2,1604,G/G,True,0.9
334,chr7,1771,T/G,True,0.9
335,chr4,873,T/A,True,0.9
336,chr19,1801,C/A,True,0.9
337,chr1,954,A/A,True,0.9
338,chr20,122,T/T,True,0.9
339,chr7,707,C/C,True,0.9
340,chr1,1466,C/T,True,0.9
341,chrY,1672,A/T,True,0.9
342,chr19,1251,A/T,True,0.9
343,chr20,1512,C/A,True,0.9
344,chr20,628,C/T,True,0.9
345,chr17,833,A/T,True,0.9
346,chr11,947,A/T,True,0.9
347,chr21,751,C/G,True,0.9
348,chr8,1630,T/G,True,0.9
349,chrX,1793,A/G,True,0.9
350,chr22,1261,T/A,True,0.9
351,chr21,494,T/C,True,0.9
352,chr6,457,T/C,True,0.9
353,chr8,480,T/A,True,0.9
354,chr19,1981,A/G,True,0.9
355,chr11,865,T/A,True,0.9
356,chr10,1834,T/C,True,0.9
357,chr14,497,G/T,True,0.9
358,chr7,694,C/A,True,0.9
359,chr2,540,G/T,True,0.9
360,chr16,520,G/A,True,0.9
361,chr3,1352,C/C,True,0.9
362,chr19,1607,A/T,True,0.9
363,chr1,1369,G/C,True,0.9
364,chr12,928,G/G,True,0.9
365,chr18,862,A/T,True,0.9
366,chr9,136,C/C,True,0.9
367,chr8,689,G/G,True,0.9
368,chr4,679,G/G,True,0.9
369,chr17,1599,T/T,True,0.9
370,chr9,498,A/A,True,0.9
371,chrX,1014,T/G,True,0.9
372,chr5,1579,T/C,True,0.9
373,chr2,1399,T/G,True,0.9
374,chr13,246,A/A,True,0.9
375,chr20,959,C/G,True,0.9
376,chr8,1159,G/A,True,0.9
377,chr4,1079,G/A,True,0.9
378,chr22,1448,G/T,True,0.9
379,chr2,326,T/G,True,0.9
380,chr6,1128,A/A,True,0.9
381,chr11,904,T/T,True,0.9
382,chr2,1848,C/A,True,0.9
383,chr11,1621,C/C,True,0.9
384,chr16,421,C/G,True,0.9
385,chr16,1053,G/A,True,0.9
386,chr9,1029,G/G,True,0.9
387,chr15,636,C/G,True,0.9
388,chr4,1421,G/G,True,0.9
389,chrY,198,G/G,True,0.9
390,chrY,424,T/T,True,0.9
391,chr16,1926,A/G,True,0.9
392,chr20,761,C/G,True,0.9
393,chr15,362,G/T,True,0.9
394,chr1,1271,G/A,True,0.9
395,chr9,135,T/G,True,0.9
396,chr14,1523,A/C,True,0.9
397,chr16,1607,C/A,True,0.9
398,chr4,368,G/A,True,0.9
399,chr19,767,A/T,True,0.9
400,chr8,1478,G/C,True,0.9
401,chr22,1739,G/T,True,0.9
402,chr2,989,C/C,True,0.9
403,chr7,784,A/T,True,0.9
404,chr13,701,T/G,True,0.9
405,chr3,689,G/G,True,0.9
406,chr9,1485,A/T,True,0.9
407,chr15,724,A/C,True,0.9
408,chr7,275,T/G,True,0.9
409,chr22,1084,T/G,True,0.9
410,chr22,581,G/A,True,0.9
411,chr3,1239,C/T,True,0.9
412,chr17,77,T/A,True,0.9
413,chr1,249,A/C,True,0.9
414,chr12,23,C/C,True,0.9
415,chr1,1727,A/C,True,0.9
416,chr13,1113,C/C,True,0.9
417,chr19,515,T/C,True,0.9
418,chr8,1822,A/C,True,0.9
419,chr6,609,A/T,True,0.9
420,chr1,570,A/T,True,0.9
421,chr15,1369,G/A,True,0.9
422,chr16,1395,C/G,True,0.9
423,chr16,1352,G/A,True,0.9
424,chr1,857,C/T,True,0.9
425,chr20,304,T/A,True,0.9
426,chr12,684,A/G,True,0.9
427,chr21,1589,T/A,True,0.9
428,chr21,1082,A/C,True,0.9
429,chr3,414,A/C,True,0.9
430,chr6,326,T/C,True,0.9
431,chr2,1348,C/T,True,0.9
432,chrY,111,G/C,True,0.9
433,chr17,1226,G/C,True,0.9
434,chr12,236,A/G,True,0.9
435,chr4,1687,A/C,True,0.9
436,chr12,84,A/T,True,0.9
437,chr4,29,T/G,True,0.9
438,chr7,492,T/T,True,0.9
439,chr21,1910,G/C,True,0.9
440,chrY,1909,T/A,True,0.9
441,chrX,1033,C/T,True,0.9
442,chr13,1253,T/A,True,0.9
443,chr8,1805,T/T,True,0.9
444,chr7,332,A/T,True,0.9
445,chr7,1110,T/G,True,0.9
446,chr6,1346,C/C,True,0.9
447,chrX,1892,C/A,True,0.9
448,chr13,1663,G/A,True,0.9
449,chrY,1854,T/C,True,0.9
450,chr22,394,A/T,True,0.9
451,chrX,1438,T/A,True,0.9
452,chr10,1638,G/T,True,0.9
453,chr15,150,A/C,True,0.9
454,chr15,1676,A/A,True,0.9
455,chr1,237,A/A,True,0.9
456,chr14,1467,C/A,True,0.9
457,chr16,647,A/A,True,0.9
458,chr16,338,C/C,True,0.9
459,chr1,1723,C/T,True,0.9
460,chr22,22,C/A,True,0.9
461,chrY,448,A/T,True,0.9
462,chr1,205,T/T,True,0.9
463,chr2,1334,G/C,True,0.9
464,chr2,1755,T/G,True,0.9
465,chr8,1293,A/A,True,0.9
466,chr10,1624,A/A,True,0.9
467,chr20,1090,G/T,True,0.9
468,chr1,1445,T/G,True,0.9
469,chr12,31,A/T,True,0.9
470,chr2,1074,C/T,True,0.9
471,chr11,848,A/T,True,0.9
472,chr17,104,C/T,True,0.9
473,chr13,201,G/C,True,0.9
474,chr22,1553,G/C,True,0.9
475,chr8,655,C/T,True,0.9
476,chr20,1422,C/G,True,0.9
477,chr19,597,G/G,True,0.9
478,chr21,75,C/T,True,0.9
479,chr10,1300,G/T,True,0.9
480,chr13,1088,G/C,True,0.9
481,chr14,327,T/A,True,0.9
482,chr18,226,A/A,True,0.9
483,chr11,728,A/C,True,0.9
484,chr21,536,G/G,True,0.9
485,chr6,954,T/T,True,0.9
486,chr2,128,C/C,True,0.9
487,chr22,1844,G/T,True,0.9
488,chrX,1228,C/G,True,0.9
489,chr5,332,C/G,True,0.9
490,chr22,1679,G/G,True,0.9
491,chr12,763,G/C,True,0.9
492,chr17,62,C/T,True,0.9
493,chr8,48,C/T,True,0.9
494,chr14,341,T/G,True,0.9
495,chr5,893,C/T,True,0.9
496,chr19,1802,T/A,True,0.9
497,chr19,427,T/T,True,0.9
498,chr6,133,C/G,True,0.9
499,chr22,1419,T/A,True,0.9
500,chrY,618,C/C,True,0.9
501,chr6,1584,C/C,True,0.9
502,chr12,237,A/G,True,0.9
503,chr21,1733,A/C,True,0.9
504,chr9,710,C/T,True,0.9
505,chr4,233,G/A,True,0.9
506,chr15,392,G/C,True,0.9
507,chrY,1971,A/C,True,0.9
