,CHROMOSOME,pos,mut,is_ok,approved_ratio
0,chr18,1597,G/A,True,0.9
1,chr17,91,G/G,True,0.9
2,chr11,1682,G/A,True,0.9
3,chr2,501,C/T,True,0.9
4,chr14,1032,C/T,True,0.9
5,chr1,1694,G/A,True,0.9
6,chrX,395,T/A,True,0.9
7,chr18,624,G/T,True,0.9
8,chr8,1426,C/T,True,0.9
9,chr4,1796,A/C,True,0.9
10,chr21,1195,C/C,True,0.9
11,chr21,532,G/T,True,0.9
12,chr4,972,G/C,True,0.9
13,chr21,361,G/C,True,0.9
14,chr13,1823,A/C,True,0.9
15,chr7,1632,T/C,True,0.9
16,chrY,1261,A/C,True,0.9
17,chr14,1900,C/C,True,0.9
18,chr22,1804,G/C,True,0.9
19,chr14,215,A/T,True,0.9
20,chrX,1815,A/C,True,0.9
21,chr16,1750,A/C,True,0.9
22,chr13,1253,C/G,True,0.9
23,chr7,1400,C/T,True,0.9
24,chr3,929,T/C,True,0.9
25,chr6,1346,A/C,True,0.9
26,chr13,1976,T/G,True,0.9
27,chr14,825,T/G,True,0.9
28,chrY,1859,T/C,True,0.9
29,chr6,1644,T/A,True,0.9
30,chr4,1203,A/G,True,0.9
31,chr11,814,G/T,True,0.9
32,chr7,889,G/C,True,0.9
33,chrX,1495,G/T,True,0.9
34,chr22,1962,T/G,True,0.9
35,chr6,1894,C/A,True,0.9
36,chrY,650,T/T,True,0.9
37,chr3,1808,G/C,True,0.9
38,chr20,1443,A/G,True,0.9
39,chr14,212,C/T,True,0.9
40,chr11,609,G/T,True,0.9
41,chrY,1553,A/G,True,0.9
42,chr12,1634,G/C,True,0.9
43,chr7,1849,A/T,True,0.9
44,chr20,626,G/C,True,0.9
45,chr12,766,A/C,True,0.9
46,chr9,501,C/C,True,0.9
47,chrY,123,G/C,True,0.9
48,chr9,456,C/A,True,0.9
49,chr4,1554,T/C,True,0.9
50,chrX,991,C/A,True,0.9
51,chr9,233,C/G,True,0.9
52,chr13,839,C/T,True,0.9
53,chr16,905,G/A,True,0.9
54,chr12,1039,A/G,True,0.9
55,chrX,1943,A/C,True,0.9
56,chr18,1962,C/A,True,0.9
57,chr8,1697,G/A,True,0.9
58,chr4,693,A/T,True,0.9
59,chr12,221,T/A,True,0.9
60,chr22,1350,C/C,True,0.9
61,chr6,227,A/A,True,0.9
62,chr6,1313,C/C,True,0.9
63,chr11,136,G/G,True,0.9
64,chrY,1669,C/A,True,0.9
65,chr14,400,C/A,True,0.9
66,chr10,554,G/C,True,0.9
67,chr5,1033,A/G,True,0.9
68,chr11,788,C/A,True,0.9
69,chr5,666,T/G,True,0.9
70,chr10,1486,A/C,True,0.9
71,chr1,1023,T/A,True,0.9
72,chr6,193,T/T,True,0.9
73,chr22,536,T/T,True,0.9
74,chr21,846,A/T,True,0.9
75,chr10,910,C/C,True,0.9
76,chr1,1298,A/A,True,0.9
77,chr15,143,A/C,True,0.9
78,chr22,74,T/T,True,0.9
79,chr2,1802,G/T,True,0.9
80,chr12,509,T/T,True,0.9
81,chr8,1532,A/G,True,0.9
82,chr7,434,C/T,True,0.9
83,chr12,1673,T/C,True,0.9
84,chr16,1137,G/C,True,0.9
85,chr12,957,A/T,True,0.9
86,chr1,659,G/C,True,0.9
87,chr3,830,C/A,True,0.9
88,chr19,621,T/G,True,0.9
89,chr2,1440,G/G,True,0.9
90,chr4,303,A/C,True,0.9
91,chr1,1549,C/G,True,0.9
92,chr10,1898,G/T,True,0.9
93,chr16,585,A/C,True,0.9
94,chr8,1114,G/C,True,0.9
95,chr9,124,T/A,True,0.9
96,chr11,102,C/T,True,0.9
97,chr5,1818,A/G,True,0.9
98,chr6,1012,A/T,True,0.9
99,chr18,273,T/T,True,0.9
100,chr6,1270,A/G,True,0.9
101,chr15,435,C/T,True,0.9
102,chr5,1392,G/C,True,0.9
103,chr11,141,C/A,True,0.9
104,chr4,1447,T/A,True,0.9
105,chr22,406,G/C,True,0.9
106,chrY,1149,G/T,True,0.9
107,chr19,1537,G/A,True,0.9
108,chr13,1345,A/C,True,0.9
109,chr20,1768,G/G,True,0.9
110,chr22,897,C/A,True,0.9
111,chr6,1265,C/C,True,0.9
112,chr13,1582,G/C,True,0.9
113,chr6,1794,C/T,True,0.9
114,chr14,814,T/C,True,0.9
115,chr18,915,C/G,True,0.9
116,chr16,922,A/C,True,0.9
117,chr6,1474,G/T,True,0.9
118,chrX,842,T/T,True,0.9
119,chr15,1520,T/T,True,0.9
120,chr3,520,A/A,True,0.9
121,chr14,726,C/A,True,0.9
122,chr3,1781,T/C,True,0.9
123,chr11,1711,C/C,True,0.9
124,chr11,57,C/G,True,0.9
125,chr2,699,G/G,True,0.9
126,chr8,499,G/G,True,0.9
127,chr21,471,C/A,True,0.9
128,chr17,1887,C/C,True,0.9
129,chr8,1843,A/G,True,0.9
130,chr7,1718,A/A,True,0.9
131,chr14,1831,A/T,True,0.9
132,chr21,166,T/A,True,0.9
133,chr9,1849,A/G,True,0.9
134,chr6,1810,G/G,True,0.9
135,chr3,462,G/C,True,0.9
136,chr4,1914,G/G,True,0.9
137,chr3,157,T/C,True,0.9
138,chr13,1781,A/A,True,0.9
139,chr2,1786,C/A,True,0.9
140,chr13,406,C/C,True,0.9
141,chr15,108,T/G,True,0.9
142,chr15,1064,G/T,True,0.9
143,chr13,1416,T/G,True,0.9
144,chr13,1620,G/C,True,0.9
145,chr9,1629,C/C,True,0.9
146,chr10,1404,C/G,True,0.9
147,chr4,52,T/A,True,0.9
148,chr7,658,C/G,True,0.9
149,chr8,1712,C/G,True,0.9
150,chr19,756,T/T,True,0.9
151,chr20,369,A/C,True,0.9
152,chr11,1716,T/T,True,0.9
153,chr1,1007,A/T,True,0.9
154,chr2,429,A/G,True,0.9
155,chr16,1685,A/G,True,0.9
156,chr14,1378,G/A,True,0.9
157,chr12,127,C/T,True,0.9
158,chr11,1605,G/T,True,0.9
159,chr5,644,C/G,True,0.9
160,chr7,630,A/C,True,0.9
161,chr2,1724,C/C,True,0.9
162,chr11,384,C/A,True,0.9
163,chr11,1335,T/G,True,0.9
164,chr18,480,C/G,True,0.9
165,chr6,683,C/G,True,0.9
166,chr3,1934,A/G,True,0.9
167,chr22,413,G/C,True,0.9
168,chr22,179,T/G,True,0.9
169,chr16,1605,A/C,True,0.9
170,chr15,1215,G/A,True,0.9
171,chr13,1407,T/G,True,0.9
172,chr15,800,A/A,True,0.9
173,chr14,92,G/C,True,0.9
174,chr2,104,C/C,True,0.9
175,chr9,721,A/C,True,0.9
176,chr11,798,G/G,True,0.9
177,chr4,1321,A/G,True,0.9
178,chrX,532,T/G,True,0.9
179,chr2,658,G/A,True,0.9
180,chr15,281,C/T,True,0.9
181,chr3,1553,T/T,True,0.9
182,chr16,1179,A/G,True,0.9
183,chr5,647,G/G,True,0.9
184,chr16,1879,A/G,True,0.9
185,chr13,663,A/A,True,0.9
186,chr21,839,T/C,True,0.9
187,chr20,1442,C/G,True,0.9
188,chr14,51,A/A,True,0.9
189,chr16,1503,T/G,True,0.9
190,chr19,293,G/G,True,0.9
191,chr16,1695,C/A,True,0.9
192,chr21,432,T/T,True,0.9
193,chr8,698,G/G,True,0.9
194,chr15,349,G/T,True,0.9
195,chr18,1703,T/A,True,0.9
196,chr5,1451,G/A,True,0.9
197,chr8,1546,A/T,True,0.9
198,chr4,825,A/A,True,0.9
199,chr18,762,G/A,True,0.9
200,chr3,601,A/G,True,0.9
201,chr15,1360,A/G,True,0.9
202,chr10,460,C/G,True,0.9
203,chr8,1725,T/T,True,0.9
204,chr9,778,T/C,True,0.9
205,chr7,37,C/G,True,0.9
206,chrY,1149,C/A,True,0.9
207,chr1,93,T/T,True,0.9
208,chr5,797,C/G,True,0.9
209,chr2,495,A/G,True,0.9
210,chr13,1056,T/C,True,0.9
211,chr6,115,C/C,True,0.9
212,chr8,1284,T/A,True,0.9
213,chr9,567,C/A,True,0.9
214,chrX,1409,T/T,True,0.9
215,chr7,1672,C/T,True,0.9
216,chr15,1435,C/T,True,0.9
217,chrX,368,C/C,True,0.9
218,chr4,1550,C/C,True,0.9
219,chr3,1785,G/T,True,0.9
220,chr13,1421,A/G,True,0.9
221,chr1,841,A/A,True,0.9
222,chr12,352,T/T,True,0.9
223,chr3,1924,G/T,True,0.9
224,chr13,1798,C/T,True,0.9
225,chr4,962,T/G,True,0.9
226,chr7,250,A/A,True,0.9
227,chr15,1673,C/G,True,0.9
228,chr22,1203,G/T,True,0.9
229,chr20,1919,C/G,True,0.9
230,chr18,1368,A/C,True,0.9
231,chr7,805,G/A,True,0.9
232,chrX,1493,T/A,True,0.9
233,chr1,1113,A/G,True,0.9
234,chr11,1763,G/G,True,0.9
235,chr1,395,A/C,True,0.9
236,chr22,1122,A/G,True,0.9
237,chr15,80,A/T,True,0.9
238,chr7,1864,T/A,True,0.9
239,chr2,371,T/C,True,0.9
240,chr18,1513,T/C,True,0.9
241,chrX,214,C/C,True,0.9
242,chr17,734,C/A,True,0.9
243,chr20,1836,T/T,True,0.9
244,chrX,1096,A/G,True,0.9
245,chr20,405,A/A,True,0.9
246,chr3,1508,A/G,True,0.9
247,chr9,1413,T/G,True,0.9
248,chr4,1868,T/A,True,0.9
249,chr5,68,A/A,True,0.9
250,chr6,1588,A/G,True,0.9
251,chr13,1523,G/A,True,0.9
252,chr22,978,A/A,True,0.9
253,chrY,465,A/A,True,0.9
254,chr9,1098,A/A,True,0.9
255,chr15,840,T/T,True,0.9
256,chr2,1644,C/A,True,0.9
257,chr7,964,G/T,True,0.9
258,chrY,276,T/C,True,0.9
259,chr8,1204,T/C,True,0.9
260,chr4,1444,G/C,True,0.9
261,chr7,1671,T/A,True,0.9
262,chr16,1543,A/G,True,0.9
263,chr8,1940,T/C,True,0.9
264,chr13,677,G/G,True,0.9
265,chr2,1665,A/A,True,0.9
266,chr22,1342,G/T,True,0.9
267,chr20,206,T/A,True,0.9
268,chr4,1022,C/T,True,0.9
269,chr9,1473,C/A,True,0.9
270,chrY,552,A/G,True,0.9
271,chr14,474,G/C,True,0.9
272,chrY,573,C/G,True,0.9
273,chr5,1229,G/C,True,0.9
274,chr18,51,C/T,True,0.9
275,chr21,1599,G/T,True,0.9
276,chrX,749,C/A,True,0.9
277,chr9,776,A/G,True,0.9
278,chr19,1148,C/G,True,0.9
279,chr9,1793,C/C,True,0.9
280,chr5,426,C/G,True,0.9
281,chr15,740,A/G,True,0.9
282,chr14,1582,C/G,True,0.9
283,chr10,1915,T/A,True,0.9
284,chr16,1593,G/A,True,0.9
285,chr8,1879,T/T,True,0.9
286,chr14,1715,T/G,True,0.9
287,chr8,1126,T/C,True,0.9
288,chr13,265,A/A,True,0.9
289,chr20,1194,A/C,True,0.9
290,chr14,1307,T/A,True,0.9
291,chr9,568,G/T,True,0.9
292,chr12,1669,T/A,True,0.9
293,chr4,902,T/G,True,0.9
294,chrX,337,C/C,True,0.9
295,chrY,784,T/A,True,0.9
296,chr5,94,G/T,True,0.9
297,chr13,130,A/G,True,0.9
298,chr9,329,A/A,True,0.9
299,chr16,1375,T/A,True,0.9
300,chr13,1449,A/A,True,0.9
301,chrX,1658,G/A,True,0.9
302,chr7,272,T/A,True,0.9
303,chr14,1035,A/A,True,0.9
304,chrX,395,T/G,True,0.9
305,chr22,1978,C/G,True,0.9
306,chr1,459,G/G,True,0.9
307,chr14,205,G/T,True,0.9
308,chr17,1704,A/C,True,0.9
309,chr14,1794,T/T,True,0.9
310,chr5,1322,A/C,True,0.9
311,chr10,1297,C/A,True,0.9
312,chr3,1172,C/G,True,0.9
313,chr7,159,C/T,True,0.9
314,chr14,1116,C/C,True,0.9
315,chr16,35,A/T,True,0.9
316,chr10,411,A/G,True,0.9
317,chr18,1669,G/A,True,0.9
318,chr1,1950,T/C,True,0.9
319,chr10,823,T/A,True,0.9
320,chr17,1001,G/A,True,0.9
321,chr4,1056,C/C,True,0.9
322,chr16,651,T/T,True,0.9
323,chr6,392,A/C,True,0.9
324,chr1,1435,T/T,True,0.9
325,chr20,729,G/T,True,0.9
326,chr4,658,C/A,True,0.9
327,chr2,201,G/A,True,0.9
328,chr7,1683,G/G,True,0.9
329,chr13,956,T/G,True,0.9
330,chr2,1806,A/G,True,0.9
331,chr9,1656,G/C,True,0.9
332,chr21,1697,G/T,True,0.9
333,chr11,494,G/T,True,0.9
334,chr1,262,C/A,True,0.9
335,chr20,1578,C/A,True,0.9
336,chr2,1155,C/T,True,0.9
337,chr16,880,A/G,True,0.9
338,chrY,973,G/A,True,0.9
339,chr2,1604,G/G,True,0.9
340,chrY,1812,A/A,True,0.9
341,chr10,782,G/T,True,0.9
342,chr2,1106,A/A,True,0.9
343,chr4,873,T/A,True,0.9
344,chrY,1052,A/T,True,0.9
345,chr5,708,T/C,True,0.9
346,chr14,844,T/C,True,0.9
347,chr19,1251,A/T,True,0.9
348,chr11,1308,G/C,True,0.9
349,chr20,628,C/T,True,0.9
350,chr11,947,A/T,True,0.9
351,chr21,751,C/G,True,0.9
352,chr14,300,A/T,True,0.9
353,chr22,1261,T/A,True,0.9
354,chr15,375,G/C,True,0.9
355,chrX,1701,C/C,True,0.9
356,chr18,181,T/A,True,0.9
357,chr11,525,T/A,True,0.9
358,chr14,497,G/T,True,0.9
359,chr20,29,C/T,True,0.9
360,chr2,540,G/T,True,0.9
361,chr7,1556,A/G,True,0.9
362,chr5,976,T/G,True,0.9
363,chr19,1607,A/T,True,0.9
364,chr9,662,T/C,True,0.9
365,chrX,173,A/T,True,0.9
366,chr17,1241,C/A,True,0.9
367,chr6,1896,A/T,True,0.9
368,chr4,298,A/T,True,0.9
369,chr13,1205,C/A,True,0.9
370,chr17,572,T/A,True,0.9
371,chr8,771,C/G,True,0.9
372,chr5,1579,T/C,True,0.9
373,chr11,1589,T/C,True,0.9
374,chr8,1159,G/A,True,0.9
375,chr4,1079,G/A,True,0.9
376,chr4,1059,A/G,True,0.9
377,chr2,1848,C/A,True,0.9
378,chr1,510,G/C,True,0.9
379,chr16,1053,G/A,True,0.9
380,chrY,1680,A/C,True,0.9
381,chr15,636,C/G,True,0.9
382,chr20,1731,A/G,True,0.9
383,chrY,198,G/G,True,0.9
384,chr9,49,C/C,True,0.9
385,chr16,663,T/T,True,0.9
386,chrY,424,T/T,True,0.9
387,chr10,1914,A/A,True,0.9
388,chr7,1327,T/T,True,0.9
389,chr7,1195,A/G,True,0.9
390,chr13,1365,C/C,True,0.9
391,chr20,761,C/G,True,0.9
392,chr15,362,G/T,True,0.9
393,chr11,1900,A/C,True,0.9
394,chr16,241,G/C,True,0.9
395,chr5,1988,G/C,True,0.9
396,chr14,1523,A/C,True,0.9
397,chr19,767,A/T,True,0.9
398,chr8,1478,G/C,True,0.9
399,chr17,1160,T/C,True,0.9
400,chr8,583,A/T,True,0.9
401,chr13,701,T/G,True,0.9
402,chr22,1298,G/G,True,0.9
403,chr9,428,A/T,True,0.9
404,chr3,689,G/G,True,0.9
405,chr4,704,C/C,True,0.9
406,chrY,1217,A/T,True,0.9
407,chrY,39,A/C,True,0.9
408,chr22,581,G/A,True,0.9
409,chr3,640,T/G,True,0.9
410,chr19,1249,A/T,True,0.9
411,chr18,1061,C/C,True,0.9
412,chr13,1019,C/A,True,0.9
413,chr18,1269,A/G,True,0.9
414,chr13,1113,C/C,True,0.9
415,chr8,1822,A/C,True,0.9
416,chr6,609,A/T,True,0.9
417,chr8,1106,T/A,True,0.9
418,chrX,234,G/A,True,0.9
419,chr1,857,C/T,True,0.9
420,chr17,1710,G/T,True,0.9
421,chr6,1876,C/C,True,0.9
422,chr7,1158,A/A,True,0.9
423,chr11,1415,A/C,True,0.9
424,chr3,917,A/A,True,0.9
425,chr8,754,A/G,True,0.9
426,chr1,954,T/G,True,0.9
427,chr4,314,A/A,True,0.9
428,chr7,479,C/T,True,0.9
429,chr2,1036,A/G,True,0.9
430,chr9,1828,T/C,True,0.9
431,chrY,1909,T/A,True,0.9
432,chr13,1253,T/A,True,0.9
433,chr9,957,G/G,True,0.9
434,chr8,1805,T/T,True,0.9
435,chr7,1110,T/G,True,0.9
436,chr13,334,G/C,True,0.9
437,chr4,1994,C/A,True,0.9
438,chr18,1776,G/T,True,0.9
439,chr13,1663,G/A,True,0.9
440,chr22,394,A/T,True,0.9
441,chr7,1062,C/G,True,0.9
442,chr10,1638,G/T,True,0.9
443,chr8,1649,T/C,True,0.9
444,chr3,70,C/G,True,0.9
445,chr14,1467,C/A,True,0.9
446,chr4,1527,C/A,True,0.9
447,chr9,965,G/G,True,0.9
448,chr15,1206,T/G,True,0.9
449,chr8,1244,A/A,True,0.9
450,chr8,1293,A/A,True,0.9
451,chr14,1088,G/C,True,0.9
452,chr12,720,A/C,True,0.9
453,chr17,1685,A/C,True,0.9
454,chr2,1074,C/T,True,0.9
455,chr1,1676,C/G,True,0.9
456,chr22,86,C/A,True,0.9
457,chr21,706,C/C,True,0.9
458,chr20,1064,T/C,True,0.9
459,chr18,1833,T/G,True,0.9
460,chr4,1437,A/C,True,0.9
461,chr1,1172,T/C,True,0.9
462,chr20,685,A/C,True,0.9
463,chr15,1804,A/A,True,0.9
464,chr7,1767,T/T,True,0.9
465,chr22,1815,A/C,True,0.9
466,chr4,1432,G/T,True,0.9
467,chr20,1422,C/G,True,0.9
468,chr7,1623,G/C,True,0.9
469,chr11,579,G/T,True,0.9
470,chr10,915,C/T,True,0.9
471,chr13,734,C/T,True,0.9
472,chr11,728,A/C,True,0.9
473,chr19,1472,G/C,True,0.9
474,chr9,1574,T/C,True,0.9
475,chr3,502,A/A,True,0.9
476,chr2,128,C/C,True,0.9
477,chr12,763,G/C,True,0.9
478,chr17,62,C/T,True,0.9
479,chr19,1992,C/G,True,0.9
480,chr3,567,G/G,True,0.9
481,chr14,341,T/G,True,0.9
482,chr5,893,C/T,True,0.9
483,chr6,1022,C/T,True,0.9
484,chr10,1080,G/C,True,0.9
485,chr8,1276,A/T,True,0.9
486,chr3,1099,A/T,True,0.9
487,chr18,627,C/T,True,0.9
488,chr1,818,A/G,True,0.9
489,chr8,815,T/G,True,0.9
490,chrX,364,C/C,True,0.9
